id,text,incident_types,severity,type_labels,severity_label,lang
1,"Gas leak malakas, may nahimatay!",['Other'],Red,[5],2,fil
2,"May accident at fire, red. Please respond.","['Accident', 'Fire']",Red,"[2, 0]",2,fil
3,"Baha na, tumataas ang tubig.",['Natural Disaster'],Yellow,[4],1,fil
4,"May binaril, malubha!",['Crime'],Red,[1],2,fil
5,"Crime and Other reported, yellow. ASAP.","['Crime', 'Other']",Yellow,"[1, 5]",1,fil
6,"Child missing, may suspect!",['Other'],Red,[5],2,fil
7,"Urgent! Crime and Accident reported, yellow. Please respond.","['Crime', 'Accident']",Yellow,"[1, 2]",1,tl
8,"Fire sa apartment, people trapped inside!",['Fire'],Red,[0],2,tl
9,"Urgent! May other at crime, red. ASAP.","['Other', 'Crime']",Red,"[5, 1]",2,fil
10,"Pinatay ang biktima, deceased na.",['Crime'],Black,[1],3,fil
11,"Car accident, no injuries reported.",['Accident'],Green,[2],0,tl
12,"Fatal crash, driver deceased.",['Accident'],Black,[2],3,tl
13,"Hit and run, victim needs treatment.",['Accident'],Yellow,[2],1,tl
14,"Stampede sa concert, maraming nasaktan!",['Other'],Red,[5],2,fil
15,"Flash flood, maraming hindi makalabas!",['Natural Disaster'],Red,[4],2,fil
16,"Building burning, may tao pa sa loob.",['Fire'],Yellow,[0],1,fil
17,"Tulong! Motor naaksidente, nasugatan ang driver. Bilisan po.",['Accident'],Yellow,[2],1,fil
18,"May namatay sa aksidente, wala nang pulso. Padala agad.",['Accident'],Black,[2],3,fil
19,"Help! Accident plus Fire, red. ASAP.","['Accident', 'Fire']",Red,"[2, 0]",2,tl
20,"Motor crash, severe bleeding ang rider!",['Accident'],Red,[2],2,fil
21,"May namatay sa baha, nakita ang bangkay.",['Natural Disaster'],Black,[4],3,fil
22,"Sunog sa basurahan lang, konti na lang.",['Fire'],Green,[0],0,fil
23,"Help! House fire, need help! Please respond.",['Fire'],Yellow,[0],1,tl
24,"Holdap may baril, may nasaktan!",['Crime'],Red,[1],2,fil
25,"Fire victim, no pulse na po.",['Fire'],Black,[0],3,fil
26,"Missing person, hinahanap pa.",['Other'],Yellow,[5],1,fil
27,"Urgent! Truck accident, people trapped!",['Accident'],Red,[2],2,tl
28,"Robbery, may baril ang suspect.",['Crime'],Yellow,[1],1,fil
29,"Riot sa rally, may nasugatan.",['Other'],Yellow,[5],1,fil
30,"Sir Walang pulso, deceased na. pls.",['Medical'],Black,[3],3,fil
31,"Riot, may baril!",['Other'],Red,[5],2,tl
32,"Structure fire, may bata na naiwan!",['Fire'],Red,[0],2,fil
33,Nakita ang bangkay sa ilog.,['Other'],Black,[5],3,fil
34,"Kitchen fire, napatay na namin.",['Fire'],Green,[0],0,tl
35,"Storm damage sa bubong, minor lang.",['Natural Disaster'],Green,[4],0,fil
36,"May nahimatay pero nagising na, ok na.",['Medical'],Green,[3],0,fil
37,"Ma'am Brownout, walang kuryente.",['Other'],Green,[5],0,fil
38,"Suspicious package, nag-evacuate na.",['Other'],Yellow,[5],1,tl
39,"Urgent! Medical and Crime reported, black.","['Medical', 'Crime']",Black,"[3, 1]",3,tl
40,Lost child found na po.,['Other'],Green,[5],0,fil
41,"Car crash, may injured.",['Accident'],Yellow,[2],1,tl
42,"Help! Mild allergic reaction, stable na.",['Medical'],Green,[3],0,tl
43,"Malakas na sunog, hindi makahinga ang mga tao!",['Fire'],Red,[0],2,fil
44,"Heart attack, unconscious!",['Medical'],Red,[3],2,tl
45,"Landslide victim, deceased na.",['Natural Disaster'],Black,[4],3,tl
46,"Boss May stroke victim, kailangan agad ng hospital. pls.",['Medical'],Yellow,[3],1,fil
47,"Help! Other plus Medical, green.","['Other', 'Medical']",Green,"[5, 3]",0,tl
48,"Bangga ng kotse sa parking, walang sugat.",['Accident'],Green,[2],0,fil
49,"Heart attack, stable pa pero urgent.",['Medical'],Yellow,[3],1,tl
50,"May bata nawawala, nakita na.",['Other'],Green,[5],0,fil
51,"No signs of life, patay na po.",['Medical'],Black,[3],3,fil
52,"Sir Hindi humihinga ang tao, CPR needed! pls.",['Medical'],Red,[3],2,fil
53,"Holdap sa jeep, may nasaksak.",['Crime'],Yellow,[1],1,fil
54,Missing person found deceased.,['Other'],Black,[5],3,tl
55,"Help! Accident plus Crime, red. Please respond.","['Accident', 'Crime']",Red,"[2, 1]",2,tl
56,"May sunog sa bahay, kailangan ng fire truck!",['Fire'],Yellow,[0],1,fil
57,"Fatal stabbing, victim pronounced dead.",['Crime'],Black,[1],3,tl
58,"Small fire sa labas, na-control na.",['Fire'],Green,[0],0,fil
59,"Urgent! Storm surge, kailangan ng rescue. Please respond.",['Natural Disaster'],Yellow,[4],1,fil
60,"Urgent! May fire at accident, yellow.","['Fire', 'Accident']",Yellow,"[0, 2]",1,tl
61,"Gas leak reported, minor lang.",['Other'],Green,[5],0,fil
62,"May nahihirapang huminga, asthmatic.",['Medical'],Yellow,[3],1,fil
63,"May bugbog, nasugatan ang biktima.",['Crime'],Yellow,[1],1,fil
64,"Nasusunog yung tindahan, may nasugatan.",['Fire'],Yellow,[0],1,fil
65,"Drowning victim, no pulse.",['Natural Disaster'],Black,[4],3,tl
66,"May sunog sa bahay, may tao na trap sa loob!",['Fire'],Red,[0],2,fil
67,May baha pero mababa pa.,['Natural Disaster'],Green,[4],0,tl
68,"Tulong! Hostage situation, may kutsilyo! Padala agad.",['Crime'],Red,[1],2,fil
69,"Fire and Crime reported, black. Please respond.","['Fire', 'Crime']",Black,"[0, 1]",3,tl
70,"Jeep tumama sa poste, may pasahero na nasaktan.",['Accident'],Yellow,[2],1,fil
71,"Minor collision sa kalsada, gasgas lang.",['Accident'],Green,[2],0,fil
72,Malakas ang ulan pero ok pa naman.,['Natural Disaster'],Green,[4],0,fil
73,"Nasagasaan, patay na po.",['Accident'],Black,[2],3,fil
74,"Flooding, need evacuation.",['Natural Disaster'],Yellow,[4],1,tl
75,"Elderly collapsed, needs treatment soon.",['Medical'],Yellow,[3],1,tl
76,"Sunog sa bodega, malakas na ang apoy.",['Fire'],Yellow,[0],1,fil
77,"Urgent! Natural Disaster plus Medical, black. Please respond.","['Natural Disaster', 'Medical']",Black,"[4, 3]",3,fil
78,"Emergency! May usok sa kusina pero walang apoy pa, safe naman. Padala agad.",['Fire'],Green,[0],0,fil
79,"Urgent! Natural Disaster plus Accident, red. Please respond.","['Natural Disaster', 'Accident']",Red,"[4, 2]",2,fil
80,"Nakawan sa sari-sari store, minor lang.",['Crime'],Green,[1],0,fil
81,"Malubhang banggaan, may hindi humihinga!",['Accident'],Red,[2],2,fil
82,"Severe bleeding, malakas ang dugo!",['Medical'],Red,[3],2,fil
83,"Truck nasagasaan ang tao, kailangan ng ambulance.",['Accident'],Yellow,[2],1,fil
84,"Petty theft reported, suspect fled.",['Crime'],Green,[1],0,tl
85,"CPR failed, pronounced dead.",['Medical'],Black,[3],3,tl
86,"Diabetic, low sugar lang, na-revive na.",['Medical'],Green,[3],0,fil
87,"May sumakit ang ulo, minor lang.",['Medical'],Green,[3],0,fil
88,"Assault, kailangan ng ambulance.",['Crime'],Yellow,[1],1,fil
89,"May patay sa sunog, hindi na humihinga.",['Fire'],Black,[0],3,fil
90,"Earthquake, building collapse, people trapped!",['Natural Disaster'],Red,[4],2,tl
91,"Help! Natural Disaster plus Accident, yellow. Please respond.","['Natural Disaster', 'Accident']",Yellow,"[4, 2]",1,fil
92,"Help! Other and Fire reported, green.","['Other', 'Fire']",Green,"[5, 0]",0,tl
93,"Baha mataas na, may tao na trap sa bubong!",['Natural Disaster'],Red,[4],2,fil
94,"Help! Accident plus Other, yellow. Please respond.","['Accident', 'Other']",Yellow,"[2, 5]",1,tl
95,"Seizure, kailangan ng ambulance.",['Medical'],Yellow,[3],1,fil
96,"Medical and Crime reported, red. Please respond.","['Medical', 'Crime']",Red,"[3, 1]",2,tl
97,"Urgent! Stabbing, critical condition! ASAP.",['Crime'],Red,[1],2,fil
98,"May nanganak na, critical!",['Medical'],Red,[3],2,fil
99,"May nag-attempt ng break-in, na-scare off na. ASAP.",['Crime'],Green,[1],0,fil
100,"Tulong! Landslide, may na-bury na tao! pls.",['Natural Disaster'],Red,[4],2,fil
101,"Urgent! Medical plus Natural Disaster, yellow.","['Medical', 'Natural Disaster']",Yellow,"[3, 4]",1,fil
102,"Motor nadulas pero ok lang, minor lang.",['Accident'],Green,[2],0,fil
103,"May nagnakaw ng cellphone, nakita na namin ang suspect.",['Crime'],Green,[1],0,fil
104,"Crime and Medical reported, black. Please respond.","['Crime', 'Medical']",Black,"[1, 3]",3,tl
105,"Nasunog ang bahay, may namatay na.",['Fire'],Black,[0],3,fil
106,"Shooting incident, severe bleeding!",['Crime'],Red,[1],2,tl
107,"Overdose, not breathing!",['Medical'],Red,[3],2,tl
108,"Rollover, critical ang pasahero!",['Accident'],Red,[2],2,fil
109,"May bata nawawala pa, kailangan ng tulong.",['Other'],Yellow,[5],1,fil
110,"Urgent! May accident at medical, red. ASAP.","['Accident', 'Medical']",Red,"[2, 3]",2,fil
111,"Sir Lindol kanina, may mga nasugatan sa landslide. Padala agad.",['Natural Disaster'],Yellow,[4],1,fil
112,"Help! May natural disaster at crime, black. Please respond.","['Natural Disaster', 'Crime']",Black,"[4, 1]",3,fil
113,May smoke sa bahay pero minor lang po.,['Fire'],Green,[0],0,fil
114,"May hostage sa tindahan, stable pa naman.",['Crime'],Yellow,[1],1,fil
115,"Help! Crime and Medical reported, green.","['Crime', 'Medical']",Green,"[1, 3]",0,tl
116,"May patay sa shooting, wala nang pulso.",['Crime'],Black,[1],3,fil
117,"Bagyo wasak ang bubong, may injured.",['Natural Disaster'],Yellow,[4],1,fil
118,"Boss Sunog sa factory, maraming workers pa sa loob! pls.",['Fire'],Red,[0],2,fil
119,"Ma'am Baha na, tumataas ang tubig. pls.",['Natural Disaster'],Yellow,[4],1,fil
120,"Urgent! Fire and Crime reported, green.","['Fire', 'Crime']",Green,"[0, 1]",0,tl
121,"Urgent! May medical at fire, green.","['Medical', 'Fire']",Green,"[3, 0]",0,tl
122,"Help! May crime at accident, yellow.","['Crime', 'Accident']",Yellow,"[1, 2]",1,tl
123,"Ma'am Pinatay ang biktima, deceased na. Bilisan po.",['Crime'],Black,[1],3,fil
124,"Urgent! Fatal crash, driver deceased.",['Accident'],Black,[2],3,tl
125,"Other plus Accident, yellow. Please respond.","['Other', 'Accident']",Yellow,"[5, 2]",1,tl
126,"Motor naaksidente, nasugatan ang driver.",['Accident'],Yellow,[2],1,fil
127,"Urgent! May other at accident, green. Please respond.","['Other', 'Accident']",Green,"[5, 2]",0,fil
128,"May namatay sa aksidente, wala nang pulso.",['Accident'],Black,[2],3,fil
129,"Urgent! Accident plus Fire, red.","['Accident', 'Fire']",Red,"[2, 0]",2,tl
130,"Emergency! Motor crash, severe bleeding ang rider! pls.",['Accident'],Red,[2],2,fil
131,"Urgent! House fire, need help!",['Fire'],Yellow,[0],1,tl
132,"Urgent! May crime at natural disaster, red.","['Crime', 'Natural Disaster']",Red,"[1, 4]",2,fil
133,"Truck accident, people trapped!",['Accident'],Red,[2],2,tl
134,"Ma'am Riot sa rally, may nasugatan.",['Other'],Yellow,[5],1,fil
135,"Help! Accident and Fire reported, yellow. Please respond.","['Accident', 'Fire']",Yellow,"[2, 0]",1,tl
136,"Walang pulso, deceased na.",['Medical'],Black,[3],3,fil
137,"Urgent! Structure fire, may bata na naiwan!",['Fire'],Red,[0],2,fil
138,"Crime plus Other, green. Please respond.","['Crime', 'Other']",Green,"[1, 5]",0,tl
139,"Brownout, walang kuryente.",['Other'],Green,[5],0,fil
140,"Emergency! Suspicious package, nag-evacuate na. Bilisan po.",['Other'],Yellow,[5],1,fil
141,"Medical and Crime reported, black. ASAP.","['Medical', 'Crime']",Black,"[3, 1]",3,fil
142,"Mild allergic reaction, stable na.",['Medical'],Green,[3],0,tl
143,"May stroke victim, kailangan agad ng hospital.",['Medical'],Yellow,[3],1,fil
144,"Sir Hindi humihinga ang tao, CPR needed!",['Medical'],Red,[3],2,fil
145,"Boss Holdap sa jeep, may nasaksak. pls.",['Crime'],Yellow,[1],1,fil
146,Help! Missing person found deceased.,['Other'],Black,[5],3,tl
147,"Medical plus Fire, red. ASAP.","['Medical', 'Fire']",Red,"[3, 0]",2,tl
148,"Storm surge, kailangan ng rescue.",['Natural Disaster'],Yellow,[4],1,fil
149,"May nahihirapang huminga, asthmatic. Bilisan po.",['Medical'],Yellow,[3],1,fil
150,May baha pero mababa pa. pls.,['Natural Disaster'],Green,[4],0,tl
151,"Help! Crime and Medical reported, red.","['Crime', 'Medical']",Red,"[1, 3]",2,tl
152,"Hostage situation, may kutsilyo!",['Crime'],Red,[1],2,tl
153,"Urgent! May other at fire, black. ASAP.","['Other', 'Fire']",Black,"[5, 0]",3,fil
154,"Help! Medical and Accident reported, red. ASAP.","['Medical', 'Accident']",Red,"[3, 2]",2,fil
155,"Help! May crime at other, red. ASAP.","['Crime', 'Other']",Red,"[1, 5]",2,fil
156,"May usok sa kusina pero walang apoy pa, safe naman.",['Fire'],Green,[0],0,fil
157,"Urgent! Crime and Fire reported, yellow.","['Crime', 'Fire']",Yellow,"[1, 0]",1,tl
158,"Sir Malubhang banggaan, may hindi humihinga! Bilisan po.",['Accident'],Red,[2],2,fil
159,"Severe bleeding, malakas ang dugo! Bilisan po.",['Medical'],Red,[3],2,fil
160,"Urgent! Accident and Fire reported, green.","['Accident', 'Fire']",Green,"[2, 0]",0,tl
161,"Urgent! May other at natural disaster, black. Please respond.","['Other', 'Natural Disaster']",Black,"[5, 4]",3,fil
162,"Medical and Fire reported, yellow. Please respond.","['Medical', 'Fire']",Yellow,"[3, 0]",1,tl
163,"Stabbing, critical condition!",['Crime'],Red,[1],2,tl
164,"May nag-attempt ng break-in, na-scare off na.",['Crime'],Green,[1],0,fil
165,"Sir Landslide, may na-bury na tao! Padala agad.",['Natural Disaster'],Red,[4],2,fil
166,"Help! May accident at fire, black. ASAP.","['Accident', 'Fire']",Black,"[2, 0]",3,fil
167,"Help! Crime and Medical reported, black.","['Crime', 'Medical']",Black,"[1, 3]",3,tl
168,"Urgent! Medical plus Crime, yellow. ASAP.","['Medical', 'Crime']",Yellow,"[3, 1]",1,tl
169,"May other at accident, red. ASAP.","['Other', 'Accident']",Red,"[5, 2]",2,fil
170,"Help! Overdose, not breathing! Please respond.",['Medical'],Red,[3],2,fil
171,"Urgent! May medical at crime, red. Please respond.","['Medical', 'Crime']",Red,"[3, 1]",2,fil
172,"Lindol kanina, may mga nasugatan sa landslide.",['Natural Disaster'],Yellow,[4],1,fil
173,"Urgent! May natural disaster at crime, black.","['Natural Disaster', 'Crime']",Black,"[4, 1]",3,fil
174,"Urgent! May hostage sa tindahan, stable pa naman.",['Crime'],Yellow,[1],1,fil
175,"Urgent! May fire at natural disaster, yellow. Please respond.","['Fire', 'Natural Disaster']",Yellow,"[0, 4]",1,fil
176,"Bagyo wasak ang bubong, may injured. Padala agad.",['Natural Disaster'],Yellow,[4],1,fil
177,"Sunog sa factory, maraming workers pa sa loob!",['Fire'],Red,[0],2,fil
178,"Urgent! May accident at fire, red. Please respond.","['Accident', 'Fire']",Red,"[2, 0]",2,fil
179,"Help! Crime and Other reported, yellow. ASAP.","['Crime', 'Other']",Yellow,"[1, 5]",1,fil
180,"Urgent! May accident at fire, yellow.","['Accident', 'Fire']",Yellow,"[2, 0]",1,tl
181,"Help! Fire and Accident reported, red. Please respond.","['Fire', 'Accident']",Red,"[0, 2]",2,tl
182,"Help! Fire sa apartment, people trapped inside! Please respond.",['Fire'],Red,[0],2,fil
183,"May crime at natural disaster, black. Please respond.","['Crime', 'Natural Disaster']",Black,"[1, 4]",3,fil
184,"Crime and Fire reported, red. ASAP.","['Crime', 'Fire']",Red,"[1, 0]",2,fil
185,"Urgent! Accident plus Fire, red. Please respond.","['Accident', 'Fire']",Red,"[2, 0]",2,tl
186,"Urgent! Crime and Natural Disaster reported, green. ASAP.","['Crime', 'Natural Disaster']",Green,"[1, 4]",0,fil
187,"Boss May namatay sa baha, nakita ang bangkay. pls.",['Natural Disaster'],Black,[4],3,fil
188,"House fire, need help!",['Fire'],Yellow,[0],1,tl
189,"Boss Holdap may baril, may nasaktan!",['Crime'],Red,[1],2,fil
190,"Medical and Crime reported, green. ASAP.","['Medical', 'Crime']",Green,"[3, 1]",0,fil
191,"Help! May accident at crime, red. Please respond.","['Accident', 'Crime']",Red,"[2, 1]",2,fil
192,"Storm damage sa bubong, minor lang. Please respond.",['Natural Disaster'],Green,[4],0,fil
193,"Help! Car crash, may injured. ASAP.",['Accident'],Yellow,[2],1,fil
194,"May accident at other, green. ASAP.","['Accident', 'Other']",Green,"[2, 5]",0,fil
195,"Bangga ng kotse sa parking, walang sugat. Bilisan po.",['Accident'],Green,[2],0,fil
196,"Emergency! No signs of life, patay na po. Bilisan po.",['Medical'],Black,[3],3,fil
197,"Hindi humihinga ang tao, CPR needed!",['Medical'],Red,[3],2,fil
198,"Help! Fatal stabbing, victim pronounced dead. Please respond.",['Crime'],Black,[1],3,fil
199,"Urgent! Other and Medical reported, green.","['Other', 'Medical']",Green,"[5, 3]",0,tl
200,"Ma'am May nahihirapang huminga, asthmatic. Bilisan po.",['Medical'],Yellow,[3],1,fil
201,"Ma'am Nasusunog yung tindahan, may nasugatan. Padala agad.",['Fire'],Yellow,[0],1,fil
202,"Fire plus Other, green. Please respond.","['Fire', 'Other']",Green,"[0, 5]",0,tl
203,"Boss Hostage situation, may kutsilyo! Padala agad.",['Crime'],Red,[1],2,tl
204,"Natural Disaster and Fire reported, yellow. Please respond.","['Natural Disaster', 'Fire']",Yellow,"[4, 0]",1,fil
205,"Help! Fire and Accident reported, yellow. Please respond.","['Fire', 'Accident']",Yellow,"[0, 2]",1,tl
206,"Minor collision sa kalsada, gasgas lang. pls.",['Accident'],Green,[2],0,fil
207,"Help! May crime at fire, yellow. Please respond.","['Crime', 'Fire']",Yellow,"[1, 0]",1,fil
208,"Urgent! Natural Disaster plus Accident, red.","['Natural Disaster', 'Accident']",Red,"[4, 2]",2,fil
209,"Urgent! Accident and Fire reported, green. ASAP.","['Accident', 'Fire']",Green,"[2, 0]",0,fil
210,"Help! Natural Disaster plus Accident, black. ASAP.","['Natural Disaster', 'Accident']",Black,"[4, 2]",3,fil
211,"Sir Baha mataas na, may tao na trap sa bubong!",['Natural Disaster'],Red,[4],2,fil
212,"Urgent! Accident plus Crime, green.","['Accident', 'Crime']",Green,"[2, 1]",0,tl
213,"Landslide, may na-bury na tao!",['Natural Disaster'],Red,[4],2,fil
214,"May natural disaster at crime, yellow. ASAP.","['Natural Disaster', 'Crime']",Yellow,"[4, 1]",1,fil
215,"Medical plus Natural Disaster, yellow. ASAP.","['Medical', 'Natural Disaster']",Yellow,"[3, 4]",1,fil
216,"Help! Accident plus Fire, green. ASAP.","['Accident', 'Fire']",Green,"[2, 0]",0,tl
217,"Ma'am Nasunog ang bahay, may namatay na.",['Fire'],Black,[0],3,fil
218,"Help! Shooting incident, severe bleeding!",['Crime'],Red,[1],2,tl
219,"Urgent! Fire and Natural Disaster reported, black.","['Fire', 'Natural Disaster']",Black,"[0, 4]",3,fil
220,"Urgent! Medical and Natural Disaster reported, yellow.","['Medical', 'Natural Disaster']",Yellow,"[3, 4]",1,fil
221,"Sir Gas leak malakas, may nahimatay! Bilisan po.",['Other'],Red,[5],2,fil
222,"Urgent! Crime plus Accident, black. ASAP.","['Crime', 'Accident']",Black,"[1, 2]",3,tl
223,"Help! Medical plus Other, green. ASAP.","['Medical', 'Other']",Green,"[3, 5]",0,tl
224,"Urgent! Natural Disaster and Fire reported, green.","['Natural Disaster', 'Fire']",Green,"[4, 0]",0,fil
225,"Urgent! Crime plus Other, black. ASAP.","['Crime', 'Other']",Black,"[1, 5]",3,tl
226,"Emergency! Walang pulso, deceased na. Padala agad.",['Medical'],Black,[3],3,fil
227,"Urgent! Accident plus Crime, black. ASAP.","['Accident', 'Crime']",Black,"[2, 1]",3,tl
228,"Help! Accident plus Natural Disaster, green.","['Accident', 'Natural Disaster']",Green,"[2, 4]",0,fil
229,"Emergency! Suspicious package, nag-evacuate na. Padala agad.",['Other'],Yellow,[5],1,tl
230,"Urgent! Other and Accident reported, black. ASAP.","['Other', 'Accident']",Black,"[5, 2]",3,fil
231,"Ma'am May stroke victim, kailangan agad ng hospital.",['Medical'],Yellow,[3],1,fil
232,"Boss Hindi humihinga ang tao, CPR needed! pls.",['Medical'],Red,[3],2,fil
233,"Accident plus Crime, red. ASAP.","['Accident', 'Crime']",Red,"[2, 1]",2,tl
234,"Fatal stabbing, victim pronounced dead. Please respond.",['Crime'],Black,[1],3,fil
235,"Help! Fire and Medical reported, green. ASAP.","['Fire', 'Medical']",Green,"[0, 3]",0,fil
236,"May nahihirapang huminga, asthmatic. pls.",['Medical'],Yellow,[3],1,fil
237,"Tulong! Nasusunog yung tindahan, may nasugatan.",['Fire'],Yellow,[0],1,fil
238,"Urgent! Other plus Fire, red. ASAP.","['Other', 'Fire']",Red,"[5, 0]",2,tl
239,"Help! May crime at other, green. ASAP.","['Crime', 'Other']",Green,"[1, 5]",0,fil
240,"Urgent! May crime at fire, black.","['Crime', 'Fire']",Black,"[1, 0]",3,tl
241,"May crime at accident, black. Please respond.","['Crime', 'Accident']",Black,"[1, 2]",3,fil
242,"May fire at medical, red. ASAP.","['Fire', 'Medical']",Red,"[0, 3]",2,fil
243,"Help! Natural Disaster and Other reported, yellow.","['Natural Disaster', 'Other']",Yellow,"[4, 5]",1,fil
244,"Crime and Other reported, green. ASAP.","['Crime', 'Other']",Green,"[1, 5]",0,fil
245,"Sir Sunog sa bodega, malakas na ang apoy. pls.",['Fire'],Yellow,[0],1,fil
246,"Boss May usok sa kusina pero walang apoy pa, safe naman. Padala agad.",['Fire'],Green,[0],0,fil
247,"Tulong! Nakawan sa sari-sari store, minor lang.",['Crime'],Green,[1],0,fil
248,"Urgent! Crime and Fire reported, yellow. Please respond.","['Crime', 'Fire']",Yellow,"[1, 0]",1,tl
249,"Other and Fire reported, green. ASAP.","['Other', 'Fire']",Green,"[5, 0]",0,fil
250,"Help! Other plus Fire, green. ASAP.","['Other', 'Fire']",Green,"[5, 0]",0,tl
251,"Help! May accident at natural disaster, red.","['Accident', 'Natural Disaster']",Red,"[2, 4]",2,fil
252,"May medical at fire, yellow. ASAP.","['Medical', 'Fire']",Yellow,"[3, 0]",1,fil
253,"May natural disaster at crime, yellow. Please respond.","['Natural Disaster', 'Crime']",Yellow,"[4, 1]",1,fil
254,"Urgent! May natural disaster at accident, green. Please respond.","['Natural Disaster', 'Accident']",Green,"[4, 2]",0,fil
255,"Urgent! Crime and Medical reported, black. Please respond.","['Crime', 'Medical']",Black,"[1, 3]",3,tl
256,"Urgent! May natural disaster at fire, yellow. Please respond.","['Natural Disaster', 'Fire']",Yellow,"[4, 0]",1,fil
257,"Help! May accident at fire, red. ASAP.","['Accident', 'Fire']",Red,"[2, 0]",2,fil
258,"Other and Medical reported, yellow. Please respond.","['Other', 'Medical']",Yellow,"[5, 3]",1,tl
259,"Urgent! May fire at other, green.","['Fire', 'Other']",Green,"[0, 5]",0,tl
260,"Help! Crime plus Accident, black. Please respond.","['Crime', 'Accident']",Black,"[1, 2]",3,tl
261,"Crime plus Medical, green. Please respond.","['Crime', 'Medical']",Green,"[1, 3]",0,tl
262,"Help! Fire and Other reported, black.","['Fire', 'Other']",Black,"[0, 5]",3,tl
263,"Urgent! Other plus Accident, green.","['Other', 'Accident']",Green,"[5, 2]",0,tl
264,"Urgent! Crime and Natural Disaster reported, green. Please respond.","['Crime', 'Natural Disaster']",Green,"[1, 4]",0,fil
265,"Urgent! Medical and Crime reported, green. Please respond.","['Medical', 'Crime']",Green,"[3, 1]",0,tl
266,"Fire victim, no pulse na po. ASAP.",['Fire'],Black,[0],3,fil
267,"Truck accident, people trapped! Please respond.",['Accident'],Red,[2],2,tl
268,"Crime plus Other, black. ASAP.","['Crime', 'Other']",Black,"[1, 5]",3,tl
269,"Accident plus Crime, black. ASAP.","['Accident', 'Crime']",Black,"[2, 1]",3,tl
270,"Help! Natural Disaster plus Medical, green.","['Natural Disaster', 'Medical']",Green,"[4, 3]",0,fil
271,"Emergency! Suspicious package, nag-evacuate na. pls.",['Other'],Yellow,[5],1,tl
272,"Sir May stroke victim, kailangan agad ng hospital.",['Medical'],Yellow,[3],1,fil
273,"Sir Bangga ng kotse sa parking, walang sugat.",['Accident'],Green,[2],0,fil
274,"Urgent! May fire at accident, yellow. Please respond.","['Fire', 'Accident']",Yellow,"[0, 2]",1,fil
275,"Help! Accident and Crime reported, black.","['Accident', 'Crime']",Black,"[2, 1]",3,tl
276,May baha pero mababa pa. Padala agad.,['Natural Disaster'],Green,[4],0,tl
277,"Urgent! Other plus Medical, black. Please respond.","['Other', 'Medical']",Black,"[5, 3]",3,tl
278,"Medical and Other reported, green. ASAP.","['Medical', 'Other']",Green,"[3, 5]",0,fil
279,"Help! May fire at medical, red. ASAP.","['Fire', 'Medical']",Red,"[0, 3]",2,fil
280,"Help! May crime at fire, yellow. ASAP.","['Crime', 'Fire']",Yellow,"[1, 0]",1,fil
281,"Tulong! Sunog sa bodega, malakas na ang apoy. Bilisan po.",['Fire'],Yellow,[0],1,fil
282,"Help! May natural disaster at other, red. ASAP.","['Natural Disaster', 'Other']",Red,"[4, 5]",2,fil
283,"Urgent! Crime and Fire reported, yellow. ASAP.","['Crime', 'Fire']",Yellow,"[1, 0]",1,fil
284,"Boss May sumakit ang ulo, minor lang. pls.",['Medical'],Green,[3],0,fil
285,"Help! May medical at crime, black. ASAP.","['Medical', 'Crime']",Black,"[3, 1]",3,fil
286,"Urgent! May medical at fire, yellow.","['Medical', 'Fire']",Yellow,"[3, 0]",1,tl
287,"Fire and Natural Disaster reported, black. ASAP.","['Fire', 'Natural Disaster']",Black,"[0, 4]",3,fil
288,"Boss Bagyo wasak ang bubong, may injured. Padala agad.",['Natural Disaster'],Yellow,[4],1,fil
289,"Help! Other plus Accident, black.","['Other', 'Accident']",Black,"[5, 2]",3,tl
290,"Crime plus Fire, black. Please respond.","['Crime', 'Fire']",Black,"[1, 0]",3,tl
291,"Tulong! May binaril, malubha! pls.",['Crime'],Red,[1],2,fil
292,"Help! May medical at fire, green. ASAP.","['Medical', 'Fire']",Green,"[3, 0]",0,fil
293,"May natural disaster at other, green. Please respond.","['Natural Disaster', 'Other']",Green,"[4, 5]",0,fil
294,"Urgent! Hit and run, victim needs treatment.",['Accident'],Yellow,[2],1,tl
295,"Emergency! Stampede sa concert, maraming nasaktan! Bilisan po.",['Other'],Red,[5],2,fil
296,"Crime plus Fire, red. ASAP.","['Crime', 'Fire']",Red,"[1, 0]",2,tl
297,"Help! Fire and Other reported, black. Please respond.","['Fire', 'Other']",Black,"[0, 5]",3,tl
298,"Help! House fire, need help! ASAP.",['Fire'],Yellow,[0],1,tl
299,"Urgent! Natural Disaster and Fire reported, green. ASAP.","['Natural Disaster', 'Fire']",Green,"[4, 0]",0,fil
300,"Help! Missing person, hinahanap pa. ASAP.",['Other'],Yellow,[5],1,fil
301,"Urgent! Truck accident, people trapped! Please respond.",['Accident'],Red,[2],2,tl
302,"May accident at crime, red. Please respond.","['Accident', 'Crime']",Red,"[2, 1]",2,fil
303,"Sir Riot sa rally, may nasugatan.",['Other'],Yellow,[5],1,fil
304,Boss Nakita ang bangkay sa ilog.,['Other'],Black,[5],3,fil
305,"Urgent! Storm damage sa bubong, minor lang.",['Natural Disaster'],Green,[4],0,fil
306,"Help! May accident at other, yellow. Please respond.","['Accident', 'Other']",Yellow,"[2, 5]",1,fil
307,"Urgent! Car crash, may injured.",['Accident'],Yellow,[2],1,tl
308,"Help! May crime at natural disaster, green. ASAP.","['Crime', 'Natural Disaster']",Green,"[1, 4]",0,fil
309,"Other and Natural Disaster reported, red. ASAP.","['Other', 'Natural Disaster']",Red,"[5, 4]",2,fil
310,"Heart attack, stable pa pero urgent. Bilisan po.",['Medical'],Yellow,[3],1,fil
311,"Help! Accident plus Other, red. Please respond.","['Accident', 'Other']",Red,"[2, 5]",2,tl
312,"Nasusunog yung tindahan, may nasugatan. pls.",['Fire'],Yellow,[0],1,fil
313,"Urgent! Medical plus Natural Disaster, black. Please respond.","['Medical', 'Natural Disaster']",Black,"[3, 4]",3,fil
314,"Help! Crime and Medical reported, red. Please respond.","['Crime', 'Medical']",Red,"[1, 3]",2,tl
315,"Urgent! May crime at other, green. Please respond.","['Crime', 'Other']",Green,"[1, 5]",0,fil
316,"Ma'am Minor collision sa kalsada, gasgas lang. pls.",['Accident'],Green,[2],0,fil
317,"Urgent! May fire at medical, red.","['Fire', 'Medical']",Red,"[0, 3]",2,tl
318,"Help! Natural Disaster plus Accident, red.","['Natural Disaster', 'Accident']",Red,"[4, 2]",2,fil
319,"Emergency! Malubhang banggaan, may hindi humihinga!",['Accident'],Red,[2],2,fil
320,"Boss May patay sa sunog, hindi na humihinga. pls.",['Fire'],Black,[0],3,fil
321,"Urgent! May fire at other, yellow.","['Fire', 'Other']",Yellow,"[0, 5]",1,tl
322,"Urgent! Other and Crime reported, yellow. Please respond.","['Other', 'Crime']",Yellow,"[5, 1]",1,tl
323,"Help! Other plus Fire, green.","['Other', 'Fire']",Green,"[5, 0]",0,tl
324,"May other at accident, yellow. ASAP.","['Other', 'Accident']",Yellow,"[5, 2]",1,fil
325,"Help! Crime and Other reported, black. Please respond.","['Crime', 'Other']",Black,"[1, 5]",3,tl
326,"Urgent! May medical at fire, yellow. ASAP.","['Medical', 'Fire']",Yellow,"[3, 0]",1,fil
327,"Emergency! May nanganak na, critical! Bilisan po.",['Medical'],Red,[3],2,fil
328,"May nag-attempt ng break-in, na-scare off na. Please respond.",['Crime'],Green,[1],0,fil
329,"Urgent! May natural disaster at crime, yellow.","['Natural Disaster', 'Crime']",Yellow,"[4, 1]",1,fil
330,"Tulong! May nagnakaw ng cellphone, nakita na namin ang suspect.",['Crime'],Green,[1],0,fil
331,"May bata nawawala pa, kailangan ng tulong. pls.",['Other'],Yellow,[5],1,fil
332,"Urgent! May medical at crime, red. ASAP.","['Medical', 'Crime']",Red,"[3, 1]",2,fil
333,"Help! Medical and Natural Disaster reported, yellow. ASAP.","['Medical', 'Natural Disaster']",Yellow,"[3, 4]",1,fil
334,"Ma'am May patay sa shooting, wala nang pulso.",['Crime'],Black,[1],3,fil
335,"Help! Crime plus Fire, black. Please respond.","['Crime', 'Fire']",Black,"[1, 0]",3,tl
336,"Help! Fire plus Accident, black. ASAP.","['Fire', 'Accident']",Black,"[0, 2]",3,tl
337,"Fire and Accident reported, red. ASAP.","['Fire', 'Accident']",Red,"[0, 2]",2,fil
338,"Help! Fire sa apartment, people trapped inside! ASAP.",['Fire'],Red,[0],2,tl
339,"Pinatay ang biktima, deceased na. Bilisan po.",['Crime'],Black,[1],3,fil
340,"Natural Disaster plus Fire, black. Please respond.","['Natural Disaster', 'Fire']",Black,"[4, 0]",3,fil
341,"Tulong! Motor naaksidente, nasugatan ang driver. pls.",['Accident'],Yellow,[2],1,fil
342,"May natural disaster at crime, red. Please respond.","['Natural Disaster', 'Crime']",Red,"[4, 1]",2,fil
343,"Tulong! May namatay sa baha, nakita ang bangkay. Bilisan po.",['Natural Disaster'],Black,[4],3,fil
344,"Boss Sunog sa basurahan lang, konti na lang.",['Fire'],Green,[0],0,fil
345,"Help! May crime at fire, green.","['Crime', 'Fire']",Green,"[1, 0]",0,tl
346,"May crime at natural disaster, red. Please respond.","['Crime', 'Natural Disaster']",Red,"[1, 4]",2,fil
347,"Fire plus Other, yellow. Please respond.","['Fire', 'Other']",Yellow,"[0, 5]",1,tl
348,"Urgent! Truck accident, people trapped! ASAP.",['Accident'],Red,[2],2,tl
349,"Urgent! Accident and Fire reported, red. Please respond.","['Accident', 'Fire']",Red,"[2, 0]",2,tl
350,"Urgent! Storm damage sa bubong, minor lang. Please respond.",['Natural Disaster'],Green,[4],0,fil
351,"Crime plus Accident, green. ASAP.","['Crime', 'Accident']",Green,"[1, 2]",0,tl
352,"Medical and Crime reported, black. Please respond.","['Medical', 'Crime']",Black,"[3, 1]",3,tl
353,"Urgent! Mild allergic reaction, stable na. Please respond.",['Medical'],Green,[3],0,fil
354,"Help! Other and Accident reported, black.","['Other', 'Accident']",Black,"[5, 2]",3,tl
355,"May bata nawawala, nakita na. Bilisan po.",['Other'],Green,[5],0,fil
356,"Help! Fire and Medical reported, green. Please respond.","['Fire', 'Medical']",Green,"[0, 3]",0,tl
357,"Help! Small fire sa labas, na-control na. ASAP.",['Fire'],Green,[0],0,fil
358,"Emergency! Nasusunog yung tindahan, may nasugatan. pls.",['Fire'],Yellow,[0],1,fil
359,"Boss May sunog sa bahay, may tao na trap sa loob! Bilisan po.",['Fire'],Red,[0],2,fil
360,"Help! Fire plus Other, green. ASAP.","['Fire', 'Other']",Green,"[0, 5]",0,tl
361,"Urgent! Medical plus Natural Disaster, black. ASAP.","['Medical', 'Natural Disaster']",Black,"[3, 4]",3,fil
362,Sir May baha pero mababa pa.,['Natural Disaster'],Green,[4],0,tl
363,"Help! Other plus Medical, black. Please respond.","['Other', 'Medical']",Black,"[5, 3]",3,tl
364,"Tulong! Hostage situation, may kutsilyo! Bilisan po.",['Crime'],Red,[1],2,fil
365,"Urgent! Other and Fire reported, yellow. ASAP.","['Other', 'Fire']",Yellow,"[5, 0]",1,fil
366,"Other plus Natural Disaster, black. ASAP.","['Other', 'Natural Disaster']",Black,"[5, 4]",3,fil
367,"Help! May other at fire, black. Please respond.","['Other', 'Fire']",Black,"[5, 0]",3,fil
368,Boss Malakas ang ulan pero ok pa naman. Padala agad.,['Natural Disaster'],Green,[4],0,fil
369,"Urgent! May crime at fire, black. Please respond.","['Crime', 'Fire']",Black,"[1, 0]",3,fil
370,"Medical plus Other, yellow. ASAP.","['Medical', 'Other']",Yellow,"[3, 5]",1,tl
371,"Fire plus Natural Disaster, red. ASAP.","['Fire', 'Natural Disaster']",Red,"[0, 4]",2,fil
372,"Emergency! Nasagasaan, patay na po. Bilisan po.",['Accident'],Black,[2],3,fil
373,"Sir Sunog sa bodega, malakas na ang apoy. Bilisan po.",['Fire'],Yellow,[0],1,fil
374,"Urgent! CPR failed, pronounced dead.",['Medical'],Black,[3],3,tl
375,"Sir Assault, kailangan ng ambulance. pls.",['Crime'],Yellow,[1],1,fil
376,"May fire at other, yellow. Please respond.","['Fire', 'Other']",Yellow,"[0, 5]",1,fil
377,"Emergency! Baha mataas na, may tao na trap sa bubong!",['Natural Disaster'],Red,[4],2,fil
378,"Accident plus Crime, green. ASAP.","['Accident', 'Crime']",Green,"[2, 1]",0,tl
379,"Medical and Crime reported, red. ASAP.","['Medical', 'Crime']",Red,"[3, 1]",2,fil
380,"Help! May nag-attempt ng break-in, na-scare off na.",['Crime'],Green,[1],0,fil
381,"Medical plus Natural Disaster, yellow. Please respond.","['Medical', 'Natural Disaster']",Yellow,"[3, 4]",1,fil
382,"Urgent! May accident at fire, black. Please respond.","['Accident', 'Fire']",Black,"[2, 0]",3,fil
383,"Urgent! May other at accident, red. ASAP.","['Other', 'Accident']",Red,"[5, 2]",2,fil
384,"Help! Natural Disaster and Fire reported, black.","['Natural Disaster', 'Fire']",Black,"[4, 0]",3,fil
385,"Help! Fire and Natural Disaster reported, black.","['Fire', 'Natural Disaster']",Black,"[0, 4]",3,fil
386,"May fire at other, red. ASAP.","['Fire', 'Other']",Red,"[0, 5]",2,fil
387,"Fire plus Accident, black. Please respond.","['Fire', 'Accident']",Black,"[0, 2]",3,tl
388,"Tulong! Baha na, tumataas ang tubig. pls.",['Natural Disaster'],Yellow,[4],1,fil
389,"Urgent! Other and Medical reported, yellow. Please respond.","['Other', 'Medical']",Yellow,"[5, 3]",1,tl
390,"Urgent! Other and Medical reported, black.","['Other', 'Medical']",Black,"[5, 3]",3,tl
391,"Urgent! May accident at fire, yellow. ASAP.","['Accident', 'Fire']",Yellow,"[2, 0]",1,fil
392,"Help! May other at crime, red. ASAP.","['Other', 'Crime']",Red,"[5, 1]",2,fil
393,"Urgent! Natural Disaster plus Fire, black. Please respond.","['Natural Disaster', 'Fire']",Black,"[4, 0]",3,fil
394,"Help! Fatal crash, driver deceased.",['Accident'],Black,[2],3,tl
395,"Urgent! Natural Disaster and Crime reported, red. Please respond.","['Natural Disaster', 'Crime']",Red,"[4, 1]",2,fil
396,"Sir Motor crash, severe bleeding ang rider!",['Accident'],Red,[2],2,fil
397,"Urgent! Fire and Medical reported, red. Please respond.","['Fire', 'Medical']",Red,"[0, 3]",2,tl
398,"Help! May crime at fire, green. Please respond.","['Crime', 'Fire']",Green,"[1, 0]",0,fil
399,"Urgent! May accident at crime, yellow. Please respond.","['Accident', 'Crime']",Yellow,"[2, 1]",1,fil
400,"Sir Holdap may baril, may nasaktan!",['Crime'],Red,[1],2,fil
401,"Natural Disaster and Fire reported, green. ASAP.","['Natural Disaster', 'Fire']",Green,"[4, 0]",0,fil
402,"Urgent! Medical and Crime reported, green. ASAP.","['Medical', 'Crime']",Green,"[3, 1]",0,fil
403,"Help! Fire victim, no pulse na po. ASAP.",['Fire'],Black,[0],3,fil
404,"May accident at crime, red. ASAP.","['Accident', 'Crime']",Red,"[2, 1]",2,fil
405,"Urgent! Crime plus Other, black.","['Crime', 'Other']",Black,"[1, 5]",3,tl
406,"Accident plus Crime, black. Please respond.","['Accident', 'Crime']",Black,"[2, 1]",3,tl
407,"Urgent! Medical and Crime reported, yellow. Please respond.","['Medical', 'Crime']",Yellow,"[3, 1]",1,tl
408,"Urgent! Crime plus Accident, green. Please respond.","['Crime', 'Accident']",Green,"[1, 2]",0,tl
409,"Urgent! May crime at natural disaster, green.","['Crime', 'Natural Disaster']",Green,"[1, 4]",0,fil
410,"Ma'am Hindi humihinga ang tao, CPR needed! Padala agad.",['Medical'],Red,[3],2,fil
411,"Urgent! Accident plus Crime, red.","['Accident', 'Crime']",Red,"[2, 1]",2,tl
412,"Urgent! Small fire sa labas, na-control na. Please respond.",['Fire'],Green,[0],0,fil
413,"Sir May bugbog, nasugatan ang biktima. pls.",['Crime'],Yellow,[1],1,fil
414,"Urgent! Accident and Crime reported, black. ASAP.","['Accident', 'Crime']",Black,"[2, 1]",3,fil
415,"Help! Fire plus Accident, green. Please respond.","['Fire', 'Accident']",Green,"[0, 2]",0,tl
416,"Sir Hostage situation, may kutsilyo! Bilisan po.",['Crime'],Red,[1],2,fil
417,Ma'am Malakas ang ulan pero ok pa naman. Padala agad.,['Natural Disaster'],Green,[4],0,fil
418,"Help! May crime at fire, black. Please respond.","['Crime', 'Fire']",Black,"[1, 0]",3,fil
419,"Help! Crime and Other reported, green. Please respond.","['Crime', 'Other']",Green,"[1, 5]",0,tl
420,"Urgent! Flooding, need evacuation.",['Natural Disaster'],Yellow,[4],1,tl
421,"May crime at other, red. Please respond.","['Crime', 'Other']",Red,"[1, 5]",2,fil
422,"Severe bleeding, malakas ang dugo! Padala agad.",['Medical'],Red,[3],2,fil
423,"Help! Accident and Fire reported, green.","['Accident', 'Fire']",Green,"[2, 0]",0,tl
424,"Other plus Fire, green. ASAP.","['Other', 'Fire']",Green,"[5, 0]",0,tl
425,"Ma'am Landslide, may na-bury na tao! Bilisan po.",['Natural Disaster'],Red,[4],2,fil
426,"Tulong! Lindol kanina, may mga nasugatan sa landslide.",['Natural Disaster'],Yellow,[4],1,fil
427,"May hostage sa tindahan, stable pa naman. ASAP.",['Crime'],Yellow,[1],1,fil
428,"Tulong! Sunog sa factory, maraming workers pa sa loob! Padala agad.",['Fire'],Red,[0],2,fil
429,"Help! May medical at natural disaster, yellow.","['Medical', 'Natural Disaster']",Yellow,"[3, 4]",1,fil
430,"Help! May accident at fire, red. Please respond.","['Accident', 'Fire']",Red,"[2, 0]",2,fil
431,"May fire at other, green. Please respond.","['Fire', 'Other']",Green,"[0, 5]",0,fil
432,"Medical and Natural Disaster reported, green. Please respond.","['Medical', 'Natural Disaster']",Green,"[3, 4]",0,fil
433,"Urgent! Other and Natural Disaster reported, green. Please respond.","['Other', 'Natural Disaster']",Green,"[5, 4]",0,fil
434,"Urgent! Fire and Accident reported, red.","['Fire', 'Accident']",Red,"[0, 2]",2,tl
435,"May other at crime, red. Please respond.","['Other', 'Crime']",Red,"[5, 1]",2,fil
436,"Tulong! Stampede sa concert, maraming nasaktan! Bilisan po.",['Other'],Red,[5],2,fil
437,"Urgent! May natural disaster at crime, red. ASAP.","['Natural Disaster', 'Crime']",Red,"[4, 1]",2,fil
438,"Urgent! Other plus Accident, green. Please respond.","['Other', 'Accident']",Green,"[5, 2]",0,tl
439,"Fire and Medical reported, red. Please respond.","['Fire', 'Medical']",Red,"[0, 3]",2,tl
440,"Boss May namatay sa baha, nakita ang bangkay. Padala agad.",['Natural Disaster'],Black,[4],3,fil
441,"Tulong! Holdap may baril, may nasaktan! Padala agad.",['Crime'],Red,[1],2,fil
442,"Fire plus Other, yellow. ASAP.","['Fire', 'Other']",Yellow,"[0, 5]",1,tl
443,"Crime plus Other, green. ASAP.","['Crime', 'Other']",Green,"[1, 5]",0,tl
444,"Help! Medical and Crime reported, yellow. Please respond.","['Medical', 'Crime']",Yellow,"[3, 1]",1,tl
445,"Help! Crime plus Accident, green.","['Crime', 'Accident']",Green,"[1, 2]",0,tl
446,"May accident at other, yellow. Please respond.","['Accident', 'Other']",Yellow,"[2, 5]",1,fil
447,"Help! Mild allergic reaction, stable na. Please respond.",['Medical'],Green,[3],0,fil
448,"Help! Landslide victim, deceased na. Please respond.",['Natural Disaster'],Black,[4],3,fil
449,"Urgent! Other plus Medical, green. ASAP.","['Other', 'Medical']",Green,"[5, 3]",0,tl
450,"Sir Holdap sa jeep, may nasaksak.",['Crime'],Yellow,[1],1,fil
451,"Help! Medical plus Fire, red. Please respond.","['Medical', 'Fire']",Red,"[3, 0]",2,tl
452,"Urgent! Other and Medical reported, green. ASAP.","['Other', 'Medical']",Green,"[5, 3]",0,fil
453,"Medical plus Natural Disaster, black. ASAP.","['Medical', 'Natural Disaster']",Black,"[3, 4]",3,fil
454,"Urgent! May fire at medical, red. ASAP.","['Fire', 'Medical']",Red,"[0, 3]",2,fil
455,"Help! Crime and Other reported, green.","['Crime', 'Other']",Green,"[1, 5]",0,tl
456,"Urgent! May natural disaster at other, red.","['Natural Disaster', 'Other']",Red,"[4, 5]",2,fil
457,"Sir May usok sa kusina pero walang apoy pa, safe naman. Padala agad.",['Fire'],Green,[0],0,fil
458,"Tulong! Nakawan sa sari-sari store, minor lang. pls.",['Crime'],Green,[1],0,fil
459,"Earthquake, building collapse, people trapped! Please respond.",['Natural Disaster'],Red,[4],2,fil
460,"Urgent! Natural Disaster plus Accident, yellow.","['Natural Disaster', 'Accident']",Yellow,"[4, 2]",1,fil
461,"Seizure, kailangan ng ambulance. Please respond.",['Medical'],Yellow,[3],1,fil
462,"Urgent! Medical and Fire reported, yellow. Please respond.","['Medical', 'Fire']",Yellow,"[3, 0]",1,tl
463,"Urgent! Natural Disaster plus Other, black. Please respond.","['Natural Disaster', 'Other']",Black,"[4, 5]",3,fil
464,"Urgent! May accident at fire, black.","['Accident', 'Fire']",Black,"[2, 0]",3,tl
465,"Ma'am May nagnakaw ng cellphone, nakita na namin ang suspect. Bilisan po.",['Crime'],Green,[1],0,fil
466,"Urgent! May medical at natural disaster, red.","['Medical', 'Natural Disaster']",Red,"[3, 4]",2,fil
467,"Urgent! May medical at crime, red.","['Medical', 'Crime']",Red,"[3, 1]",2,tl
468,"Urgent! May accident at fire, red.","['Accident', 'Fire']",Red,"[2, 0]",2,tl
469,"Help! Other and Natural Disaster reported, green. Please respond.","['Other', 'Natural Disaster']",Green,"[5, 4]",0,fil
470,"Help! May natural disaster at other, green.","['Natural Disaster', 'Other']",Green,"[4, 5]",0,fil
471,"Urgent! Building burning, may tao pa sa loob. ASAP.",['Fire'],Yellow,[0],1,fil
472,"Accident plus Fire, yellow. ASAP.","['Accident', 'Fire']",Yellow,"[2, 0]",1,tl
473,"Sunog sa basurahan lang, konti na lang. Bilisan po.",['Fire'],Green,[0],0,fil
474,"May crime at fire, green. Please respond.","['Crime', 'Fire']",Green,"[1, 0]",0,fil
475,"Help! May accident at crime, yellow.","['Accident', 'Crime']",Yellow,"[2, 1]",1,tl
476,"Urgent! Medical and Crime reported, green.","['Medical', 'Crime']",Green,"[3, 1]",0,tl
477,"Urgent! Accident and Medical reported, yellow.","['Accident', 'Medical']",Yellow,"[2, 3]",1,tl
478,"Robbery, may baril ang suspect. ASAP.",['Crime'],Yellow,[1],1,fil
479,"Urgent! Natural Disaster plus Medical, green. ASAP.","['Natural Disaster', 'Medical']",Green,"[4, 3]",0,fil
480,"Urgent! Medical and Crime reported, black. ASAP.","['Medical', 'Crime']",Black,"[3, 1]",3,fil
481,"Other and Natural Disaster reported, red. Please respond.","['Other', 'Natural Disaster']",Red,"[5, 4]",2,fil
482,"Tulong! Bangga ng kotse sa parking, walang sugat. Bilisan po.",['Accident'],Green,[2],0,fil
483,"Accident plus Other, red. Please respond.","['Accident', 'Other']",Red,"[2, 5]",2,tl
484,"May fire at accident, yellow. ASAP.","['Fire', 'Accident']",Yellow,"[0, 2]",1,fil
485,"Help! Other and Medical reported, green. Please respond.","['Other', 'Medical']",Green,"[5, 3]",0,tl
486,"Urgent! May crime at other, black.","['Crime', 'Other']",Black,"[1, 5]",3,tl
487,"Emergency! May nahihirapang huminga, asthmatic. pls.",['Medical'],Yellow,[3],1,fil
488,"Help! Fire plus Other, green.","['Fire', 'Other']",Green,"[0, 5]",0,tl
489,"Help! Other plus Fire, red. ASAP.","['Other', 'Fire']",Red,"[5, 0]",2,tl
490,"Crime and Medical reported, red. ASAP.","['Crime', 'Medical']",Red,"[1, 3]",2,fil
491,"Help! Fire and Crime reported, black.","['Fire', 'Crime']",Black,"[0, 1]",3,tl
492,"May fire at medical, red. Please respond.","['Fire', 'Medical']",Red,"[0, 3]",2,fil
493,"Help! May natural disaster at other, red.","['Natural Disaster', 'Other']",Red,"[4, 5]",2,fil
494,"Help! Accident and Fire reported, green. Please respond.","['Accident', 'Fire']",Green,"[2, 0]",0,tl
495,"May sumakit ang ulo, minor lang. Bilisan po.",['Medical'],Green,[3],0,fil
496,"Ma'am Assault, kailangan ng ambulance. Padala agad.",['Crime'],Yellow,[1],1,fil
497,"Help! Other plus Fire, green. Please respond.","['Other', 'Fire']",Green,"[5, 0]",0,tl
498,"May nanganak na, critical! Padala agad.",['Medical'],Red,[3],2,fil
499,"Help! Motor nadulas pero ok lang, minor lang. Please respond.",['Accident'],Green,[2],0,fil
500,"Urgent! May other at accident, red. Please respond.","['Other', 'Accident']",Red,"[5, 2]",2,fil
501,"Ma'am Rollover, critical ang pasahero! Padala agad.",['Accident'],Red,[2],2,fil
502,May smoke sa bahay pero minor lang po. Please respond.,['Fire'],Green,[0],0,fil
503,"Boss May patay sa shooting, wala nang pulso. Bilisan po.",['Crime'],Black,[1],3,fil
504,"Help! May fire at natural disaster, yellow.","['Fire', 'Natural Disaster']",Yellow,"[0, 4]",1,fil
505,"Crime plus Fire, black. ASAP.","['Crime', 'Fire']",Black,"[1, 0]",3,tl
506,"Fire and Crime reported, green. ASAP.","['Fire', 'Crime']",Green,"[0, 1]",0,fil
507,"May crime at accident, yellow. ASAP.","['Crime', 'Accident']",Yellow,"[1, 2]",1,fil
508,"Urgent! Fire sa apartment, people trapped inside!",['Fire'],Red,[0],2,tl
509,"Emergency! Pinatay ang biktima, deceased na.",['Crime'],Black,[1],3,fil
510,"Urgent! May crime at natural disaster, black. Please respond.","['Crime', 'Natural Disaster']",Black,"[1, 4]",3,fil
511,"Crime and Fire reported, red. Please respond.","['Crime', 'Fire']",Red,"[1, 0]",2,tl
512,"Emergency! Motor naaksidente, nasugatan ang driver. pls.",['Accident'],Yellow,[2],1,fil
513,"House fire, need help! Please respond.",['Fire'],Yellow,[0],1,tl
514,"Crime plus Natural Disaster, red. ASAP.","['Crime', 'Natural Disaster']",Red,"[1, 4]",2,fil
515,"Urgent! Medical plus Crime, red. ASAP.","['Medical', 'Crime']",Red,"[3, 1]",2,tl
516,"Help! Natural Disaster and Fire reported, green. Please respond.","['Natural Disaster', 'Fire']",Green,"[4, 0]",0,fil
517,"Robbery, may baril ang suspect. Please respond.",['Crime'],Yellow,[1],1,fil
518,"Help! May accident at other, green. ASAP.","['Accident', 'Other']",Green,"[2, 5]",0,fil
519,"Help! Other and Medical reported, green.","['Other', 'Medical']",Green,"[5, 3]",0,tl
520,"Fire and Other reported, yellow. Please respond.","['Fire', 'Other']",Yellow,"[0, 5]",1,tl
521,"Urgent! Other plus Fire, red. Please respond.","['Other', 'Fire']",Red,"[5, 0]",2,tl
522,"Help! Other plus Natural Disaster, black.","['Other', 'Natural Disaster']",Black,"[5, 4]",3,fil
523,"Ma'am Minor collision sa kalsada, gasgas lang. Bilisan po.",['Accident'],Green,[2],0,fil
524,"Urgent! Fire plus Natural Disaster, red. ASAP.","['Fire', 'Natural Disaster']",Red,"[0, 4]",2,fil
525,"Help! Medical plus Accident, yellow.","['Medical', 'Accident']",Yellow,"[3, 2]",1,tl
526,"Ma'am Malubhang banggaan, may hindi humihinga! pls.",['Accident'],Red,[2],2,fil
527,"Help! Earthquake, building collapse, people trapped! ASAP.",['Natural Disaster'],Red,[4],2,fil
528,"Natural Disaster plus Accident, yellow. Please respond.","['Natural Disaster', 'Accident']",Yellow,"[4, 2]",1,fil
529,"Urgent! Accident plus Crime, green. Please respond.","['Accident', 'Crime']",Green,"[2, 1]",0,tl
530,"Urgent! May accident at natural disaster, red. ASAP.","['Accident', 'Natural Disaster']",Red,"[2, 4]",2,fil
531,"Help! May medical at other, yellow.","['Medical', 'Other']",Yellow,"[3, 5]",1,tl
532,"May medical at natural disaster, red. Please respond.","['Medical', 'Natural Disaster']",Red,"[3, 4]",2,fil
533,"Ma'am Rollover, critical ang pasahero! pls.",['Accident'],Red,[2],2,fil
534,"Natural Disaster and Medical reported, black. ASAP.","['Natural Disaster', 'Medical']",Black,"[4, 3]",3,fil
535,"Help! May hostage sa tindahan, stable pa naman.",['Crime'],Yellow,[1],1,fil
536,"Medical and Natural Disaster reported, yellow. Please respond.","['Medical', 'Natural Disaster']",Yellow,"[3, 4]",1,fil
537,"Boss May patay sa shooting, wala nang pulso. pls.",['Crime'],Black,[1],3,fil
538,"Sir Sunog sa factory, maraming workers pa sa loob! Bilisan po.",['Fire'],Red,[0],2,fil
539,"May accident at fire, yellow. Please respond.","['Accident', 'Fire']",Yellow,"[2, 0]",1,fil
540,"Urgent! Other and Natural Disaster reported, green. ASAP.","['Other', 'Natural Disaster']",Green,"[5, 4]",0,fil
541,"Help! Crime plus Medical, green.","['Crime', 'Medical']",Green,"[1, 3]",0,tl
542,"Tulong! Flash flood, maraming hindi makalabas! pls.",['Natural Disaster'],Red,[4],2,fil
543,"Urgent! Medical and Natural Disaster reported, red. ASAP.","['Medical', 'Natural Disaster']",Red,"[3, 4]",2,fil
544,"Ma'am May namatay sa aksidente, wala nang pulso. pls.",['Accident'],Black,[2],3,fil
545,"Urgent! House fire, need help! Please respond.",['Fire'],Yellow,[0],1,tl
546,"Help! Fire plus Other, yellow. Please respond.","['Fire', 'Other']",Yellow,"[0, 5]",1,tl
547,"Help! Accident and Fire reported, red. ASAP.","['Accident', 'Fire']",Red,"[2, 0]",2,fil
548,"Tulong! Riot sa rally, may nasugatan.",['Other'],Yellow,[5],1,fil
549,"Boss Walang pulso, deceased na. Bilisan po.",['Medical'],Black,[3],3,fil
550,"Sir Riot, may baril! pls.",['Other'],Red,[5],2,tl
551,"May accident at medical, green. ASAP.","['Accident', 'Medical']",Green,"[2, 3]",0,fil
552,"Emergency! Bangga ng kotse sa parking, walang sugat. pls.",['Accident'],Green,[2],0,fil
553,"Medical and Accident reported, black. ASAP.","['Medical', 'Accident']",Black,"[3, 2]",3,fil
554,"Other and Fire reported, yellow. Please respond.","['Other', 'Fire']",Yellow,"[5, 0]",1,tl
555,"Help! Natural Disaster and Fire reported, yellow. ASAP.","['Natural Disaster', 'Fire']",Yellow,"[4, 0]",1,fil
556,"Urgent! Fire and Accident reported, yellow. Please respond.","['Fire', 'Accident']",Yellow,"[0, 2]",1,tl
557,"Urgent! Natural Disaster and Other reported, yellow. Please respond.","['Natural Disaster', 'Other']",Yellow,"[4, 5]",1,fil
558,"Urgent! Crime and Other reported, green. ASAP.","['Crime', 'Other']",Green,"[1, 5]",0,fil
559,"May crime at fire, yellow. Please respond.","['Crime', 'Fire']",Yellow,"[1, 0]",1,fil
560,"Natural Disaster plus Medical, black. Please respond.","['Natural Disaster', 'Medical']",Black,"[4, 3]",3,fil
561,"Ma'am Malubhang banggaan, may hindi humihinga! Padala agad.",['Accident'],Red,[2],2,fil
562,"Diabetic, low sugar lang, na-revive na. ASAP.",['Medical'],Green,[3],0,fil
563,"Boss May sumakit ang ulo, minor lang. Padala agad.",['Medical'],Green,[3],0,fil
564,"Accident plus Crime, green. Please respond.","['Accident', 'Crime']",Green,"[2, 1]",0,tl
565,"Help! May other at natural disaster, black. ASAP.","['Other', 'Natural Disaster']",Black,"[5, 4]",3,fil
566,"Stabbing, critical condition! ASAP.",['Crime'],Red,[1],2,fil
567,"Help! May nag-attempt ng break-in, na-scare off na. ASAP.",['Crime'],Green,[1],0,fil
568,"Ma'am Lindol kanina, may mga nasugatan sa landslide.",['Natural Disaster'],Yellow,[4],1,fil
569,"May natural disaster at crime, black. ASAP.","['Natural Disaster', 'Crime']",Black,"[4, 1]",3,fil
570,"Urgent! Crime and Accident reported, black. ASAP.","['Crime', 'Accident']",Black,"[1, 2]",3,fil
571,"Fire and Natural Disaster reported, black. Please respond.","['Fire', 'Natural Disaster']",Black,"[0, 4]",3,fil
572,"Help! Medical and Natural Disaster reported, yellow. Please respond.","['Medical', 'Natural Disaster']",Yellow,"[3, 4]",1,fil
573,"Help! May accident at fire, red.","['Accident', 'Fire']",Red,"[2, 0]",2,tl
574,"May binaril, malubha! Padala agad.",['Crime'],Red,[1],2,fil
575,"May accident at fire, yellow. ASAP.","['Accident', 'Fire']",Yellow,"[2, 0]",1,fil
576,"Help! May medical at fire, green.","['Medical', 'Fire']",Green,"[3, 0]",0,tl
577,"Crime and Accident reported, yellow. Please respond.","['Crime', 'Accident']",Yellow,"[1, 2]",1,tl
578,"Pinatay ang biktima, deceased na. pls.",['Crime'],Black,[1],3,fil
579,"Help! Hit and run, victim needs treatment.",['Accident'],Yellow,[2],1,tl
580,"Ma'am Flash flood, maraming hindi makalabas!",['Natural Disaster'],Red,[4],2,fil
581,"Tulong! May namatay sa baha, nakita ang bangkay. pls.",['Natural Disaster'],Black,[4],3,fil
582,"Medical plus Crime, red. ASAP.","['Medical', 'Crime']",Red,"[3, 1]",2,tl
583,"Urgent! May crime at natural disaster, red. ASAP.","['Crime', 'Natural Disaster']",Red,"[1, 4]",2,fil
584,"Urgent! Fire plus Other, yellow. ASAP.","['Fire', 'Other']",Yellow,"[0, 5]",1,tl
585,"Help! Crime plus Other, green. ASAP.","['Crime', 'Other']",Green,"[1, 5]",0,tl
586,"May accident at other, yellow. ASAP.","['Accident', 'Other']",Yellow,"[2, 5]",1,fil
587,"May accident at medical, green. Please respond.","['Accident', 'Medical']",Green,"[2, 3]",0,fil
588,"Urgent! Landslide victim, deceased na. ASAP.",['Natural Disaster'],Black,[4],3,fil
589,"Urgent! Other and Natural Disaster reported, red. Please respond.","['Other', 'Natural Disaster']",Red,"[5, 4]",2,fil
590,"Sir May sunog sa bahay, kailangan ng fire truck! Bilisan po.",['Fire'],Yellow,[0],1,fil
591,"Urgent! May fire at accident, yellow. ASAP.","['Fire', 'Accident']",Yellow,"[0, 2]",1,fil
592,"Boss Nasusunog yung tindahan, may nasugatan.",['Fire'],Yellow,[0],1,fil
593,"Medical plus Natural Disaster, black. Please respond.","['Medical', 'Natural Disaster']",Black,"[3, 4]",3,fil
594,"Help! Other plus Fire, red. Please respond.","['Other', 'Fire']",Red,"[5, 0]",2,tl
595,"Hostage situation, may kutsilyo! Padala agad.",['Crime'],Red,[1],2,tl
596,"Crime and Other reported, green. Please respond.","['Crime', 'Other']",Green,"[1, 5]",0,tl
597,"Medical plus Accident, yellow. ASAP.","['Medical', 'Accident']",Yellow,"[3, 2]",1,tl
598,"Boss Sunog sa bodega, malakas na ang apoy.",['Fire'],Yellow,[0],1,fil
599,"Urgent! May natural disaster at other, red. ASAP.","['Natural Disaster', 'Other']",Red,"[4, 5]",2,fil
600,"Natural Disaster plus Accident, red. ASAP.","['Natural Disaster', 'Accident']",Red,"[4, 2]",2,fil
601,"Natural Disaster plus Accident, yellow. ASAP.","['Natural Disaster', 'Accident']",Yellow,"[4, 2]",1,fil
602,"Other and Crime reported, yellow. ASAP.","['Other', 'Crime']",Yellow,"[5, 1]",1,fil
603,"Stabbing, critical condition! Please respond.",['Crime'],Red,[1],2,fil
604,"Tulong! May nagnakaw ng cellphone, nakita na namin ang suspect. Padala agad.",['Crime'],Green,[1],0,fil
605,"Urgent! May medical at natural disaster, red. ASAP.","['Medical', 'Natural Disaster']",Red,"[3, 4]",2,fil
606,"Help! Crime plus Medical, red. Please respond.","['Crime', 'Medical']",Red,"[1, 3]",2,tl
607,"Tulong! Rollover, critical ang pasahero! pls.",['Accident'],Red,[2],2,fil
608,"Help! Fire and Natural Disaster reported, black. Please respond.","['Fire', 'Natural Disaster']",Black,"[0, 4]",3,fil
609,"Urgent! Other plus Accident, black.","['Other', 'Accident']",Black,"[5, 2]",3,tl
610,"May accident at fire, red. ASAP.","['Accident', 'Fire']",Red,"[2, 0]",2,fil
611,"Help! Crime plus Accident, black. ASAP.","['Crime', 'Accident']",Black,"[1, 2]",3,tl
612,"Urgent! May natural disaster at other, green.","['Natural Disaster', 'Other']",Green,"[4, 5]",0,fil
613,"Urgent! Crime plus Medical, green. ASAP.","['Crime', 'Medical']",Green,"[1, 3]",0,tl
614,"Urgent! Natural Disaster plus Fire, black.","['Natural Disaster', 'Fire']",Black,"[4, 0]",3,fil
615,"Ma'am Flash flood, maraming hindi makalabas! Padala agad.",['Natural Disaster'],Red,[4],2,fil
616,"Urgent! Medical and Natural Disaster reported, red.","['Medical', 'Natural Disaster']",Red,"[3, 4]",2,fil
617,"Urgent! May other at accident, green.","['Other', 'Accident']",Green,"[5, 2]",0,tl
618,"Fire and Other reported, black. Please respond.","['Fire', 'Other']",Black,"[0, 5]",3,tl
619,"Other plus Accident, green. ASAP.","['Other', 'Accident']",Green,"[5, 2]",0,tl
620,"Ma'am Sunog sa basurahan lang, konti na lang.",['Fire'],Green,[0],0,fil
621,"Help! Crime plus Natural Disaster, red. Please respond.","['Crime', 'Natural Disaster']",Red,"[1, 4]",2,fil
622,"Urgent! Medical plus Other, green. ASAP.","['Medical', 'Other']",Green,"[3, 5]",0,tl
623,"Help! Fire victim, no pulse na po. Please respond.",['Fire'],Black,[0],3,fil
624,"Urgent! Accident and Medical reported, yellow. Please respond.","['Accident', 'Medical']",Yellow,"[2, 3]",1,tl
625,"Help! Structure fire, may bata na naiwan! Please respond.",['Fire'],Red,[0],2,fil
626,"Help! Crime plus Medical, black.","['Crime', 'Medical']",Black,"[1, 3]",3,tl
627,"Help! Storm damage sa bubong, minor lang. ASAP.",['Natural Disaster'],Green,[4],0,fil
628,"Boss Brownout, walang kuryente. Bilisan po.",['Other'],Green,[5],0,fil
629,"Urgent! Crime plus Accident, green. ASAP.","['Crime', 'Accident']",Green,"[1, 2]",0,tl
630,Urgent! Lost child found na po. Please respond.,['Other'],Green,[5],0,fil
631,"Urgent! Car crash, may injured. ASAP.",['Accident'],Yellow,[2],1,fil
632,"Malakas na sunog, hindi makahinga ang mga tao! Padala agad.",['Fire'],Red,[0],2,fil
633,"Ma'am Holdap sa jeep, may nasaksak.",['Crime'],Yellow,[1],1,fil
634,"Fire plus Medical, red. Please respond.","['Fire', 'Medical']",Red,"[0, 3]",2,tl
635,"Help! Medical and Accident reported, black. ASAP.","['Medical', 'Accident']",Black,"[3, 2]",3,fil
636,"Help! Small fire sa labas, na-control na.",['Fire'],Green,[0],0,fil
637,"Boss Nasusunog yung tindahan, may nasugatan. pls.",['Fire'],Yellow,[0],1,fil
638,"Urgent! Fire and Other reported, yellow. ASAP.","['Fire', 'Other']",Yellow,"[0, 5]",1,fil
639,"Urgent! Other plus Fire, red.","['Other', 'Fire']",Red,"[5, 0]",2,tl
640,"Urgent! Other plus Medical, black.","['Other', 'Medical']",Black,"[5, 3]",3,tl
641,"Urgent! Fire plus Natural Disaster, red.","['Fire', 'Natural Disaster']",Red,"[0, 4]",2,fil
642,"Help! Natural Disaster and Other reported, yellow. ASAP.","['Natural Disaster', 'Other']",Yellow,"[4, 5]",1,fil
643,"Urgent! Medical plus Accident, yellow. Please respond.","['Medical', 'Accident']",Yellow,"[3, 2]",1,tl
644,"Help! May fire at accident, red. Please respond.","['Fire', 'Accident']",Red,"[0, 2]",2,fil
645,"Sir May usok sa kusina pero walang apoy pa, safe naman. Bilisan po.",['Fire'],Green,[0],0,fil
646,"Ma'am Truck nasagasaan ang tao, kailangan ng ambulance. Bilisan po.",['Accident'],Yellow,[2],1,fil
647,"Urgent! Natural Disaster plus Other, green. Please respond.","['Natural Disaster', 'Other']",Green,"[4, 5]",0,fil
648,"Urgent! May medical at crime, black. Please respond.","['Medical', 'Crime']",Black,"[3, 1]",3,fil
649,"May patay sa sunog, hindi na humihinga. pls.",['Fire'],Black,[0],3,fil
650,"Urgent! Natural Disaster plus Accident, black.","['Natural Disaster', 'Accident']",Black,"[4, 2]",3,fil
651,"Urgent! May accident at natural disaster, red.","['Accident', 'Natural Disaster']",Red,"[2, 4]",2,fil
652,"Help! Stabbing, critical condition! ASAP.",['Crime'],Red,[1],2,fil
653,"Urgent! May nag-attempt ng break-in, na-scare off na. Please respond.",['Crime'],Green,[1],0,fil
654,"Sir Landslide, may na-bury na tao! Bilisan po.",['Natural Disaster'],Red,[4],2,fil
655,"Sir May nagnakaw ng cellphone, nakita na namin ang suspect. Bilisan po.",['Crime'],Green,[1],0,fil
656,"Crime and Medical reported, black. ASAP.","['Crime', 'Medical']",Black,"[1, 3]",3,fil
657,"Natural Disaster and Fire reported, black. ASAP.","['Natural Disaster', 'Fire']",Black,"[4, 0]",3,fil
658,"Urgent! Crime and Accident reported, black.","['Crime', 'Accident']",Black,"[1, 2]",3,tl
659,"Boss May patay sa shooting, wala nang pulso.",['Crime'],Black,[1],3,fil
660,"Crime plus Accident, black. ASAP.","['Crime', 'Accident']",Black,"[1, 2]",3,tl
661,"Urgent! Medical and Natural Disaster reported, green. Please respond.","['Medical', 'Natural Disaster']",Green,"[3, 4]",0,fil
662,"Help! Accident and Medical reported, red.","['Accident', 'Medical']",Red,"[2, 3]",2,tl
663,"Fatal crash, driver deceased. ASAP.",['Accident'],Black,[2],3,tl
664,"May crime at natural disaster, black. ASAP.","['Crime', 'Natural Disaster']",Black,"[1, 4]",3,fil
665,"Other plus Accident, green. Please respond.","['Other', 'Accident']",Green,"[5, 2]",0,tl
666,"Accident plus Fire, red. ASAP.","['Accident', 'Fire']",Red,"[2, 0]",2,tl
667,"Boss Motor crash, severe bleeding ang rider! Padala agad.",['Accident'],Red,[2],2,fil
668,"Natural Disaster and Fire reported, green. Please respond.","['Natural Disaster', 'Fire']",Green,"[4, 0]",0,fil
669,"Help! Medical and Crime reported, green.","['Medical', 'Crime']",Green,"[3, 1]",0,tl
670,"Help! Fire plus Other, yellow.","['Fire', 'Other']",Yellow,"[0, 5]",1,tl
671,Sir Nakita ang bangkay sa ilog. Bilisan po.,['Other'],Black,[5],3,fil
672,"Help! Storm damage sa bubong, minor lang.",['Natural Disaster'],Green,[4],0,fil
673,"Suspicious package, nag-evacuate na. pls.",['Other'],Yellow,[5],1,tl
674,"Urgent! Landslide victim, deceased na.",['Natural Disaster'],Black,[4],3,tl
675,"No signs of life, patay na po. pls.",['Medical'],Black,[3],3,fil
676,Urgent! Missing person found deceased.,['Other'],Black,[5],3,tl
677,"Help! Accident plus Crime, red.","['Accident', 'Crime']",Red,"[2, 1]",2,tl
678,"Medical and Accident reported, black. Please respond.","['Medical', 'Accident']",Black,"[3, 2]",3,tl
679,"Urgent! Storm surge, kailangan ng rescue. ASAP.",['Natural Disaster'],Yellow,[4],1,fil
680,"Help! May fire at accident, yellow.","['Fire', 'Accident']",Yellow,"[0, 2]",1,tl
681,"Urgent! May crime at other, black. ASAP.","['Crime', 'Other']",Black,"[1, 5]",3,fil
682,"Help! Fire plus Accident, green.","['Fire', 'Accident']",Green,"[0, 2]",0,tl
683,"Emergency! Jeep tumama sa poste, may pasahero na nasaktan.",['Accident'],Yellow,[2],1,fil
684,"Urgent! Fire plus Natural Disaster, red. Please respond.","['Fire', 'Natural Disaster']",Red,"[0, 4]",2,fil
685,"Help! Natural Disaster plus Other, green. Please respond.","['Natural Disaster', 'Other']",Green,"[4, 5]",0,fil
686,"Tulong! May sumakit ang ulo, minor lang. Padala agad.",['Medical'],Green,[3],0,fil
687,"Help! Medical plus Natural Disaster, yellow. ASAP.","['Medical', 'Natural Disaster']",Yellow,"[3, 4]",1,fil
688,"Urgent! May medical at natural disaster, red. Please respond.","['Medical', 'Natural Disaster']",Red,"[3, 4]",2,fil
689,"Sir Nasunog ang bahay, may namatay na. Bilisan po.",['Fire'],Black,[0],3,fil
690,"Urgent! Shooting incident, severe bleeding!",['Crime'],Red,[1],2,tl
691,"Sir Rollover, critical ang pasahero! Bilisan po.",['Accident'],Red,[2],2,fil
692,"Help! May accident at medical, red.","['Accident', 'Medical']",Red,"[2, 3]",2,tl
693,"May fire at natural disaster, yellow. ASAP.","['Fire', 'Natural Disaster']",Yellow,"[0, 4]",1,fil
694,"Other plus Accident, black. Please respond.","['Other', 'Accident']",Black,"[5, 2]",3,tl
695,"Other and Medical reported, black. ASAP.","['Other', 'Medical']",Black,"[5, 3]",3,fil
696,"Child missing, may suspect! Please respond.",['Other'],Red,[5],2,fil
697,"Help! Natural Disaster plus Fire, black. Please respond.","['Natural Disaster', 'Fire']",Black,"[4, 0]",3,fil
698,"Ma'am Flash flood, maraming hindi makalabas! Bilisan po.",['Natural Disaster'],Red,[4],2,fil
699,"Help! Crime and Fire reported, red. ASAP.","['Crime', 'Fire']",Red,"[1, 0]",2,fil
700,"Help! Natural Disaster and Crime reported, red.","['Natural Disaster', 'Crime']",Red,"[4, 1]",2,fil
701,"Urgent! Accident plus Fire, yellow. Please respond.","['Accident', 'Fire']",Yellow,"[2, 0]",1,tl
702,"Ma'am May namatay sa aksidente, wala nang pulso. Padala agad.",['Accident'],Black,[2],3,fil
703,"Urgent! Fire and Other reported, black.","['Fire', 'Other']",Black,"[0, 5]",3,tl
704,"Help! Medical plus Crime, red. ASAP.","['Medical', 'Crime']",Red,"[3, 1]",2,tl
705,"Help! Fire victim, no pulse na po.",['Fire'],Black,[0],3,fil
706,"Urgent! Fire plus Other, yellow. Please respond.","['Fire', 'Other']",Yellow,"[0, 5]",1,tl
707,"Help! Missing person, hinahanap pa. Please respond.",['Other'],Yellow,[5],1,fil
708,"Help! Crime plus Other, black.","['Crime', 'Other']",Black,"[1, 5]",3,tl
709,"Structure fire, may bata na naiwan! Please respond.",['Fire'],Red,[0],2,fil
710,"Urgent! Crime plus Other, green. ASAP.","['Crime', 'Other']",Green,"[1, 5]",0,tl
711,"Ma'am May nahimatay pero nagising na, ok na. Padala agad.",['Medical'],Green,[3],0,fil
712,"Help! Medical and Crime reported, black. Please respond.","['Medical', 'Crime']",Black,"[3, 1]",3,tl
713,"Mild allergic reaction, stable na. Please respond.",['Medical'],Green,[3],0,fil
714,"Help! Other and Natural Disaster reported, red.","['Other', 'Natural Disaster']",Red,"[5, 4]",2,fil
715,"Help! Other plus Medical, green. ASAP.","['Other', 'Medical']",Green,"[5, 3]",0,tl
716,"Emergency! Heart attack, stable pa pero urgent.",['Medical'],Yellow,[3],1,tl
717,"Hindi humihinga ang tao, CPR needed! pls.",['Medical'],Red,[3],2,fil
718,Help! Missing person found deceased. Please respond.,['Other'],Black,[5],3,fil
719,"Help! Fire plus Medical, red. Please respond.","['Fire', 'Medical']",Red,"[0, 3]",2,tl
720,"Urgent! Accident plus Other, red. ASAP.","['Accident', 'Other']",Red,"[2, 5]",2,tl
721,"Help! May crime at other, black. Please respond.","['Crime', 'Other']",Black,"[1, 5]",3,fil
722,"Boss Nasusunog yung tindahan, may nasugatan. Bilisan po.",['Fire'],Yellow,[0],1,fil
723,"Other plus Fire, red. ASAP.","['Other', 'Fire']",Red,"[5, 0]",2,tl
724,Sir Malakas ang ulan pero ok pa naman. Padala agad.,['Natural Disaster'],Green,[4],0,fil
725,"Tulong! Nasagasaan, patay na po.",['Accident'],Black,[2],3,fil
726,"Urgent! Crime and Other reported, green.","['Crime', 'Other']",Green,"[1, 5]",0,tl
727,"Sir Sunog sa bodega, malakas na ang apoy.",['Fire'],Yellow,[0],1,fil
728,"Crime and Fire reported, yellow. ASAP.","['Crime', 'Fire']",Yellow,"[1, 0]",1,fil
729,"Urgent! Natural Disaster plus Accident, yellow. ASAP.","['Natural Disaster', 'Accident']",Yellow,"[4, 2]",1,fil
730,"Boss Baha mataas na, may tao na trap sa bubong! Bilisan po.",['Natural Disaster'],Red,[4],2,fil
731,"Urgent! May other at accident, yellow. Please respond.","['Other', 'Accident']",Yellow,"[5, 2]",1,fil
732,"Urgent! Medical plus Natural Disaster, yellow. ASAP.","['Medical', 'Natural Disaster']",Yellow,"[3, 4]",1,fil
733,"Urgent! Natural Disaster and Fire reported, black. Please respond.","['Natural Disaster', 'Fire']",Black,"[4, 0]",3,fil
734,"Help! Overdose, not breathing! ASAP.",['Medical'],Red,[3],2,fil
735,"Emergency! Rollover, critical ang pasahero! pls.",['Accident'],Red,[2],2,fil
736,"Emergency! May bata nawawala pa, kailangan ng tulong.",['Other'],Yellow,[5],1,fil
737,"Urgent! May natural disaster at crime, black. ASAP.","['Natural Disaster', 'Crime']",Black,"[4, 1]",3,fil
738,"Urgent! May medical at natural disaster, yellow. Please respond.","['Medical', 'Natural Disaster']",Yellow,"[3, 4]",1,fil
739,"Boss May binaril, malubha!",['Crime'],Red,[1],2,fil
740,"May fire at other, green. ASAP.","['Fire', 'Other']",Green,"[0, 5]",0,fil
741,"Help! Other and Medical reported, black.","['Other', 'Medical']",Black,"[5, 3]",3,tl
742,"Help! Medical and Natural Disaster reported, green. Please respond.","['Medical', 'Natural Disaster']",Green,"[3, 4]",0,fil
743,"Urgent! Other and Natural Disaster reported, green.","['Other', 'Natural Disaster']",Green,"[5, 4]",0,fil
744,"Urgent! Child missing, may suspect! ASAP.",['Other'],Red,[5],2,fil
745,"Urgent! Crime and Accident reported, yellow. ASAP.","['Crime', 'Accident']",Yellow,"[1, 2]",1,fil
746,"Help! Crime plus Medical, green. ASAP.","['Crime', 'Medical']",Green,"[1, 3]",0,tl
747,"Ma'am Motor naaksidente, nasugatan ang driver.",['Accident'],Yellow,[2],1,fil
748,"Urgent! Crime plus Fire, red. Please respond.","['Crime', 'Fire']",Red,"[1, 0]",2,tl
749,"Natural Disaster and Crime reported, red. Please respond.","['Natural Disaster', 'Crime']",Red,"[4, 1]",2,fil
750,"Ma'am May namatay sa baha, nakita ang bangkay.",['Natural Disaster'],Black,[4],3,fil
751,"Brownout, walang kuryente. pls.",['Other'],Green,[5],0,fil
752,"Help! May accident at other, yellow. ASAP.","['Accident', 'Other']",Yellow,"[2, 5]",1,fil
753,"Urgent! Heart attack, unconscious!",['Medical'],Red,[3],2,tl
754,"Boss Hindi humihinga ang tao, CPR needed!",['Medical'],Red,[3],2,fil
755,Missing person found deceased. ASAP.,['Other'],Black,[5],3,fil
756,"Help! Other plus Fire, red.","['Other', 'Fire']",Red,"[5, 0]",2,tl
757,"May other at fire, black. ASAP.","['Other', 'Fire']",Black,"[5, 0]",3,fil
758,"Help! Medical plus Other, yellow.","['Medical', 'Other']",Yellow,"[3, 5]",1,tl
759,"Help! Flooding, need evacuation. Please respond.",['Natural Disaster'],Yellow,[4],1,fil
760,"Tulong! Nakawan sa sari-sari store, minor lang. Bilisan po.",['Crime'],Green,[1],0,fil
761,"Crime and Fire reported, yellow. Please respond.","['Crime', 'Fire']",Yellow,"[1, 0]",1,tl
762,"Help! Natural Disaster plus Other, green. ASAP.","['Natural Disaster', 'Other']",Green,"[4, 5]",0,fil
763,"Tulong! Assault, kailangan ng ambulance. Padala agad.",['Crime'],Yellow,[1],1,fil
764,"Help! Earthquake, building collapse, people trapped! Please respond.",['Natural Disaster'],Red,[4],2,fil
765,"Urgent! Accident plus Other, yellow. Please respond.","['Accident', 'Other']",Yellow,"[2, 5]",1,tl
766,"May medical at fire, yellow. Please respond.","['Medical', 'Fire']",Yellow,"[3, 0]",1,fil
767,"Emergency! May nanganak na, critical!",['Medical'],Red,[3],2,fil
768,"Urgent! Natural Disaster plus Other, black. ASAP.","['Natural Disaster', 'Other']",Black,"[4, 5]",3,fil
769,"Urgent! May fire at other, red. ASAP.","['Fire', 'Other']",Red,"[0, 5]",2,fil
770,"Sir Baha na, tumataas ang tubig.",['Natural Disaster'],Yellow,[4],1,fil
771,"Urgent! May natural disaster at other, green. ASAP.","['Natural Disaster', 'Other']",Green,"[4, 5]",0,fil
772,"May crime at fire, green. ASAP.","['Crime', 'Fire']",Green,"[1, 0]",0,fil
773,"Fire plus Accident, yellow. ASAP.","['Fire', 'Accident']",Yellow,"[0, 2]",1,tl
774,"Help! Accident plus Natural Disaster, green. Please respond.","['Accident', 'Natural Disaster']",Green,"[2, 4]",0,fil
775,"May accident at other, green. Please respond.","['Accident', 'Other']",Green,"[2, 5]",0,fil
776,"Ma'am Hindi humihinga ang tao, CPR needed!",['Medical'],Red,[3],2,fil
777,"Urgent! Accident plus Other, red.","['Accident', 'Other']",Red,"[2, 5]",2,tl
778,"Tulong! May sunog sa bahay, may tao na trap sa loob! Bilisan po.",['Fire'],Red,[0],2,fil
779,"Help! May other at fire, black.","['Other', 'Fire']",Black,"[5, 0]",3,tl
780,"Help! May crime at accident, black. ASAP.","['Crime', 'Accident']",Black,"[1, 2]",3,fil
781,"Nasagasaan, patay na po. Bilisan po.",['Accident'],Black,[2],3,fil
782,"Help! Natural Disaster and Other reported, yellow. Please respond.","['Natural Disaster', 'Other']",Yellow,"[4, 5]",1,fil
783,"Emergency! Sunog sa bodega, malakas na ang apoy. pls.",['Fire'],Yellow,[0],1,fil
784,"Urgent! Medical and Accident reported, red. ASAP.","['Medical', 'Accident']",Red,"[3, 2]",2,fil
785,"Help! May fire at accident, red.","['Fire', 'Accident']",Red,"[0, 2]",2,tl
786,"Truck nasagasaan ang tao, kailangan ng ambulance. Bilisan po.",['Accident'],Yellow,[2],1,fil
787,"Urgent! May fire at other, yellow. ASAP.","['Fire', 'Other']",Yellow,"[0, 5]",1,fil
788,"Natural Disaster plus Other, black. Please respond.","['Natural Disaster', 'Other']",Black,"[4, 5]",3,fil
789,"Help! May other at accident, red. ASAP.","['Other', 'Accident']",Red,"[5, 2]",2,fil
790,"Help! May accident at medical, red. ASAP.","['Accident', 'Medical']",Red,"[2, 3]",2,fil
791,"Help! Crime and Medical reported, green. ASAP.","['Crime', 'Medical']",Green,"[1, 3]",0,fil
792,"Tulong! Baha na, tumataas ang tubig. Bilisan po.",['Natural Disaster'],Yellow,[4],1,fil
793,"Urgent! Crime and Other reported, yellow. Please respond.","['Crime', 'Other']",Yellow,"[1, 5]",1,tl
794,"Help! Other and Medical reported, black. Please respond.","['Other', 'Medical']",Black,"[5, 3]",3,tl
795,"Urgent! Natural Disaster plus Fire, black. ASAP.","['Natural Disaster', 'Fire']",Black,"[4, 0]",3,fil
796,"Urgent! Accident and Medical reported, red.","['Accident', 'Medical']",Red,"[2, 3]",2,tl
797,"Building burning, may tao pa sa loob. Please respond.",['Fire'],Yellow,[0],1,fil
798,"Urgent! Accident plus Fire, red. ASAP.","['Accident', 'Fire']",Red,"[2, 0]",2,tl
799,"Help! May accident at crime, yellow. ASAP.","['Accident', 'Crime']",Yellow,"[2, 1]",1,fil
800,"Boss Holdap may baril, may nasaktan! Bilisan po.",['Crime'],Red,[1],2,fil
801,"Help! Accident and Medical reported, yellow. ASAP.","['Accident', 'Medical']",Yellow,"[2, 3]",1,fil
802,"Accident and Fire reported, red. Please respond.","['Accident', 'Fire']",Red,"[2, 0]",2,tl
803,"Emergency! Riot sa rally, may nasugatan.",['Other'],Yellow,[5],1,fil
804,"Urgent! Crime plus Accident, green.","['Crime', 'Accident']",Green,"[1, 2]",0,tl
805,"Help! May accident at medical, green. ASAP.","['Accident', 'Medical']",Green,"[2, 3]",0,fil
806,"Help! Medical and Crime reported, black. ASAP.","['Medical', 'Crime']",Black,"[3, 1]",3,fil
807,"Emergency! No signs of life, patay na po. Padala agad.",['Medical'],Black,[3],3,fil
808,"Boss Holdap sa jeep, may nasaksak. Bilisan po.",['Crime'],Yellow,[1],1,fil
809,"Urgent! Fatal stabbing, victim pronounced dead.",['Crime'],Black,[1],3,tl
810,"Medical plus Fire, red. Please respond.","['Medical', 'Fire']",Red,"[3, 0]",2,tl
811,"Help! Small fire sa labas, na-control na. Please respond.",['Fire'],Green,[0],0,fil
812,"Help! Accident plus Other, red.","['Accident', 'Other']",Red,"[2, 5]",2,tl
813,"Urgent! Fire plus Other, green.","['Fire', 'Other']",Green,"[0, 5]",0,tl
814,"Urgent! Fire plus Accident, green. Please respond.","['Fire', 'Accident']",Green,"[0, 2]",0,tl
815,Boss May baha pero mababa pa. Padala agad.,['Natural Disaster'],Green,[4],0,tl
816,"Urgent! Natural Disaster plus Medical, black. ASAP.","['Natural Disaster', 'Medical']",Black,"[4, 3]",3,fil
817,"Sir Malubhang banggaan, may hindi humihinga!",['Accident'],Red,[2],2,fil
818,"Urgent! May medical at crime, black. ASAP.","['Medical', 'Crime']",Black,"[3, 1]",3,fil
819,"Urgent! Accident plus Other, yellow. ASAP.","['Accident', 'Other']",Yellow,"[2, 5]",1,tl
820,"Help! Other and Crime reported, yellow.","['Other', 'Crime']",Yellow,"[5, 1]",1,tl
821,"Help! May other at natural disaster, black. Please respond.","['Other', 'Natural Disaster']",Black,"[5, 4]",3,fil
822,"Help! Shooting incident, severe bleeding! Please respond.",['Crime'],Red,[1],2,fil
823,"Crime plus Medical, red. Please respond.","['Crime', 'Medical']",Red,"[1, 3]",2,tl
824,"Tulong! Rollover, critical ang pasahero! Padala agad.",['Accident'],Red,[2],2,fil
825,"Sir May bata nawawala pa, kailangan ng tulong.",['Other'],Yellow,[5],1,fil
826,"Tulong! May patay sa shooting, wala nang pulso. Bilisan po.",['Crime'],Black,[1],3,fil
827,"Urgent! May accident at fire, red. ASAP.","['Accident', 'Fire']",Red,"[2, 0]",2,fil
828,"Sir Baha na, tumataas ang tubig. Padala agad.",['Natural Disaster'],Yellow,[4],1,fil
829,"Help! Fire and Crime reported, green.","['Fire', 'Crime']",Green,"[0, 1]",0,tl
830,"Building burning, may tao pa sa loob. ASAP.",['Fire'],Yellow,[0],1,fil
831,"Urgent! Accident plus Fire, yellow.","['Accident', 'Fire']",Yellow,"[2, 0]",1,tl
832,"Urgent! May other at accident, green. ASAP.","['Other', 'Accident']",Green,"[5, 2]",0,fil
833,"Urgent! Crime and Natural Disaster reported, green.","['Crime', 'Natural Disaster']",Green,"[1, 4]",0,fil
834,"Help! Accident and Medical reported, yellow. Please respond.","['Accident', 'Medical']",Yellow,"[2, 3]",1,tl
835,"Help! May accident at crime, red. ASAP.","['Accident', 'Crime']",Red,"[2, 1]",2,fil
836,"Ma'am Riot sa rally, may nasugatan. Padala agad.",['Other'],Yellow,[5],1,fil
837,"Help! Medical and Crime reported, yellow. ASAP.","['Medical', 'Crime']",Yellow,"[3, 1]",1,fil
838,"Car crash, may injured. Please respond.",['Accident'],Yellow,[2],1,fil
839,"May stroke victim, kailangan agad ng hospital. pls.",['Medical'],Yellow,[3],1,fil
840,"Sir May bata nawawala, nakita na. pls.",['Other'],Green,[5],0,fil
841,"Urgent! Medical and Accident reported, black. ASAP.","['Medical', 'Accident']",Black,"[3, 2]",3,fil
842,"Urgent! Fire and Accident reported, yellow. ASAP.","['Fire', 'Accident']",Yellow,"[0, 2]",1,fil
843,"Fire plus Natural Disaster, yellow. ASAP.","['Fire', 'Natural Disaster']",Yellow,"[0, 4]",1,fil
844,"Diabetic, low sugar lang, na-revive na. Please respond.",['Medical'],Green,[3],0,fil
845,"Boss Assault, kailangan ng ambulance. Bilisan po.",['Crime'],Yellow,[1],1,fil
846,"Tulong! May nanganak na, critical!",['Medical'],Red,[3],2,fil
847,"Emergency! Rollover, critical ang pasahero!",['Accident'],Red,[2],2,fil
848,"Crime and Accident reported, black. ASAP.","['Crime', 'Accident']",Black,"[1, 2]",3,fil
849,"Help! May hostage sa tindahan, stable pa naman. Please respond.",['Crime'],Yellow,[1],1,fil
850,"Urgent! Crime plus Fire, black. Please respond.","['Crime', 'Fire']",Black,"[1, 0]",3,tl
851,"Ma'am Motor naaksidente, nasugatan ang driver. Bilisan po.",['Accident'],Yellow,[2],1,fil
852,"Help! Accident plus Fire, yellow. ASAP.","['Accident', 'Fire']",Yellow,"[2, 0]",1,tl
853,"Help! Crime and Natural Disaster reported, green. ASAP.","['Crime', 'Natural Disaster']",Green,"[1, 4]",0,fil
854,"Help! Crime plus Natural Disaster, red.","['Crime', 'Natural Disaster']",Red,"[1, 4]",2,fil
855,"Emergency! Holdap may baril, may nasaktan! Bilisan po.",['Crime'],Red,[1],2,fil
856,"Help! Robbery, may baril ang suspect. Please respond.",['Crime'],Yellow,[1],1,fil
857,"Tulong! Walang pulso, deceased na. pls.",['Medical'],Black,[3],3,fil
858,"Urgent! Other and Natural Disaster reported, red. ASAP.","['Other', 'Natural Disaster']",Red,"[5, 4]",2,fil
859,"Help! Fatal stabbing, victim pronounced dead.",['Crime'],Black,[1],3,tl
860,"Fire plus Accident, green. Please respond.","['Fire', 'Accident']",Green,"[0, 2]",0,tl
861,"Tulong! Jeep tumama sa poste, may pasahero na nasaktan.",['Accident'],Yellow,[2],1,fil
862,"Medical plus Other, yellow. Please respond.","['Medical', 'Other']",Yellow,"[3, 5]",1,tl
863,"Urgent! May crime at accident, black. Please respond.","['Crime', 'Accident']",Black,"[1, 2]",3,fil
864,"Boss Nasagasaan, patay na po. pls.",['Accident'],Black,[2],3,fil
865,"Natural Disaster plus Medical, black. ASAP.","['Natural Disaster', 'Medical']",Black,"[4, 3]",3,fil
866,"Urgent! May fire at accident, red.","['Fire', 'Accident']",Red,"[0, 2]",2,tl
867,"Help! May crime at other, red.","['Crime', 'Other']",Red,"[1, 5]",2,tl
868,"Ma'am Severe bleeding, malakas ang dugo! Bilisan po.",['Medical'],Red,[3],2,fil
869,"Accident plus Other, yellow. ASAP.","['Accident', 'Other']",Yellow,"[2, 5]",1,tl
870,"Urgent! May other at accident, yellow.","['Other', 'Accident']",Yellow,"[5, 2]",1,tl
871,"Boss May nanganak na, critical! pls.",['Medical'],Red,[3],2,fil
872,"Sir Nasunog ang bahay, may namatay na. Padala agad.",['Fire'],Black,[0],3,fil
873,"Help! Medical plus Crime, yellow. Please respond.","['Medical', 'Crime']",Yellow,"[3, 1]",1,tl
874,"Urgent! Crime plus Medical, red. Please respond.","['Crime', 'Medical']",Red,"[1, 3]",2,tl
875,"May accident at medical, red. Please respond.","['Accident', 'Medical']",Red,"[2, 3]",2,fil
876,"Urgent! May natural disaster at crime, black. Please respond.","['Natural Disaster', 'Crime']",Black,"[4, 1]",3,fil
877,"May patay sa shooting, wala nang pulso. Padala agad.",['Crime'],Black,[1],3,fil
878,"Tulong! Bagyo wasak ang bubong, may injured. Padala agad.",['Natural Disaster'],Yellow,[4],1,fil
879,"Emergency! Sunog sa factory, maraming workers pa sa loob! Bilisan po.",['Fire'],Red,[0],2,fil
880,"Urgent! Crime plus Medical, green. Please respond.","['Crime', 'Medical']",Green,"[1, 3]",0,tl
881,"Help! Natural Disaster plus Fire, black.","['Natural Disaster', 'Fire']",Black,"[4, 0]",3,fil
882,"Tulong! Motor naaksidente, nasugatan ang driver.",['Accident'],Yellow,[2],1,fil
883,"Help! Crime plus Fire, red.","['Crime', 'Fire']",Red,"[1, 0]",2,tl
884,"Tulong! Motor crash, severe bleeding ang rider! pls.",['Accident'],Red,[2],2,fil
885,"Sir May namatay sa baha, nakita ang bangkay. Bilisan po.",['Natural Disaster'],Black,[4],3,fil
886,"Urgent! Crime plus Natural Disaster, red. Please respond.","['Crime', 'Natural Disaster']",Red,"[1, 4]",2,fil
887,"Medical plus Crime, red. Please respond.","['Medical', 'Crime']",Red,"[3, 1]",2,tl
888,"Accident and Medical reported, yellow. Please respond.","['Accident', 'Medical']",Yellow,"[2, 3]",1,tl
889,"Help! Crime plus Other, black. Please respond.","['Crime', 'Other']",Black,"[1, 5]",3,tl
890,"Emergency! May nahimatay pero nagising na, ok na. Padala agad.",['Medical'],Green,[3],0,fil
891,"Urgent! May accident at other, yellow.","['Accident', 'Other']",Yellow,"[2, 5]",1,tl
892,"Mild allergic reaction, stable na. ASAP.",['Medical'],Green,[3],0,fil
893,"Urgent! Accident plus Crime, red. ASAP.","['Accident', 'Crime']",Red,"[2, 1]",2,tl
894,"Help! Fire plus Medical, red. ASAP.","['Fire', 'Medical']",Red,"[0, 3]",2,tl
895,"Emergency! May bugbog, nasugatan ang biktima. pls.",['Crime'],Yellow,[1],1,fil
896,"Urgent! Fire plus Other, green. Please respond.","['Fire', 'Other']",Green,"[0, 5]",0,tl
897,"Help! Fire plus Accident, green. ASAP.","['Fire', 'Accident']",Green,"[0, 2]",0,tl
898,"Help! Medical plus Natural Disaster, black. ASAP.","['Medical', 'Natural Disaster']",Black,"[3, 4]",3,fil
899,"Urgent! May fire at medical, red. Please respond.","['Fire', 'Medical']",Red,"[0, 3]",2,fil
900,"May fire at accident, red. ASAP.","['Fire', 'Accident']",Red,"[0, 2]",2,fil
901,"Help! Natural Disaster plus Accident, black. Please respond.","['Natural Disaster', 'Accident']",Black,"[4, 2]",3,fil
902,"Urgent! Motor nadulas pero ok lang, minor lang. ASAP.",['Accident'],Green,[2],0,fil
903,"Help! May accident at fire, black. Please respond.","['Accident', 'Fire']",Black,"[2, 0]",3,fil
904,"Help! May medical at other, yellow. Please respond.","['Medical', 'Other']",Yellow,"[3, 5]",1,fil
905,"Medical plus Crime, yellow. ASAP.","['Medical', 'Crime']",Yellow,"[3, 1]",1,tl
906,"Help! Crime plus Medical, red. ASAP.","['Crime', 'Medical']",Red,"[1, 3]",2,tl
907,"Help! May fire at natural disaster, yellow. Please respond.","['Fire', 'Natural Disaster']",Yellow,"[0, 4]",1,fil
908,"Help! Child missing, may suspect!",['Other'],Red,[5],2,fil
909,"Urgent! Medical and Natural Disaster reported, red. Please respond.","['Medical', 'Natural Disaster']",Red,"[3, 4]",2,fil
910,"Tulong! May namatay sa aksidente, wala nang pulso. pls.",['Accident'],Black,[2],3,fil
911,"Urgent! May natural disaster at crime, red. Please respond.","['Natural Disaster', 'Crime']",Red,"[4, 1]",2,fil
912,"Urgent! Fire victim, no pulse na po. Please respond.",['Fire'],Black,[0],3,fil
913,"Help! Accident and Fire reported, red. Please respond.","['Accident', 'Fire']",Red,"[2, 0]",2,tl
914,"Urgent! Fire plus Accident, yellow. ASAP.","['Fire', 'Accident']",Yellow,"[0, 2]",1,tl
915,"Help! Accident and Fire reported, yellow.","['Accident', 'Fire']",Yellow,"[2, 0]",1,tl
916,Boss Nakita ang bangkay sa ilog. Bilisan po.,['Other'],Black,[5],3,fil
917,"Crime plus Medical, black. ASAP.","['Crime', 'Medical']",Black,"[1, 3]",3,tl
918,"Help! Accident plus Crime, black. ASAP.","['Accident', 'Crime']",Black,"[2, 1]",3,tl
919,"Emergency! Brownout, walang kuryente.",['Other'],Green,[5],0,fil
920,"Help! May accident at other, yellow.","['Accident', 'Other']",Yellow,"[2, 5]",1,tl
921,"Help! Landslide victim, deceased na.",['Natural Disaster'],Black,[4],3,tl
922,"Tulong! No signs of life, patay na po. Padala agad.",['Medical'],Black,[3],3,fil
923,"Boss May sunog sa bahay, kailangan ng fire truck!",['Fire'],Yellow,[0],1,fil
924,"Urgent! Storm surge, kailangan ng rescue.",['Natural Disaster'],Yellow,[4],1,fil
925,"Urgent! Crime and Medical reported, red. Please respond.","['Crime', 'Medical']",Red,"[1, 3]",2,tl
926,"Emergency! Hostage situation, may kutsilyo! Bilisan po.",['Crime'],Red,[1],2,fil
927,"Natural Disaster and Fire reported, yellow. ASAP.","['Natural Disaster', 'Fire']",Yellow,"[4, 0]",1,fil
928,"Help! May other at fire, black. ASAP.","['Other', 'Fire']",Black,"[5, 0]",3,fil
929,"Urgent! May crime at accident, black. ASAP.","['Crime', 'Accident']",Black,"[1, 2]",3,fil
930,"Urgent! Fire plus Natural Disaster, yellow. Please respond.","['Fire', 'Natural Disaster']",Yellow,"[0, 4]",1,fil
931,"Urgent! May crime at fire, yellow.","['Crime', 'Fire']",Yellow,"[1, 0]",1,tl
932,"Help! Natural Disaster plus Accident, red. Please respond.","['Natural Disaster', 'Accident']",Red,"[4, 2]",2,fil
933,"Ma'am Nakawan sa sari-sari store, minor lang. pls.",['Crime'],Green,[1],0,fil
934,"Tulong! Assault, kailangan ng ambulance.",['Crime'],Yellow,[1],1,fil
935,"Sir May patay sa sunog, hindi na humihinga. pls.",['Fire'],Black,[0],3,fil
936,"May other at natural disaster, black. ASAP.","['Other', 'Natural Disaster']",Black,"[5, 4]",3,fil
937,"Help! Crime and Other reported, black.","['Crime', 'Other']",Black,"[1, 5]",3,tl
938,"Help! May medical at fire, yellow. Please respond.","['Medical', 'Fire']",Yellow,"[3, 0]",1,fil
939,"Overdose, not breathing! Please respond.",['Medical'],Red,[3],2,fil
940,"Help! May medical at crime, red.","['Medical', 'Crime']",Red,"[3, 1]",2,tl
941,"Urgent! Crime and Medical reported, green. Please respond.","['Crime', 'Medical']",Green,"[1, 3]",0,tl
942,"Help! May natural disaster at fire, yellow.","['Natural Disaster', 'Fire']",Yellow,"[4, 0]",1,fil
943,"Emergency! May patay sa shooting, wala nang pulso. pls.",['Crime'],Black,[1],3,fil
944,"Sunog sa factory, maraming workers pa sa loob! Bilisan po.",['Fire'],Red,[0],2,fil
945,"Help! Crime plus Fire, black. ASAP.","['Crime', 'Fire']",Black,"[1, 0]",3,tl
946,"Help! May medical at natural disaster, yellow. ASAP.","['Medical', 'Natural Disaster']",Yellow,"[3, 4]",1,fil
947,"Boss Baha na, tumataas ang tubig. Padala agad.",['Natural Disaster'],Yellow,[4],1,fil
948,"Help! Crime and Other reported, yellow.","['Crime', 'Other']",Yellow,"[1, 5]",1,tl
949,"May other at accident, green. ASAP.","['Other', 'Accident']",Green,"[5, 2]",0,fil
950,"Boss May namatay sa aksidente, wala nang pulso. Padala agad.",['Accident'],Black,[2],3,fil
951,"Sir Holdap may baril, may nasaktan! pls.",['Crime'],Red,[1],2,fil
952,"Urgent! May crime at natural disaster, red. Please respond.","['Crime', 'Natural Disaster']",Red,"[1, 4]",2,fil
953,"Urgent! Robbery, may baril ang suspect. Please respond.",['Crime'],Yellow,[1],1,fil
954,"Urgent! Accident and Fire reported, yellow.","['Accident', 'Fire']",Yellow,"[2, 0]",1,tl
955,"Boss Walang pulso, deceased na.",['Medical'],Black,[3],3,fil
956,"Help! Crime plus Other, green.","['Crime', 'Other']",Green,"[1, 5]",0,tl
957,"Tulong! May stroke victim, kailangan agad ng hospital. pls.",['Medical'],Yellow,[3],1,fil
958,"Urgent! Medical plus Fire, red. Please respond.","['Medical', 'Fire']",Red,"[3, 0]",2,tl
959,"Emergency! Hostage situation, may kutsilyo!",['Crime'],Red,[1],2,tl
960,"Boss Nasagasaan, patay na po. Padala agad.",['Accident'],Black,[2],3,fil
961,"Help! Crime and Other reported, green. ASAP.","['Crime', 'Other']",Green,"[1, 5]",0,fil
962,"Help! Flooding, need evacuation.",['Natural Disaster'],Yellow,[4],1,tl
963,"Elderly collapsed, needs treatment soon. Please respond.",['Medical'],Yellow,[3],1,tl
964,"Help! Natural Disaster plus Medical, black. ASAP.","['Natural Disaster', 'Medical']",Black,"[4, 3]",3,fil
965,"Urgent! CPR failed, pronounced dead. ASAP.",['Medical'],Black,[3],3,tl
966,"Help! Other and Fire reported, green. Please respond.","['Other', 'Fire']",Green,"[5, 0]",0,tl
967,"Baha mataas na, may tao na trap sa bubong! Bilisan po.",['Natural Disaster'],Red,[4],2,fil
968,"Urgent! Crime and Other reported, black. Please respond.","['Crime', 'Other']",Black,"[1, 5]",3,tl
969,"Help! May natural disaster at accident, green.","['Natural Disaster', 'Accident']",Green,"[4, 2]",0,fil
970,"Ma'am May nagnakaw ng cellphone, nakita na namin ang suspect.",['Crime'],Green,[1],0,fil
971,"Help! May medical at natural disaster, red.","['Medical', 'Natural Disaster']",Red,"[3, 4]",2,fil
972,"Help! May other at accident, red.","['Other', 'Accident']",Red,"[5, 2]",2,tl
973,"Ma'am May bata nawawala pa, kailangan ng tulong. pls.",['Other'],Yellow,[5],1,fil
974,"May fire at natural disaster, yellow. Please respond.","['Fire', 'Natural Disaster']",Yellow,"[0, 4]",1,fil
975,"Sir Gas leak malakas, may nahimatay! Padala agad.",['Other'],Red,[5],2,fil
976,"Emergency! May binaril, malubha! Padala agad.",['Crime'],Red,[1],2,fil
977,"Help! Child missing, may suspect! ASAP.",['Other'],Red,[5],2,fil
978,"Help! Fire and Accident reported, red.","['Fire', 'Accident']",Red,"[0, 2]",2,tl
979,"Urgent! Fatal crash, driver deceased. Please respond.",['Accident'],Black,[2],3,tl
980,"Urgent! Building burning, may tao pa sa loob.",['Fire'],Yellow,[0],1,fil
981,"Help! Natural Disaster and Crime reported, red. Please respond.","['Natural Disaster', 'Crime']",Red,"[4, 1]",2,fil
982,"Help! Accident plus Fire, red. Please respond.","['Accident', 'Fire']",Red,"[2, 0]",2,tl
983,"Urgent! Crime plus Natural Disaster, red. ASAP.","['Crime', 'Natural Disaster']",Red,"[1, 4]",2,fil
984,"Tulong! Riot sa rally, may nasugatan. Padala agad.",['Other'],Yellow,[5],1,fil
985,"Holdap sa jeep, may nasaksak. Bilisan po.",['Crime'],Yellow,[1],1,fil
986,"May sunog sa bahay, may tao na trap sa loob! Bilisan po.",['Fire'],Red,[0],2,fil
987,"Urgent! Fire plus Accident, green. ASAP.","['Fire', 'Accident']",Green,"[0, 2]",0,tl
988,"May crime at other, green. ASAP.","['Crime', 'Other']",Green,"[1, 5]",0,fil
989,"Urgent! Fire and Crime reported, black. Please respond.","['Fire', 'Crime']",Black,"[0, 1]",3,tl
990,"Fire and Accident reported, yellow. ASAP.","['Fire', 'Accident']",Yellow,"[0, 2]",1,fil
991,"Minor collision sa kalsada, gasgas lang. Bilisan po.",['Accident'],Green,[2],0,fil
992,"Help! Elderly collapsed, needs treatment soon. Please respond.",['Medical'],Yellow,[3],1,tl
993,"Boss Sunog sa bodega, malakas na ang apoy. Padala agad.",['Fire'],Yellow,[0],1,fil
994,"May medical at crime, black. Please respond.","['Medical', 'Crime']",Black,"[3, 1]",3,fil
995,"Help! Other and Fire reported, green. ASAP.","['Other', 'Fire']",Green,"[5, 0]",0,fil
996,"Help! Accident plus Crime, green. ASAP.","['Accident', 'Crime']",Green,"[2, 1]",0,tl
997,"Help! Natural Disaster plus Other, black. Please respond.","['Natural Disaster', 'Other']",Black,"[4, 5]",3,fil
998,"Motor nadulas pero ok lang, minor lang. ASAP.",['Accident'],Green,[2],0,fil
999,"Help! May medical at other, yellow. ASAP.","['Medical', 'Other']",Yellow,"[3, 5]",1,fil
1000,"Tulong! Nasunog ang bahay, may namatay na. Bilisan po.",['Fire'],Black,[0],3,fil
1001,Nakita ang bangkay sa ilog. pls,['Other'],Black,[5],3,fil
1002,"Urgent! May accident at other, yellow. pls","['Accident', 'Other']",Yellow,"[2, 5]",1,tl
1003,Help at Urgent.,"['Medical', 'Natural Disaster', 'Other']",Green,"[3, 4, 5]",0,tl
1004,"Nasunog ang bahay, may namatay na at Seizure, kailangan ng ambulance.","['Fire', 'Medical']",Black,"[0, 3]",3,fil
1005,"Urgent! May accident at fire, red. ASAP. pls","['Accident', 'Fire']",Red,"[2, 0]",2,fil
1006,"Boss Nasusunog yung tindahan, may nasugatan. Bilisan po. pls",['Fire'],Yellow,[0],1,fil
1007,"Help! May accident at natural disaster, red!","['Accident', 'Natural Disaster']",Red,"[2, 4]",2,fil
1008,"Small fire sa labas, na-control na at Help.","['Fire', 'Medical']",Green,"[0, 3]",0,fil
1009,"Sir May bata nawawala pa, kailangan ng tulong at May other at accident, yellow.","['Accident', 'Other']",Yellow,"[2, 5]",1,fil
1010,Help at Emergency.,"['Medical', 'Natural Disaster', 'Other']",Black,"[3, 4, 5]",3,tl
1011,"Boss May patay sa shooting, wala nang pulso at Help.","['Crime', 'Natural Disaster', 'Other']",Black,"[1, 4, 5]",3,fil
1012,Tulong at Help.,"['Accident', 'Fire', 'Other']",Yellow,"[2, 0, 5]",1,tl
1013,Urgent at Help.,"['Accident', 'Crime', 'Fire', 'Medical']",Red,"[2, 1, 0, 3]",2,tl
1014,"Malubhang banggaan, may hindi humihinga! pls",['Accident'],Red,[2],2,fil
1015,"Urgent! Accident plus Fire, red!","['Accident', 'Fire']",Red,"[2, 0]",2,tl
1016,"Boss May sumakit ang ulo, minor lang! Padala agad!",['Medical'],Green,[3],0,fil
1017,"Accident plus Fire, red at Urgent.","['Accident', 'Fire', 'Other']",Red,"[2, 0, 5]",2,tl
1018,"Help! May other at fire, black. ASAP. pls","['Other', 'Fire']",Black,"[5, 0]",3,fil
1019,"Bangga ng kotse sa parking, walang sugat at Urgent.","['Accident', 'Crime']",Red,"[2, 1]",2,fil
1020,"Help! Accident and Medical reported, red. pls","['Accident', 'Medical']",Red,"[2, 3]",2,tl
1021,"Urgent! Other and Natural Disaster reported, green! Please respond!","['Other', 'Natural Disaster']",Green,"[5, 4]",0,fil
1022,"Boss Sunog sa bodega, malakas na ang apoy at Medical and Crime reported, red.","['Crime', 'Fire', 'Medical']",Red,"[1, 0, 3]",2,fil
1023,"Urgent at Gas leak reported, minor lang.","['Crime', 'Medical', 'Other']",Red,"[1, 3, 5]",2,fil
1024,"Urgent at Medical and Accident reported, black.","['Accident', 'Crime', 'Medical']",Black,"[2, 1, 3]",3,tl
1025,"Severe bleeding, malakas ang dugo at Bangga ng kotse sa parking, walang sugat.","['Accident', 'Medical']",Red,"[2, 3]",2,fil
1026,"Help! Elderly collapsed, needs treatment soon. Please respond. pls",['Medical'],Yellow,[3],1,tl
1027,"May bugbog, nasugatan ang biktima at May medical at fire, yellow.","['Crime', 'Fire', 'Medical']",Yellow,"[1, 0, 3]",1,fil
1028,"Urgent! Other plus Fire, red. Please respond. pls","['Other', 'Fire']",Red,"[5, 0]",2,tl
1029,"May accident at fire, red. ASAP. pls","['Accident', 'Fire']",Red,"[2, 0]",2,fil
1030,"Urgent at Ma'am Pinatay ang biktima, deceased na.","['Accident', 'Crime']",Black,"[2, 1]",3,fil
1031,"Urgent at May natural disaster at crime, yellow.","['Crime', 'Fire', 'Natural Disaster', 'Other']",Yellow,"[1, 0, 4, 5]",1,fil
1032,"Sir Sunog sa bodega, malakas na ang apoy at Sir May stroke victim, kailangan agad ng hospital.","['Fire', 'Medical']",Yellow,"[0, 3]",1,fil
1033,"May nagnakaw ng cellphone, nakita na namin ang suspect. pls",['Crime'],Green,[1],0,fil
1034,"Sir May stroke victim, kailangan agad ng hospital!",['Medical'],Yellow,[3],1,fil
1035,Help at Tulong.,"['Fire', 'Natural Disaster', 'Other']",Red,"[0, 4, 5]",2,tl
1036,"Overdose, not breathing at Help.","['Medical', 'Natural Disaster']",Red,"[3, 4]",2,tl
1037,"Emergency at Ma'am Baha na, tumataas ang tubig.","['Natural Disaster', 'Other']",Yellow,"[4, 5]",1,fil
1038,"Crime and Fire reported, yellow at Help.","['Crime', 'Fire']",Yellow,"[1, 0]",1,tl
1039,"Accident plus Crime, black! ASAP!","['Accident', 'Crime']",Black,"[2, 1]",3,tl
1040,"Medical plus Accident, yellow at Stabbing, critical condition.","['Accident', 'Crime', 'Medical']",Red,"[2, 1, 3]",2,tl
1041,"Urgent! House fire, need help! pls",['Fire'],Yellow,[0],1,tl
1042,"Missing person, hinahanap pa at Crime and Fire reported, red.","['Crime', 'Fire', 'Other']",Red,"[1, 0, 5]",2,fil
1043,"Tulong at Accident and Fire reported, red.","['Accident', 'Fire']",Red,"[2, 0]",2,fil
1044,"Natural Disaster plus Fire, black at Help.","['Fire', 'Natural Disaster']",Black,"[0, 4]",3,fil
1045,"Urgent! Fire plus Natural Disaster, red! ASAP!","['Fire', 'Natural Disaster']",Red,"[0, 4]",2,fil
1046,"Bangga ng kotse sa parking, walang sugat at Crime plus Medical, green.","['Accident', 'Crime', 'Medical']",Green,"[2, 1, 3]",0,fil
1047,"Help! Mild allergic reaction, stable na. Please respond. pls",['Medical'],Green,[3],0,fil
1048,Emergency at Help.,"['Accident', 'Crime', 'Medical']",Red,"[2, 1, 3]",2,tl
1049,Tulong at Missing person found deceased.,"['Crime', 'Other']",Black,"[1, 5]",3,tl
1050,"Help at Fire and Other reported, yellow.","['Crime', 'Fire', 'Natural Disaster', 'Other']",Yellow,"[1, 0, 4, 5]",1,tl
1051,"Ma'am Lindol kanina, may mga nasugatan sa landslide!",['Natural Disaster'],Yellow,[4],1,fil
1052,Urgent at Sir Nakita ang bangkay sa ilog.,"['Medical', 'Other']",Black,"[3, 5]",3,fil
1053,"Boss Hindi humihinga ang tao, CPR needed at Urgent.","['Crime', 'Medical']",Red,"[1, 3]",2,fil
1054,"Boss Sunog sa basurahan lang, konti na lang. pls",['Fire'],Green,[0],0,fil
1055,"May crime at accident, black at Sir Nasunog ang bahay, may namatay na.","['Accident', 'Crime', 'Fire']",Black,"[2, 1, 0]",3,fil
1056,"Tulong! May patay sa shooting, wala nang pulso! Bilisan po!",['Crime'],Black,[1],3,fil
1057,"Urgent! May fire at other, yellow. ASAP. pls","['Fire', 'Other']",Yellow,"[0, 5]",1,fil
1058,"Help at May crime at accident, yellow.","['Accident', 'Crime']",Black,"[2, 1]",3,tl
1059,Urgent at Tulong.,"['Accident', 'Fire', 'Other']",Red,"[2, 0, 5]",2,tl
1060,"Other plus Accident, yellow at Urgent.","['Accident', 'Fire', 'Other']",Red,"[2, 0, 5]",2,tl
1061,"May accident at fire, red at Help.","['Accident', 'Crime', 'Fire', 'Other']",Black,"[2, 1, 0, 5]",3,tl
1062,"Boss May sumakit ang ulo, minor lang at Help.","['Accident', 'Fire', 'Medical']",Red,"[2, 0, 3]",2,fil
1063,"Help! Medical plus Fire, red. Please respond. pls","['Medical', 'Fire']",Red,"[3, 0]",2,tl
1064,"Truck nasagasaan ang tao, kailangan ng ambulance at Mild allergic reaction, stable na.","['Accident', 'Medical']",Yellow,"[2, 3]",1,fil
1065,"May sunog sa bahay, may tao na trap sa loob at Ma'am Landslide, may na-bury na tao.","['Fire', 'Natural Disaster']",Red,"[0, 4]",2,fil
1066,"Help! Other plus Fire, red. ASAP. pls","['Other', 'Fire']",Red,"[5, 0]",2,tl
1067,"May nanganak na, critical! Padala agad. pls",['Medical'],Red,[3],2,fil
1068,Tulong at Urgent.,"['Accident', 'Medical', 'Natural Disaster']",Yellow,"[2, 3, 4]",1,tl
1069,"Sunog sa basurahan lang, konti na lang! Bilisan po!",['Fire'],Green,[0],0,fil
1070,"Accident plus Fire, red. ASAP. pls","['Accident', 'Fire']",Red,"[2, 0]",2,tl
1071,"Help at Fire plus Accident, yellow.","['Accident', 'Fire', 'Medical']",Yellow,"[2, 0, 3]",1,tl
1072,"Urgent! May natural disaster at accident, green! Please respond!","['Natural Disaster', 'Accident']",Green,"[4, 2]",0,fil
1073,"May crime at other, green at Emergency.","['Accident', 'Crime', 'Other']",Red,"[2, 1, 5]",2,tl
1074,"Urgent! Natural Disaster and Fire reported, black! Please respond!","['Natural Disaster', 'Fire']",Black,"[4, 0]",3,fil
1075,"Sir May bata nawawala pa, kailangan ng tulong!",['Other'],Yellow,[5],1,fil
1076,"Accident and Fire reported, red at Malakas na sunog, hindi makahinga ang mga tao.","['Accident', 'Fire']",Red,"[2, 0]",2,fil
1077,"Fire plus Natural Disaster, yellow at May smoke sa bahay pero minor lang po.","['Fire', 'Natural Disaster']",Yellow,"[0, 4]",1,fil
1078,"May patay sa sunog, hindi na humihinga at Urgent.","['Fire', 'Medical']",Black,"[0, 3]",3,fil
1079,"Help! May medical at natural disaster, red!","['Medical', 'Natural Disaster']",Red,"[3, 4]",2,fil
1080,"Medical and Crime reported, green at Hindi humihinga ang tao, CPR needed.","['Crime', 'Medical']",Red,"[1, 3]",2,fil
1081,"Medical plus Other, yellow! ASAP!","['Medical', 'Other']",Yellow,"[3, 5]",1,tl
1082,"Help! Accident and Fire reported, red! ASAP!","['Accident', 'Fire']",Red,"[2, 0]",2,fil
1083,"Shooting incident, severe bleeding at Help.","['Crime', 'Fire', 'Medical']",Red,"[1, 0, 3]",2,tl
1084,"Urgent! Crime and Medical reported, black! Please respond!","['Crime', 'Medical']",Black,"[1, 3]",3,tl
1085,"Help! Small fire sa labas, na-control na. pls",['Fire'],Green,[0],0,fil
1086,"Motor nadulas pero ok lang, minor lang at Help.","['Accident', 'Medical', 'Natural Disaster']",Red,"[2, 3, 4]",2,fil
1087,"Urgent at Ma'am Nasunog ang bahay, may namatay na.","['Fire', 'Natural Disaster']",Black,"[0, 4]",3,fil
1088,"Petty theft reported, suspect fled!",['Crime'],Green,[1],0,tl
1089,"Urgent! Natural Disaster plus Medical, black! Please respond!","['Natural Disaster', 'Medical']",Black,"[4, 3]",3,fil
1090,"Tulong at Medical and Accident reported, black.","['Accident', 'Crime', 'Medical']",Black,"[2, 1, 3]",3,fil
1091,"Boss Hostage situation, may kutsilyo at Tulong.","['Crime', 'Other']",Red,"[1, 5]",2,fil
1092,"Help! May accident at fire, red. ASAP. pls","['Accident', 'Fire']",Red,"[2, 0]",2,fil
1093,"May fire at natural disaster, yellow. Please respond. pls","['Fire', 'Natural Disaster']",Yellow,"[0, 4]",1,fil
1094,Urgent at May baha pero mababa pa.,"['Accident', 'Fire', 'Natural Disaster']",Yellow,"[2, 0, 4]",1,tl
1095,"Boss Sunog sa bodega, malakas na ang apoy at Help.","['Accident', 'Fire', 'Other']",Yellow,"[2, 0, 5]",1,fil
1096,"Emergency! Sunog sa factory, maraming workers pa sa loob! Bilisan po!",['Fire'],Red,[0],2,fil
1097,"Urgent! May medical at natural disaster, red. pls","['Medical', 'Natural Disaster']",Red,"[3, 4]",2,fil
1098,"Help at Other plus Accident, yellow.","['Accident', 'Fire', 'Other']",Yellow,"[2, 0, 5]",1,tl
1099,"Help! May crime at fire, black. Please respond. pls","['Crime', 'Fire']",Black,"[1, 0]",3,fil
1100,"Sir May patay sa sunog, hindi na humihinga at Bagyo wasak ang bubong, may injured.","['Fire', 'Natural Disaster']",Black,"[0, 4]",3,fil
1101,"Urgent! Natural Disaster plus Fire, black! Please respond!","['Natural Disaster', 'Fire']",Black,"[4, 0]",3,fil
1102,"Ma'am Landslide, may na-bury na tao at Urgent.","['Accident', 'Fire', 'Natural Disaster']",Red,"[2, 0, 4]",2,fil
1103,"Fire and Other reported, yellow at Urgent.","['Accident', 'Fire', 'Other']",Yellow,"[2, 0, 5]",1,tl
1104,"Crime plus Fire, black at Urgent.","['Crime', 'Fire', 'Other']",Black,"[1, 0, 5]",3,tl
1105,"Medical plus Crime, red! Please respond!","['Medical', 'Crime']",Red,"[3, 1]",2,tl
1106,"Fire plus Accident, black at Urgent.","['Accident', 'Crime', 'Fire', 'Medical']",Black,"[2, 1, 0, 3]",3,tl
1107,"Urgent at May accident at other, green.","['Accident', 'Other']",Yellow,"[2, 5]",1,tl
1108,"Sir Sunog sa bodega, malakas na ang apoy at May accident at other, yellow.","['Accident', 'Fire', 'Other']",Yellow,"[2, 0, 5]",1,fil
1109,"Urgent at Sir Motor crash, severe bleeding ang rider.","['Accident', 'Fire']",Red,"[2, 0]",2,fil
1110,"Severe bleeding, malakas ang dugo! Bilisan po. pls",['Medical'],Red,[3],2,fil
1111,"Sir May stroke victim, kailangan agad ng hospital at Fire plus Other, yellow.","['Fire', 'Medical', 'Other']",Yellow,"[0, 3, 5]",1,fil
1112,"Help at Sir Rollover, critical ang pasahero.","['Accident', 'Crime', 'Medical']",Red,"[2, 1, 3]",2,fil
1113,"Help! Natural Disaster and Fire reported, yellow. ASAP. pls","['Natural Disaster', 'Fire']",Yellow,"[4, 0]",1,fil
1114,"May nagnakaw ng cellphone, nakita na namin ang suspect at Help.","['Crime', 'Other']",Green,"[1, 5]",0,fil
1115,"Urgent! Natural Disaster plus Medical, black. ASAP. pls","['Natural Disaster', 'Medical']",Black,"[4, 3]",3,fil
1116,"Fire plus Other, yellow! ASAP!","['Fire', 'Other']",Yellow,"[0, 5]",1,tl
1117,"Urgent! May accident at fire, yellow. pls","['Accident', 'Fire']",Yellow,"[2, 0]",1,tl
1118,"Urgent at Sir May nagnakaw ng cellphone, nakita na namin ang suspect.","['Accident', 'Crime']",Yellow,"[2, 1]",1,fil
1119,"Heart attack, stable pa pero urgent! Bilisan po!",['Medical'],Yellow,[3],1,fil
1120,"May sumakit ang ulo, minor lang! Bilisan po!",['Medical'],Green,[3],0,fil
1121,"Sir Riot sa rally, may nasugatan at Help.","['Fire', 'Other']",Yellow,"[0, 5]",1,fil
1122,"No signs of life, patay na po at Accident plus Crime, black.","['Accident', 'Crime', 'Medical']",Black,"[2, 1, 3]",3,fil
1123,"Help at No signs of life, patay na po.","['Medical', 'Natural Disaster', 'Other']",Black,"[3, 4, 5]",3,fil
1124,"May nahihirapang huminga, asthmatic at Urgent.","['Medical', 'Other']",Yellow,"[3, 5]",1,fil
1125,"Urgent at Ma'am Flash flood, maraming hindi makalabas.","['Natural Disaster', 'Other']",Black,"[4, 5]",3,fil
1126,"Help at Car crash, may injured.","['Accident', 'Medical']",Red,"[2, 3]",2,tl
1127,"Urgent! Other and Medical reported, green. ASAP. pls","['Other', 'Medical']",Green,"[5, 3]",0,fil
1128,"Help! Accident and Fire reported, yellow. Please respond. pls","['Accident', 'Fire']",Yellow,"[2, 0]",1,tl
1129,"Ma'am May namatay sa aksidente, wala nang pulso at Crime plus Natural Disaster, red.","['Accident', 'Crime', 'Natural Disaster']",Black,"[2, 1, 4]",3,fil
1130,"Ma'am Motor naaksidente, nasugatan ang driver at May other at accident, red.","['Accident', 'Other']",Red,"[2, 5]",2,fil
1131,"Sir Riot sa rally, may nasugatan at Urgent.","['Accident', 'Other']",Yellow,"[2, 5]",1,fil
1132,"Tulong at Boss Sunog sa factory, maraming workers pa sa loob.","['Accident', 'Fire']",Red,"[2, 0]",2,fil
1133,"Emergency! May usok sa kusina pero walang apoy pa, safe naman! Padala agad!",['Fire'],Green,[0],0,fil
1134,"Help at May fire at natural disaster, yellow.","['Fire', 'Natural Disaster']",Black,"[0, 4]",3,fil
1135,"Urgent at Minor collision sa kalsada, gasgas lang.","['Accident', 'Crime', 'Medical']",Yellow,"[2, 1, 3]",1,fil
1136,"Fire and Natural Disaster reported, black at Sir Assault, kailangan ng ambulance.","['Crime', 'Fire', 'Natural Disaster']",Black,"[1, 0, 4]",3,fil
1137,"Urgent! Crime plus Other, black. pls","['Crime', 'Other']",Black,"[1, 5]",3,tl
1138,"Accident plus Crime, black at Urgent.","['Accident', 'Crime', 'Natural Disaster', 'Other']",Black,"[2, 1, 4, 5]",3,tl
1139,"Urgent at May crime at natural disaster, black.","['Accident', 'Crime', 'Natural Disaster']",Black,"[2, 1, 4]",3,fil
1140,"Other plus Accident, green at Help.","['Accident', 'Crime', 'Other']",Green,"[2, 1, 5]",0,tl
1141,"Crime plus Fire, black! ASAP!","['Crime', 'Fire']",Black,"[1, 0]",3,tl
1142,"May accident at medical, green! ASAP!","['Accident', 'Medical']",Green,"[2, 3]",0,fil
1143,"Severe bleeding, malakas ang dugo at Help.","['Fire', 'Medical', 'Natural Disaster']",Red,"[0, 3, 4]",2,fil
1144,Urgent at Boss Malakas ang ulan pero ok pa naman.,"['Medical', 'Natural Disaster']",Green,"[3, 4]",0,fil
1145,"Urgent! Crime and Fire reported, yellow! ASAP!","['Crime', 'Fire']",Yellow,"[1, 0]",1,fil
1146,"Sunog sa basurahan lang, konti na lang. pls",['Fire'],Green,[0],0,fil
1147,"Urgent! Crime and Other reported, yellow! Please respond!","['Crime', 'Other']",Yellow,"[1, 5]",1,tl
1148,"Baha na, tumataas ang tubig at Boss May sumakit ang ulo, minor lang.","['Medical', 'Natural Disaster']",Yellow,"[3, 4]",1,fil
1149,"May nahihirapang huminga, asthmatic at Ma'am Riot sa rally, may nasugatan.","['Medical', 'Other']",Yellow,"[3, 5]",1,fil
1150,"Urgent! May medical at crime, black! ASAP!","['Medical', 'Crime']",Black,"[3, 1]",3,fil
1151,"Boss Holdap sa jeep, may nasaksak. Bilisan.",['Crime'],Yellow,[1],1,fil
1152,"Ma'am Malubhang banggaan, may hindi humihinga at Help.","['Accident', 'Fire', 'Natural Disaster']",Black,"[2, 0, 4]",3,fil
1153,"Natural Disaster and Medical reported, black at Other and Natural Disaster reported, red.","['Medical', 'Natural Disaster', 'Other']",Black,"[3, 4, 5]",3,fil
1154,"May crime at other, green. ASAP. pls","['Crime', 'Other']",Green,"[1, 5]",0,fil
1155,"Ma'am Severe bleeding, malakas ang dugo at Urgent.","['Fire', 'Medical']",Red,"[0, 3]",2,fil
1156,"Sunog sa bodega, malakas na ang apoy at Help.","['Fire', 'Natural Disaster']",Black,"[0, 4]",3,fil
1157,"Help! Fire victim, no pulse na po! Please respond!",['Fire'],Black,[0],3,fil
1158,"Boss May binaril, malubha at Medical plus Crime, red.","['Crime', 'Medical']",Red,"[1, 3]",2,fil
1159,"Assault, kailangan ng ambulance. pls",['Crime'],Yellow,[1],1,fil
1160,"Urgent! Medical plus Natural Disaster, black! ASAP!","['Medical', 'Natural Disaster']",Black,"[3, 4]",3,fil
1161,"Sunog sa factory, maraming workers pa sa loob at Urgent.","['Accident', 'Fire']",Red,"[2, 0]",2,fil
1162,"Urgent! Accident plus Crime, red. pls","['Accident', 'Crime']",Red,"[2, 1]",2,tl
1163,"Help at Structure fire, may bata na naiwan.","['Accident', 'Crime', 'Fire']",Red,"[2, 1, 0]",2,fil
1164,"Ma'am May namatay sa aksidente, wala nang pulso..",['Accident'],Black,[2],3,fil
1165,"Urgent! Storm damage sa bubong, minor lang! Please respond!",['Natural Disaster'],Green,[4],0,fil
1166,"Truck nasagasaan ang tao, kailangan ng ambulance at Medical and Crime reported, black.","['Accident', 'Crime', 'Medical']",Black,"[2, 1, 3]",3,fil
1167,"Flooding, need evacuation at Urgent.","['Crime', 'Medical', 'Natural Disaster']",Yellow,"[1, 3, 4]",1,tl
1168,"Sunog sa factory, maraming workers pa sa loob! Bilisan po. pls",['Fire'],Red,[0],2,fil
1169,"Help at Fire plus Natural Disaster, red.","['Fire', 'Natural Disaster']",Red,"[0, 4]",2,fil
1170,"Natural Disaster plus Medical, black! ASAP!","['Natural Disaster', 'Medical']",Black,"[4, 3]",3,fil
1171,"Urgent! Accident plus Fire, red! ASAP!","['Accident', 'Fire']",Red,"[2, 0]",2,tl
1172,"May stroke victim, kailangan agad ng hospital at Urgent.","['Medical', 'Natural Disaster']",Yellow,"[3, 4]",1,fil
1173,"May fire at medical, red at Shooting incident, severe bleeding.","['Crime', 'Fire', 'Medical']",Red,"[1, 0, 3]",2,fil
1174,"Boss Hostage situation, may kutsilyo! Padala agad!",['Crime'],Red,[1],2,tl
1175,"May other at accident, yellow at Help.","['Accident', 'Crime', 'Other']",Red,"[2, 1, 5]",2,tl
1176,"May other at fire, black at Help.","['Accident', 'Crime', 'Fire', 'Other']",Black,"[2, 1, 0, 5]",3,tl
1177,"Help! Natural Disaster and Crime reported, red. Please respond. pls","['Natural Disaster', 'Crime']",Red,"[4, 1]",2,fil
1178,"May sumakit ang ulo, minor lang at Robbery, may baril ang suspect.","['Crime', 'Medical']",Yellow,"[1, 3]",1,fil
1179,"Suspicious package, nag-evacuate na at May crime at other, green.","['Crime', 'Other']",Yellow,"[1, 5]",1,fil
1180,"Help at Minor collision sa kalsada, gasgas lang.","['Accident', 'Natural Disaster']",Red,"[2, 4]",2,fil
1181,"Help! Crime and Other reported, green. ASAP. pls","['Crime', 'Other']",Green,"[1, 5]",0,fil
1182,"May other at fire, black at Ma'am May namatay sa aksidente, wala nang pulso.","['Accident', 'Fire', 'Other']",Black,"[2, 0, 5]",3,fil
1183,"Medical and Crime reported, red at Help.","['Accident', 'Crime', 'Medical']",Red,"[2, 1, 3]",2,tl
1184,"Medical and Crime reported, black! ASAP!","['Medical', 'Crime']",Black,"[3, 1]",3,fil
1185,"Boss Holdap sa jeep, may nasaksak! Bilisan po!",['Crime'],Yellow,[1],1,fil
1186,"Help at May other at fire, black.","['Crime', 'Fire', 'Other']",Black,"[1, 0, 5]",3,tl
1187,"Sir Malubhang banggaan, may hindi humihinga! Bilisan po!",['Accident'],Red,[2],2,fil
1188,"Help at Boss May binaril, malubha.","['Crime', 'Medical']",Red,"[1, 3]",2,fil
1189,"Urgent at Other and Natural Disaster reported, red.","['Accident', 'Crime', 'Natural Disaster', 'Other']",Red,"[2, 1, 4, 5]",2,fil
1190,Urgent at Emergency.,"['Medical', 'Natural Disaster', 'Other']",Red,"[3, 4, 5]",2,tl
1191,"Help at Ma'am Sunog sa basurahan lang, konti na lang.","['Fire', 'Natural Disaster', 'Other']",Black,"[0, 4, 5]",3,fil
1192,"Help at Ma'am May nagnakaw ng cellphone, nakita na namin ang suspect.","['Accident', 'Crime', 'Other']",Yellow,"[2, 1, 5]",1,fil
1193,"Urgent! Accident and Fire reported, yellow. pls","['Accident', 'Fire']",Yellow,"[2, 0]",1,tl
1194,"Mild allergic reaction, stable na at Help.","['Accident', 'Fire', 'Medical']",Yellow,"[2, 0, 3]",1,tl
1195,"Help! Robbery, may baril ang suspect! Please respond!",['Crime'],Yellow,[1],1,fil
1196,"Medical plus Other, yellow. ASAP. pls","['Medical', 'Other']",Yellow,"[3, 5]",1,tl
1197,"May medical at fire, yellow. Please respond. pls","['Medical', 'Fire']",Yellow,"[3, 0]",1,fil
1198,"Help at Overdose, not breathing.","['Accident', 'Fire', 'Medical']",Red,"[2, 0, 3]",2,tl
1199,"Boss May patay sa shooting, wala nang pulso!",['Crime'],Black,[1],3,fil
1200,"Urgent at Mild allergic reaction, stable na.","['Crime', 'Medical']",Green,"[1, 3]",0,tl
1201,"Help! May crime at fire, yellow. Please respond. pls","['Crime', 'Fire']",Yellow,"[1, 0]",1,fil
1202,"Help! Crime plus Accident, black. Please respond. pls","['Crime', 'Accident']",Black,"[1, 2]",3,tl
1203,"Medical plus Crime, red at Help.","['Crime', 'Medical', 'Natural Disaster']",Red,"[1, 3, 4]",2,tl
1204,"Emergency at Structure fire, may bata na naiwan.","['Crime', 'Fire']",Black,"[1, 0]",3,fil
1205,Tulong at Sir May baha pero mababa pa.,"['Crime', 'Natural Disaster']",Yellow,"[1, 4]",1,fil
1206,"Medical plus Fire, red at Urgent.","['Accident', 'Fire', 'Medical', 'Other']",Red,"[2, 0, 3, 5]",2,tl
1207,"Medical plus Natural Disaster, yellow at Help.","['Crime', 'Medical', 'Natural Disaster', 'Other']",Yellow,"[1, 3, 4, 5]",1,fil
1208,"Urgent at Medical and Crime reported, black.","['Crime', 'Medical', 'Natural Disaster']",Black,"[1, 3, 4]",3,tl
1209,"Tulong! Riot sa rally, may nasugatan! Padala agad!",['Other'],Yellow,[5],1,fil
1210,"Help! May medical at fire, green!","['Medical', 'Fire']",Green,"[3, 0]",0,tl
1211,"Help at Sir May usok sa kusina pero walang apoy pa, safe naman.","['Crime', 'Fire', 'Other']",Black,"[1, 0, 5]",3,fil
1212,"Urgent! Crime plus Medical, red. Please respond. pls","['Crime', 'Medical']",Red,"[1, 3]",2,tl
1213,"Accident plus Crime, green at Urgent.","['Accident', 'Crime', 'Fire']",Yellow,"[2, 1, 0]",1,tl
1214,"Boss May namatay sa aksidente, wala nang pulso at Help.","['Accident', 'Other']",Black,"[2, 5]",3,fil
1215,"Fire and Crime reported, green. ASAP. pls","['Fire', 'Crime']",Green,"[0, 1]",0,fil
1216,"Truck accident, people trapped at Help.","['Accident', 'Natural Disaster']",Red,"[2, 4]",2,tl
1217,"Crime and Medical reported, black at Other and Crime reported, yellow.","['Crime', 'Medical', 'Other']",Black,"[1, 3, 5]",3,tl
1218,"Fire and Accident reported, yellow! ASAP!","['Fire', 'Accident']",Yellow,"[0, 2]",1,fil
1219,"Emergency! May nahimatay pero nagising na, ok na. Padala agad. pls",['Medical'],Green,[3],0,fil
1220,"Ma'am Sunog sa basurahan lang, konti na lang at May crime at natural disaster, red.","['Crime', 'Fire', 'Natural Disaster']",Red,"[1, 0, 4]",2,fil
1221,"Pinatay ang biktima, deceased na at Malakas na sunog, hindi makahinga ang mga tao.","['Crime', 'Fire']",Black,"[1, 0]",3,fil
1222,"Sir Walang pulso, deceased na at Petty theft reported, suspect fled.","['Crime', 'Medical']",Black,"[1, 3]",3,fil
1223,"Sir May nagnakaw ng cellphone, nakita na namin ang suspect. Bilisan po. pls",['Crime'],Green,[1],0,fil
1224,"May crime at fire, yellow at Help.","['Crime', 'Fire', 'Other']",Black,"[1, 0, 5]",3,tl
1225,"Ma'am May namatay sa aksidente, wala nang pulso at Sir Hostage situation, may kutsilyo.","['Accident', 'Crime']",Black,"[2, 1]",3,fil
1226,"Urgent! Medical plus Other, green! ASAP!","['Medical', 'Other']",Green,"[3, 5]",0,tl
1227,"Emergency! May nanganak na, critical! Bilisan.",['Medical'],Red,[3],2,fil
1228,"Urgent at May nag-attempt ng break-in, na-scare off na.","['Crime', 'Natural Disaster']",Yellow,"[1, 4]",1,fil
1229,"Tulong at Boss Nasusunog yung tindahan, may nasugatan.","['Fire', 'Medical']",Yellow,"[0, 3]",1,fil
1230,"Bangga ng kotse sa parking, walang sugat at Help.","['Accident', 'Natural Disaster', 'Other']",Yellow,"[2, 4, 5]",1,fil
1231,"Urgent at Holdap may baril, may nasaktan.","['Crime', 'Natural Disaster']",Black,"[1, 4]",3,fil
1232,"Sir Gas leak malakas, may nahimatay at Boss Sunog sa bodega, malakas na ang apoy.","['Fire', 'Other']",Red,"[0, 5]",2,fil
1233,"Sir Riot, may baril! pls. pls",['Other'],Red,[5],2,tl
1234,"Emergency at Sir May bugbog, nasugatan ang biktima.","['Crime', 'Fire']",Yellow,"[1, 0]",1,fil
1235,"Help! May crime at accident, yellow!","['Crime', 'Accident']",Yellow,"[1, 2]",1,tl
1236,"Help! Other plus Medical, green. pls","['Other', 'Medical']",Green,"[5, 3]",0,tl
1237,"Accident plus Crime, green at Natural Disaster plus Fire, black.","['Accident', 'Crime', 'Fire', 'Natural Disaster']",Black,"[2, 1, 0, 4]",3,fil
1238,"Boss Nasusunog yung tindahan, may nasugatan at Fatal stabbing, victim pronounced dead.","['Crime', 'Fire']",Black,"[1, 0]",3,fil
1239,"Boss Sunog sa bodega, malakas na ang apoy at May fire at medical, red.","['Fire', 'Medical']",Red,"[0, 3]",2,fil
1240,"Urgent at Hostage situation, may kutsilyo.","['Crime', 'Medical', 'Other']",Black,"[1, 3, 5]",3,tl
1241,"Other and Fire reported, green at Nakita ang bangkay sa ilog.","['Fire', 'Other']",Black,"[0, 5]",3,fil
1242,Help! Missing person found deceased! Please respond!,['Other'],Black,[5],3,fil
1243,"Emergency at Accident plus Other, red.","['Accident', 'Crime', 'Other']",Black,"[2, 1, 5]",3,tl
1244,"Urgent! Building burning, may tao pa sa loob!",['Fire'],Yellow,[0],1,fil
1245,"Crime plus Accident, green at Natural Disaster plus Medical, black.","['Accident', 'Crime', 'Medical', 'Natural Disaster']",Black,"[2, 1, 3, 4]",3,fil
1246,"Boss May baha pero mababa pa at Boss May binaril, malubha.","['Crime', 'Natural Disaster']",Red,"[1, 4]",2,fil
1247,"Help at Heart attack, unconscious.","['Fire', 'Medical']",Red,"[0, 3]",2,tl
1248,"Urgent! Medical plus Natural Disaster, yellow. ASAP. pls","['Medical', 'Natural Disaster']",Yellow,"[3, 4]",1,fil
1249,"Medical and Other reported, green at Help.","['Crime', 'Medical', 'Other']",Green,"[1, 3, 5]",0,tl
1250,"Help! May fire at medical, red! ASAP!","['Fire', 'Medical']",Red,"[0, 3]",2,fil
1251,Missing person found deceased!,['Other'],Black,[5],3,tl
1252,"May fire at accident, yellow! ASAP!","['Fire', 'Accident']",Yellow,"[0, 2]",1,fil
1253,"Child missing, may suspect at May crime at other, green.","['Crime', 'Other']",Red,"[1, 5]",2,fil
1254,"Urgent! May crime at natural disaster, red! Please respond!","['Crime', 'Natural Disaster']",Red,"[1, 4]",2,fil
1255,"Help at Natural Disaster and Fire reported, green.","['Fire', 'Natural Disaster', 'Other']",Green,"[0, 4, 5]",0,fil
1256,"Urgent at May other at natural disaster, black.","['Crime', 'Medical', 'Natural Disaster', 'Other']",Black,"[1, 3, 4, 5]",3,fil
1257,"Urgent at Boss May patay sa shooting, wala nang pulso.","['Crime', 'Natural Disaster', 'Other']",Black,"[1, 4, 5]",3,fil
1258,"Help! Flooding, need evacuation!",['Natural Disaster'],Yellow,[4],1,tl
1259,"Help! May crime at fire, yellow! ASAP!","['Crime', 'Fire']",Yellow,"[1, 0]",1,fil
1260,"Emergency! May bata nawawala pa, kailangan ng tulong!",['Other'],Yellow,[5],1,fil
1261,"Medical plus Fire, red at Sir Riot sa rally, may nasugatan.","['Fire', 'Medical', 'Other']",Red,"[0, 3, 5]",2,fil
1262,"Natural Disaster plus Accident, yellow at Help.","['Accident', 'Fire', 'Natural Disaster']",Black,"[2, 0, 4]",3,fil
1263,"Tulong! May sumakit ang ulo, minor lang. Padala agad. pls",['Medical'],Green,[3],0,fil
1264,"Urgent at Crime plus Other, black.","['Accident', 'Crime', 'Other']",Black,"[2, 1, 5]",3,tl
1265,"Heart attack, stable pa pero urgent at Medical plus Accident, yellow.","['Accident', 'Medical']",Yellow,"[2, 3]",1,tl
1266,"Fatal crash, driver deceased at Crime plus Other, black.","['Accident', 'Crime', 'Other']",Black,"[2, 1, 5]",3,tl
1267,Urgent! Lost child found na. Please respond.,['Other'],Green,[5],0,fil
1268,"Crime and Medical reported, red at Urgent.","['Crime', 'Fire', 'Medical']",Red,"[1, 0, 3]",2,tl
1269,"Sir May patay sa sunog, hindi na humihinga at Accident plus Other, red.","['Accident', 'Fire', 'Other']",Black,"[2, 0, 5]",3,fil
1270,"Nasagasaan, patay na po at Urgent.","['Accident', 'Natural Disaster']",Black,"[2, 4]",3,fil
1271,"Sir Riot, may baril! pls!",['Other'],Red,[5],2,tl
1272,"Help! Medical and Crime reported, yellow. ASAP. pls","['Medical', 'Crime']",Yellow,"[3, 1]",1,fil
1273,"Elderly collapsed, needs treatment soon. pls",['Medical'],Yellow,[3],1,tl
1274,Boss Nakita ang bangkay sa ilog. Bilisan po. pls,['Other'],Black,[5],3,fil
1275,Nakita ang bangkay sa ilog at Urgent.,"['Accident', 'Other']",Black,"[2, 5]",3,fil
1276,"Natural Disaster plus Other, black! Please respond!","['Natural Disaster', 'Other']",Black,"[4, 5]",3,fil
1277,"Urgent at Fire plus Accident, black.","['Accident', 'Crime', 'Fire']",Black,"[2, 1, 0]",3,tl
1278,"Help at May crime at natural disaster, black.","['Accident', 'Crime', 'Natural Disaster']",Black,"[2, 1, 4]",3,fil
1279,"May nahihirapang huminga, asthmatic..",['Medical'],Yellow,[3],1,fil
1280,"Urgent at May patay sa shooting, wala nang pulso.","['Accident', 'Crime', 'Medical']",Black,"[2, 1, 3]",3,fil
1281,"Medical plus Crime, yellow at Urgent.","['Crime', 'Medical', 'Natural Disaster']",Red,"[1, 3, 4]",2,tl
1282,"Urgent! Accident plus Crime, green. pls","['Accident', 'Crime']",Green,"[2, 1]",0,tl
1283,"May bata nawawala, nakita na at Help.","['Accident', 'Natural Disaster', 'Other']",Red,"[2, 4, 5]",2,fil
1284,"Urgent at Sir Holdap sa jeep, may nasaksak.","['Crime', 'Fire']",Yellow,"[1, 0]",1,fil
1285,"Sir Hindi humihinga ang tao, CPR needed at Help.","['Fire', 'Medical', 'Natural Disaster']",Red,"[0, 3, 4]",2,fil
1286,"Urgent at Ma'am Riot sa rally, may nasugatan.","['Crime', 'Fire', 'Other']",Black,"[1, 0, 5]",3,fil
1287,"Sir May sunog sa bahay, kailangan ng fire truck at Emergency.","['Fire', 'Medical']",Red,"[0, 3]",2,fil
1288,"Natural Disaster and Medical reported, black at Urgent.","['Accident', 'Crime', 'Medical', 'Natural Disaster']",Black,"[2, 1, 3, 4]",3,fil
1289,"Help! May natural disaster at other, red. ASAP. pls","['Natural Disaster', 'Other']",Red,"[4, 5]",2,fil
1290,"Help at Child missing, may suspect.","['Natural Disaster', 'Other']",Red,"[4, 5]",2,fil
1291,"Urgent! Fire sa apartment, people trapped inside! pls",['Fire'],Red,[0],2,tl
1292,"Fire and Natural Disaster reported, black at Urgent.","['Fire', 'Medical', 'Natural Disaster']",Black,"[0, 3, 4]",3,fil
1293,"Emergency at Holdap sa jeep, may nasaksak.","['Crime', 'Medical']",Black,"[1, 3]",3,fil
1294,"Elderly collapsed, needs treatment soon!",['Medical'],Yellow,[3],1,tl
1295,"Ma'am Nasunog ang bahay, may namatay na at Boss Nasagasaan, patay na po.","['Accident', 'Fire']",Black,"[2, 0]",3,fil
1296,"Tulong! Nakawan sa sari-sari store, minor lang! Bilisan po!",['Crime'],Green,[1],0,fil
1297,"Urgent at Robbery, may baril ang suspect.","['Crime', 'Medical', 'Other']",Black,"[1, 3, 5]",3,fil
1298,"Other plus Fire, green. ASAP. pls","['Other', 'Fire']",Green,"[5, 0]",0,tl
1299,Tulong at May baha pero mababa pa.,"['Crime', 'Natural Disaster']",Green,"[1, 4]",0,fil
1300,"Emergency at Accident plus Crime, green.","['Accident', 'Crime']",Yellow,"[2, 1]",1,tl
1301,"Ma'am Rollover, critical ang pasahero at Fire and Accident reported, yellow.","['Accident', 'Fire']",Red,"[2, 0]",2,fil
1302,"Help at Boss May patay sa shooting, wala nang pulso.","['Crime', 'Medical', 'Other']",Black,"[1, 3, 5]",3,fil
1303,"May bata nawawala, nakita na at Emergency.","['Fire', 'Other']",Yellow,"[0, 5]",1,fil
1304,"Tulong! Nasagasaan, patay na po!",['Accident'],Black,[2],3,fil
1305,"Urgent! Hit and run, victim needs treatment. pls",['Accident'],Yellow,[2],1,tl
1306,"Sir Rollover, critical ang pasahero at Tulong.","['Accident', 'Crime']",Red,"[2, 1]",2,fil
1307,"Help at Crime and Fire reported, red.","['Accident', 'Crime', 'Fire', 'Natural Disaster']",Red,"[2, 1, 0, 4]",2,tl
1308,Urgent at Boss May baha pero mababa pa.,"['Accident', 'Fire', 'Natural Disaster']",Yellow,"[2, 0, 4]",1,tl
1309,"CPR failed, pronounced dead at Emergency.","['Accident', 'Medical']",Black,"[2, 3]",3,tl
1310,"Emergency at Medical and Other reported, green.","['Medical', 'Other']",Yellow,"[3, 5]",1,tl
1311,"Boss Baha mataas na, may tao na trap sa bubong at Urgent.","['Accident', 'Medical', 'Natural Disaster']",Black,"[2, 3, 4]",3,fil
1312,"Help! Medical plus Other, yellow!","['Medical', 'Other']",Yellow,"[3, 5]",1,tl
1313,"Help at Malubhang banggaan, may hindi humihinga.","['Accident', 'Medical', 'Natural Disaster']",Red,"[2, 3, 4]",2,fil
1314,"Crime plus Other, green at Help.","['Accident', 'Crime', 'Other']",Red,"[2, 1, 5]",2,tl
1315,"Sunog sa bodega, malakas na ang apoy. pls",['Fire'],Yellow,[0],1,fil
1316,"Urgent at Boss May sunog sa bahay, kailangan ng fire truck.","['Fire', 'Natural Disaster', 'Other']",Yellow,"[0, 4, 5]",1,fil
1317,"Urgent! Other and Medical reported, black!","['Other', 'Medical']",Black,"[5, 3]",3,tl
1318,"Accident and Fire reported, red. Please respond. pls","['Accident', 'Fire']",Red,"[2, 0]",2,tl
1319,"Malakas na sunog, hindi makahinga ang mga tao! Padala agad!",['Fire'],Red,[0],2,fil
1320,"Nasusunog yung tindahan, may nasugatan. pls. pls",['Fire'],Yellow,[0],1,fil
1321,"Urgent! Other plus Accident, black!","['Other', 'Accident']",Black,"[5, 2]",3,tl
1322,"Ma'am May patay sa shooting, wala nang pulso at May fire at other, red.","['Crime', 'Fire', 'Other']",Black,"[1, 0, 5]",3,fil
1323,"Pinatay ang biktima, deceased na! pls!",['Crime'],Black,[1],3,fil
1324,"Urgent at Structure fire, may bata na naiwan.","['Accident', 'Fire', 'Other']",Red,"[2, 0, 5]",2,fil
1325,"Help! Crime and Other reported, black. pls","['Crime', 'Other']",Black,"[1, 5]",3,tl
1326,"May bata nawawala pa, kailangan ng tulong at Car accident, no injuries reported.","['Accident', 'Other']",Yellow,"[2, 5]",1,fil
1327,"Stabbing, critical condition at Help.","['Crime', 'Other']",Black,"[1, 5]",3,tl
1328,"Ma'am Baha na, tumataas ang tubig at Help.","['Accident', 'Fire', 'Natural Disaster']",Yellow,"[2, 0, 4]",1,fil
1329,"Help! Other and Crime reported, yellow!","['Other', 'Crime']",Yellow,"[5, 1]",1,tl
1330,"Accident plus Crime, black. Please respond. pls","['Accident', 'Crime']",Black,"[2, 1]",3,tl
1331,"Sir Riot, may baril at Storm damage sa bubong, minor lang.","['Natural Disaster', 'Other']",Red,"[4, 5]",2,fil
1332,"Urgent! May fire at other, yellow!","['Fire', 'Other']",Yellow,"[0, 5]",1,tl
1333,"Sir Gas leak malakas, may nahimatay at Pinatay ang biktima, deceased na.","['Crime', 'Other']",Black,"[1, 5]",3,fil
1334,"Help at Ma'am Rollover, critical ang pasahero.","['Accident', 'Crime', 'Other']",Red,"[2, 1, 5]",2,fil
1335,"Help! Hit and run, victim needs treatment. pls",['Accident'],Yellow,[2],1,tl
1336,"Help at Kitchen fire, napatay na namin.","['Fire', 'Other']",Yellow,"[0, 5]",1,tl
1337,"Ma'am Flash flood, maraming hindi makalabas at Crime and Fire reported, yellow.","['Crime', 'Fire', 'Natural Disaster']",Red,"[1, 0, 4]",2,fil
1338,"Urgent at Boss May sumakit ang ulo, minor lang.","['Fire', 'Medical']",Red,"[0, 3]",2,fil
1339,"May accident at medical, green! Please respond!","['Accident', 'Medical']",Green,"[2, 3]",0,fil
1340,"Diabetic, low sugar lang, na-revive na at May fire at other, yellow.","['Fire', 'Medical', 'Other']",Yellow,"[0, 3, 5]",1,fil
1341,"May accident at other, green. Please respond. pls","['Accident', 'Other']",Green,"[2, 5]",0,fil
1342,"Natural Disaster plus Medical, black at Urgent.","['Fire', 'Medical', 'Natural Disaster']",Black,"[0, 3, 4]",3,fil
1343,"Nasunog ang bahay, may namatay na at Boss Hindi humihinga ang tao, CPR needed.","['Fire', 'Medical']",Black,"[0, 3]",3,fil
1344,"Sir Baha na, tumataas ang tubig at Urgent.","['Accident', 'Natural Disaster']",Yellow,"[2, 4]",1,fil
1345,"Medical plus Natural Disaster, yellow at Urgent.","['Accident', 'Fire', 'Medical', 'Natural Disaster']",Yellow,"[2, 0, 3, 4]",1,fil
1346,"Urgent! Car crash, may injured! ASAP!",['Accident'],Yellow,[2],1,fil
1347,"Tulong at Child missing, may suspect.","['Medical', 'Other']",Black,"[3, 5]",3,fil
1348,"Brownout, walang kuryente at May sunog sa bahay, may tao na trap sa loob.","['Fire', 'Other']",Red,"[0, 5]",2,fil
1349,"Severe bleeding, malakas ang dugo at Urgent.","['Crime', 'Medical']",Red,"[1, 3]",2,fil
1350,"May fire at natural disaster, yellow at Help.","['Fire', 'Natural Disaster']",Black,"[0, 4]",3,fil
1351,"Help at Crime and Other reported, green.","['Accident', 'Crime', 'Fire', 'Other']",Black,"[2, 1, 0, 5]",3,tl
1352,"Boss Assault, kailangan ng ambulance at Ma'am Nasunog ang bahay, may namatay na.","['Crime', 'Fire']",Black,"[1, 0]",3,fil
1353,"Boss Nasusunog yung tindahan, may nasugatan!",['Fire'],Yellow,[0],1,fil
1354,"Boss Holdap sa jeep, may nasaksak at Medical and Crime reported, black.","['Crime', 'Medical']",Black,"[1, 3]",3,fil
1355,"Nasagasaan, patay na po at May bata nawawala, nakita na.","['Accident', 'Other']",Black,"[2, 5]",3,fil
1356,"Urgent! May accident at fire, red. pls","['Accident', 'Fire']",Red,"[2, 0]",2,tl
1357,"Help at Accident plus Fire, red.","['Accident', 'Fire', 'Medical', 'Other']",Red,"[2, 0, 3, 5]",2,tl
1358,"Nasagasaan, patay na.",['Accident'],Black,[2],3,fil
1359,"Other plus Accident, black! Please respond!","['Other', 'Accident']",Black,"[5, 2]",3,tl
1360,"May nagnakaw ng cellphone, nakita na namin ang suspect!",['Crime'],Green,[1],0,fil
1361,"Urgent! Other plus Accident, black. pls","['Other', 'Accident']",Black,"[5, 2]",3,tl
1362,"Hit and run, victim needs treatment at Medical plus Other, yellow.","['Accident', 'Medical', 'Other']",Yellow,"[2, 3, 5]",1,tl
1363,"Walang pulso, deceased na at Urgent.","['Fire', 'Medical']",Black,"[0, 3]",3,fil
1364,"Urgent at May fire at other, green.","['Crime', 'Fire', 'Natural Disaster', 'Other']",Red,"[1, 0, 4, 5]",2,tl
1365,"Help! Natural Disaster and Crime reported, red!","['Natural Disaster', 'Crime']",Red,"[4, 1]",2,fil
1366,"Help! May other at accident, red. ASAP. pls","['Other', 'Accident']",Red,"[5, 2]",2,fil
1367,"Help! May medical at crime, black. ASAP. pls","['Medical', 'Crime']",Black,"[3, 1]",3,fil
1368,"Sunog sa factory, maraming workers pa sa loob! Bilisan.",['Fire'],Red,[0],2,fil
1369,"Sir Riot, may baril at Help.","['Crime', 'Fire', 'Other']",Black,"[1, 0, 5]",3,tl
1370,"Boss May patay sa shooting, wala nang pulso. pls",['Crime'],Black,[1],3,fil
1371,"Help! May accident at natural disaster, red. pls","['Accident', 'Natural Disaster']",Red,"[2, 4]",2,fil
1372,"Ma'am Pinatay ang biktima, deceased na at Hit and run, victim needs treatment.","['Accident', 'Crime']",Black,"[2, 1]",3,fil
1373,"Help at Fatal crash, driver deceased.","['Accident', 'Fire', 'Medical']",Black,"[2, 0, 3]",3,tl
1374,"Tulong! No signs of life, patay na po. Padala agad. pls",['Medical'],Black,[3],3,fil
1375,"Tulong! Motor crash, severe bleeding ang rider! pls. pls",['Accident'],Red,[2],2,fil
1376,"Tulong! May nanganak na, critical! pls",['Medical'],Red,[3],2,fil
1377,"Other and Fire reported, green at Urgent.","['Crime', 'Fire', 'Medical', 'Other']",Green,"[1, 0, 3, 5]",0,tl
1378,"Ma'am Nasusunog yung tindahan, may nasugatan at Brownout, walang kuryente.","['Fire', 'Other']",Yellow,"[0, 5]",1,fil
1379,"Urgent at Pinatay ang biktima, deceased na.","['Crime', 'Fire', 'Medical']",Black,"[1, 0, 3]",3,fil
1380,"May accident at fire, red at Tulong.","['Accident', 'Fire']",Red,"[2, 0]",2,fil
1381,"Ma'am Rollover, critical ang pasahero at Help.","['Accident', 'Fire']",Red,"[2, 0]",2,fil
1382,"May sumakit ang ulo, minor lang at Hostage situation, may kutsilyo.","['Crime', 'Medical']",Red,"[1, 3]",2,fil
1383,"May crime at other, green! ASAP!","['Crime', 'Other']",Green,"[1, 5]",0,fil
1384,"Landslide, may na-bury na tao at Urgent.","['Natural Disaster', 'Other']",Black,"[4, 5]",3,fil
1385,"Help at Fire and Other reported, black.","['Fire', 'Natural Disaster', 'Other']",Black,"[0, 4, 5]",3,tl
1386,"Ma'am Malubhang banggaan, may hindi humihinga! pls. pls",['Accident'],Red,[2],2,fil
1387,"Ma'am Riot sa rally, may nasugatan at Boss Hostage situation, may kutsilyo.","['Crime', 'Other']",Red,"[1, 5]",2,fil
1388,"Urgent! Medical and Natural Disaster reported, green. Please respond. pls","['Medical', 'Natural Disaster']",Green,"[3, 4]",0,fil
1389,May baha pero mababa pa!,['Natural Disaster'],Green,[4],0,tl
1390,"Help! Fire and Crime reported, green!","['Fire', 'Crime']",Green,"[0, 1]",0,tl
1391,"Urgent! May crime at fire, yellow!","['Crime', 'Fire']",Yellow,"[1, 0]",1,tl
1392,"Medical plus Crime, yellow! ASAP!","['Medical', 'Crime']",Yellow,"[3, 1]",1,tl
1393,"Urgent at Ma'am Truck nasagasaan ang tao, kailangan ng ambulance.","['Accident', 'Fire', 'Natural Disaster']",Yellow,"[2, 0, 4]",1,fil
1394,"Urgent! Accident plus Fire, red. Please respond. pls","['Accident', 'Fire']",Red,"[2, 0]",2,tl
1395,"Help at Motor nadulas pero ok lang, minor lang.","['Accident', 'Crime', 'Other']",Green,"[2, 1, 5]",0,fil
1396,"Help! Crime plus Medical, red. Please respond. pls","['Crime', 'Medical']",Red,"[1, 3]",2,tl
1397,"Help at Medical plus Crime, red.","['Crime', 'Medical', 'Natural Disaster']",Red,"[1, 3, 4]",2,tl
1398,"Building burning, may tao pa sa loob at Help.","['Accident', 'Fire']",Black,"[2, 0]",3,fil
1399,"Urgent! Medical and Crime reported, black. pls","['Medical', 'Crime']",Black,"[3, 1]",3,tl
1400,"Urgent! Crime plus Other, black. ASAP. pls","['Crime', 'Other']",Black,"[1, 5]",3,tl
1401,"Help! House fire, need help! Please respond!",['Fire'],Yellow,[0],1,tl
1402,"Urgent at Boss Nasusunog yung tindahan, may nasugatan.","['Accident', 'Fire', 'Other']",Red,"[2, 0, 5]",2,fil
1403,"Accident plus Crime, black at Natural Disaster plus Accident, yellow.","['Accident', 'Crime', 'Natural Disaster']",Black,"[2, 1, 4]",3,fil
1404,"Ma'am May namatay sa baha, nakita ang bangkay at Help.","['Accident', 'Natural Disaster', 'Other']",Black,"[2, 4, 5]",3,fil
1405,"May accident at crime, red at Urgent.","['Accident', 'Crime', 'Fire']",Red,"[2, 1, 0]",2,tl
1406,"Natural Disaster and Fire reported, green at Sir Nasunog ang bahay, may namatay na.","['Fire', 'Natural Disaster']",Black,"[0, 4]",3,fil
1407,"Urgent at Medical plus Crime, red.","['Crime', 'Fire', 'Medical']",Black,"[1, 0, 3]",3,tl
1408,"Help! Earthquake, building collapse, people trapped! Please respond. pls",['Natural Disaster'],Red,[4],2,fil
1409,"May nag-attempt ng break-in, na-scare off na! Please respond!",['Crime'],Green,[1],0,fil
1410,"Sir May nagnakaw ng cellphone, nakita na namin ang suspect at Ma'am Motor naaksidente, nasugatan ang driver.","['Accident', 'Crime']",Yellow,"[2, 1]",1,fil
1411,"Tulong at Fatal crash, driver deceased.","['Accident', 'Crime']",Black,"[2, 1]",3,tl
1412,"Help! Medical and Crime reported, black! ASAP!","['Medical', 'Crime']",Black,"[3, 1]",3,fil
1413,"Boss Motor crash, severe bleeding ang rider at Urgent.","['Accident', 'Other']",Red,"[2, 5]",2,fil
1414,"Storm damage sa bubong, minor lang at May accident at crime, red.","['Accident', 'Crime', 'Natural Disaster']",Red,"[2, 1, 4]",2,fil
1415,"Medical and Crime reported, red at Fire plus Other, yellow.","['Crime', 'Fire', 'Medical', 'Other']",Red,"[1, 0, 3, 5]",2,tl
1416,"Fire plus Other, yellow at Help.","['Fire', 'Other']",Yellow,"[0, 5]",1,tl
1417,"Sir Malubhang banggaan, may hindi humihinga at May sunog sa bahay, kailangan ng fire truck.","['Accident', 'Fire']",Red,"[2, 0]",2,fil
1418,"Urgent! Other plus Accident, green. Please respond. pls","['Other', 'Accident']",Green,"[5, 2]",0,tl
1419,"Tulong! Landslide, may na-bury na tao! pls. pls",['Natural Disaster'],Red,[4],2,fil
1420,"Other plus Fire, green at Help.","['Fire', 'Other']",Green,"[0, 5]",0,tl
1421,"Accident plus Crime, red at Help.","['Accident', 'Crime']",Red,"[2, 1]",2,tl
1422,"May accident at medical, green at Help.","['Accident', 'Fire', 'Medical']",Black,"[2, 0, 3]",3,tl
1423,"Urgent! Car crash, may injured. pls",['Accident'],Yellow,[2],1,tl
1424,"Urgent at May nahimatay pero nagising na, ok na.","['Medical', 'Natural Disaster']",Yellow,"[3, 4]",1,fil
1425,"Help! Small fire sa labas, na-control na!",['Fire'],Green,[0],0,fil
1426,"Lindol kanina, may mga nasugatan sa landslide at Help.","['Accident', 'Crime', 'Natural Disaster']",Yellow,"[2, 1, 4]",1,fil
1427,"Help! Fatal stabbing, victim pronounced dead! Please respond!",['Crime'],Black,[1],3,fil
1428,"Emergency! May bugbog, nasugatan ang biktima. pls. pls",['Crime'],Yellow,[1],1,fil
1429,"Other and Crime reported, yellow at Medical and Natural Disaster reported, yellow.","['Crime', 'Medical', 'Natural Disaster', 'Other']",Yellow,"[1, 3, 4, 5]",1,fil
1430,"May patay sa shooting, wala nang pulso at Ma'am Landslide, may na-bury na tao.","['Crime', 'Natural Disaster']",Black,"[1, 4]",3,fil
1431,"Elderly collapsed, needs treatment soon at May nagnakaw ng cellphone, nakita na namin ang suspect.","['Crime', 'Medical']",Yellow,"[1, 3]",1,fil
1432,"Crime and Accident reported, yellow at Help.","['Accident', 'Crime']",Yellow,"[2, 1]",1,tl
1433,"Urgent at May crime at other, red.","['Crime', 'Fire', 'Medical', 'Other']",Red,"[1, 0, 3, 5]",2,tl
1434,"Urgent! Medical and Crime reported, black!","['Medical', 'Crime']",Black,"[3, 1]",3,tl
1435,"May namatay sa baha, nakita ang bangkay at May crime at natural disaster, red.","['Crime', 'Natural Disaster']",Black,"[1, 4]",3,fil
1436,"Ma'am Sunog sa basurahan lang, konti na lang at Help.","['Accident', 'Fire', 'Medical']",Red,"[2, 0, 3]",2,fil
1437,"Sir Walang pulso, deceased na at Urgent.","['Accident', 'Fire', 'Medical']",Black,"[2, 0, 3]",3,fil
1438,"Boss Nasusunog yung tindahan, may nasugatan at Natural Disaster and Fire reported, yellow.","['Fire', 'Natural Disaster']",Yellow,"[0, 4]",1,fil
1439,"Help! May medical at natural disaster, yellow! ASAP!","['Medical', 'Natural Disaster']",Yellow,"[3, 4]",1,fil
1440,"Baha mataas na, may tao na trap sa bubong at Help.","['Fire', 'Medical', 'Natural Disaster']",Red,"[0, 3, 4]",2,fil
1441,"No signs of life, patay na po!",['Medical'],Black,[3],3,fil
1442,"Nasunog ang bahay, may namatay na. pls",['Fire'],Black,[0],3,fil
1443,"Fire and Accident reported, yellow at Boss Nasagasaan, patay na po.","['Accident', 'Fire']",Black,"[2, 0]",3,fil
1444,"May accident at fire, yellow at Fatal crash, driver deceased.","['Accident', 'Fire']",Black,"[2, 0]",3,tl
1445,"Help! Car crash, may injured! ASAP!",['Accident'],Yellow,[2],1,fil
1446,"Help at Building burning, may tao pa sa loob.","['Crime', 'Fire']",Red,"[1, 0]",2,fil
1447,"Fire victim, no pulse na po at Urgent.","['Accident', 'Crime', 'Fire']",Black,"[2, 1, 0]",3,fil
1448,"Boss Malakas ang ulan pero ok pa naman at Fire and Other reported, yellow.","['Fire', 'Natural Disaster', 'Other']",Yellow,"[0, 4, 5]",1,fil
1449,"Ma'am May nagnakaw ng cellphone, nakita na namin ang suspect at Help.","['Crime', 'Fire', 'Natural Disaster']",Black,"[1, 0, 4]",3,fil
1450,Sir Nakita ang bangkay sa ilog at Help.,"['Fire', 'Other']",Black,"[0, 5]",3,fil
1451,"Boss Sunog sa bodega, malakas na ang apoy at Hostage situation, may kutsilyo.","['Crime', 'Fire']",Red,"[1, 0]",2,fil
1452,"Nasagasaan, patay na po at May fire at accident, yellow.","['Accident', 'Fire']",Black,"[2, 0]",3,fil
1453,"House fire, need help at Ma'am Pinatay ang biktima, deceased na.","['Crime', 'Fire']",Black,"[1, 0]",3,fil
1454,"Medical plus Fire, red at May other at accident, yellow.","['Accident', 'Fire', 'Medical', 'Other']",Red,"[2, 0, 3, 5]",2,tl
1455,"Urgent! Natural Disaster plus Accident, black. pls","['Natural Disaster', 'Accident']",Black,"[4, 2]",3,fil
1456,"Emergency! Sunog sa bodega, malakas na ang apoy! pls!",['Fire'],Yellow,[0],1,fil
1457,"Ma'am May namatay sa aksidente, wala nang pulso at Emergency.","['Accident', 'Medical']",Black,"[2, 3]",3,fil
1458,"Lindol kanina, may mga nasugatan sa landslide. pls",['Natural Disaster'],Yellow,[4],1,fil
1459,"May other at accident, red at Help.","['Accident', 'Medical', 'Natural Disaster', 'Other']",Red,"[2, 3, 4, 5]",2,tl
1460,"Help! May accident at other, yellow. ASAP. pls","['Accident', 'Other']",Yellow,"[2, 5]",1,fil
1461,"May namatay sa baha, nakita ang bangkay. pls",['Natural Disaster'],Black,[4],3,fil
1462,"Medical and Accident reported, black! Please respond!","['Medical', 'Accident']",Black,"[3, 2]",3,tl
1463,"Ma'am Holdap sa jeep, may nasaksak!",['Crime'],Yellow,[1],1,fil
1464,"Sir Landslide, may na-bury na tao! Padala agad. pls",['Natural Disaster'],Red,[4],2,fil
1465,"May crime at accident, black. Please respond. pls","['Crime', 'Accident']",Black,"[1, 2]",3,fil
1466,"Urgent! May crime at accident, black! ASAP!","['Crime', 'Accident']",Black,"[1, 2]",3,fil
1467,"Fire and Crime reported, green! ASAP!","['Fire', 'Crime']",Green,"[0, 1]",0,fil
1468,"Urgent! Fire plus Natural Disaster, red. ASAP. pls","['Fire', 'Natural Disaster']",Red,"[0, 4]",2,fil
1469,"Natural Disaster and Fire reported, yellow at Urgent.","['Accident', 'Fire', 'Natural Disaster', 'Other']",Yellow,"[2, 0, 4, 5]",1,fil
1470,"Urgent! Medical and Crime reported, green. pls","['Medical', 'Crime']",Green,"[3, 1]",0,tl
1471,"Urgent at Car crash, may injured.","['Accident', 'Fire', 'Other']",Yellow,"[2, 0, 5]",1,tl
1472,"Help at May fire at accident, red.","['Accident', 'Crime', 'Fire']",Black,"[2, 1, 0]",3,tl
1473,"Natural Disaster plus Medical, black at May nag-attempt ng break-in, na-scare off na.","['Crime', 'Medical', 'Natural Disaster']",Black,"[1, 3, 4]",3,fil
1474,"Other and Medical reported, black at Urgent.","['Medical', 'Other']",Black,"[3, 5]",3,tl
1475,"Urgent at Bangga ng kotse sa parking, walang sugat.","['Accident', 'Medical', 'Other']",Green,"[2, 3, 5]",0,fil
1476,"Other and Medical reported, black at Sir Sunog sa factory, maraming workers pa sa loob.","['Fire', 'Medical', 'Other']",Black,"[0, 3, 5]",3,fil
1477,"Boss Brownout, walang kuryente. Bilisan po. pls",['Other'],Green,[5],0,fil
1478,"Malubhang banggaan, may hindi humihinga at Urgent.","['Accident', 'Fire']",Red,"[2, 0]",2,fil
1479,"Tulong at May other at accident, yellow.","['Accident', 'Crime', 'Other']",Yellow,"[2, 1, 5]",1,fil
1480,"Urgent at Fire plus Medical, red.","['Accident', 'Fire', 'Medical']",Red,"[2, 0, 3]",2,tl
1481,"Ma'am Flash flood, maraming hindi makalabas at Help.","['Medical', 'Natural Disaster', 'Other']",Red,"[3, 4, 5]",2,fil
1482,"Sir Sunog sa bodega, malakas na ang apoy at Help.","['Fire', 'Medical']",Red,"[0, 3]",2,fil
1483,"Help! Fire plus Medical, red! Please respond!","['Fire', 'Medical']",Red,"[0, 3]",2,tl
1484,"Crime plus Fire, black at Sir Hindi humihinga ang tao, CPR needed.","['Crime', 'Fire', 'Medical']",Black,"[1, 0, 3]",3,fil
1485,"Crime and Fire reported, yellow at Boss May binaril, malubha.","['Crime', 'Fire']",Red,"[1, 0]",2,fil
1486,"Sir Lindol kanina, may mga nasugatan sa landslide at Ma'am Hindi humihinga ang tao, CPR needed.","['Medical', 'Natural Disaster']",Red,"[3, 4]",2,fil
1487,"May medical at crime, black at May accident at crime, red.","['Accident', 'Crime', 'Medical']",Black,"[2, 1, 3]",3,tl
1488,"Minor collision sa kalsada, gasgas lang..",['Accident'],Green,[2],0,fil
1489,"Walang pulso, deceased na at Crime and Fire reported, yellow.","['Crime', 'Fire', 'Medical']",Black,"[1, 0, 3]",3,fil
1490,"Help! Accident plus Fire, red! Please respond!","['Accident', 'Fire']",Red,"[2, 0]",2,tl
1491,"Medical and Natural Disaster reported, yellow at Urgent.","['Accident', 'Medical', 'Natural Disaster']",Red,"[2, 3, 4]",2,fil
1492,"May nahihirapang huminga, asthmatic. Bilisan po. pls",['Medical'],Yellow,[3],1,fil
1493,"Urgent! May accident at fire, black!","['Accident', 'Fire']",Black,"[2, 0]",3,tl
1494,"Crime and Fire reported, yellow at Fatal crash, driver deceased.","['Accident', 'Crime', 'Fire']",Black,"[2, 1, 0]",3,tl
1495,"Mild allergic reaction, stable na at Emergency.","['Medical', 'Other']",Red,"[3, 5]",2,tl
1496,"Tulong at Mild allergic reaction, stable na.","['Accident', 'Medical']",Yellow,"[2, 3]",1,fil
1497,"May crime at natural disaster, black at Emergency.","['Crime', 'Natural Disaster']",Black,"[1, 4]",3,fil
1498,"Natural Disaster plus Medical, black at May other at fire, black.","['Fire', 'Medical', 'Natural Disaster', 'Other']",Black,"[0, 3, 4, 5]",3,fil
1499,"Urgent! Natural Disaster plus Accident, yellow!","['Natural Disaster', 'Accident']",Yellow,"[4, 2]",1,fil
1500,"Ma'am Pinatay ang biktima, deceased na at Fire plus Accident, black.","['Accident', 'Crime', 'Fire']",Black,"[2, 1, 0]",3,fil
1501,"Accident plus Crime, green at Help.","['Accident', 'Crime', 'Fire', 'Other']",Black,"[2, 1, 0, 5]",3,tl
1502,"May nag-attempt ng break-in, na-scare off na at Tulong.","['Crime', 'Natural Disaster']",Yellow,"[1, 4]",1,fil
1503,"Urgent! Accident and Crime reported, black. ASAP. pls","['Accident', 'Crime']",Black,"[2, 1]",3,fil
1504,"Diabetic, low sugar lang, na-revive na at Urgent.","['Medical', 'Natural Disaster', 'Other']",Green,"[3, 4, 5]",0,fil
1505,"Pinatay ang biktima, deceased na at Boss Sunog sa factory, maraming workers pa sa loob.","['Crime', 'Fire']",Black,"[1, 0]",3,fil
1506,"Help at Crime plus Medical, red.","['Crime', 'Medical', 'Natural Disaster']",Red,"[1, 3, 4]",2,tl
1507,"Help! Motor nadulas pero ok lang, minor lang. Please respond. pls",['Accident'],Green,[2],0,fil
1508,"Help! May medical at natural disaster, red. pls","['Medical', 'Natural Disaster']",Red,"[3, 4]",2,fil
1509,"Tulong at May accident at medical, green.","['Accident', 'Medical', 'Natural Disaster']",Yellow,"[2, 3, 4]",1,fil
1510,"Help! Natural Disaster and Other reported, yellow. ASAP. pls","['Natural Disaster', 'Other']",Yellow,"[4, 5]",1,fil
1511,"May accident at other, yellow at Fatal crash, driver deceased.","['Accident', 'Other']",Black,"[2, 5]",3,tl
1512,"Earthquake, building collapse, people trapped! pls",['Natural Disaster'],Red,[4],2,tl
1513,"Accident plus Other, yellow. ASAP. pls","['Accident', 'Other']",Yellow,"[2, 5]",1,tl
1514,"May bata nawawala pa, kailangan ng tulong at Help.","['Fire', 'Other']",Black,"[0, 5]",3,fil
1515,"Other and Natural Disaster reported, red at Urgent.","['Medical', 'Natural Disaster', 'Other']",Red,"[3, 4, 5]",2,fil
1516,"Urgent at Sir Malubhang banggaan, may hindi humihinga.","['Accident', 'Medical', 'Natural Disaster']",Black,"[2, 3, 4]",3,fil
1517,"Boss May baha pero mababa pa at Accident and Medical reported, yellow.","['Accident', 'Medical', 'Natural Disaster']",Yellow,"[2, 3, 4]",1,fil
1518,"Urgent! May other at accident, green. Please respond. pls","['Other', 'Accident']",Green,"[5, 2]",0,fil
1519,Emergency at Urgent.,"['Crime', 'Other']",Red,"[1, 5]",2,tl
1520,"Help at Sir Landslide, may na-bury na tao.","['Natural Disaster', 'Other']",Black,"[4, 5]",3,fil
1521,"Boss May sumakit ang ulo, minor lang at Sunog sa basurahan lang, konti na lang.","['Fire', 'Medical']",Green,"[0, 3]",0,fil
1522,"Urgent! Medical plus Natural Disaster, yellow!","['Medical', 'Natural Disaster']",Yellow,"[3, 4]",1,fil
1523,"Urgent at Crime and Other reported, yellow.","['Crime', 'Natural Disaster', 'Other']",Black,"[1, 4, 5]",3,tl
1524,"Crime plus Other, green at Child missing, may suspect.","['Crime', 'Other']",Red,"[1, 5]",2,fil
1525,"Urgent at May fire at medical, red.","['Fire', 'Medical']",Red,"[0, 3]",2,tl
1526,"Help! May natural disaster at crime, black! Please respond!","['Natural Disaster', 'Crime']",Black,"[4, 1]",3,fil
1527,"Medical plus Natural Disaster, black at Help.","['Accident', 'Fire', 'Medical', 'Natural Disaster']",Black,"[2, 0, 3, 4]",3,fil
1528,"May fire at accident, yellow at Help.","['Accident', 'Fire', 'Other']",Yellow,"[2, 0, 5]",1,tl
1529,"Sir Assault, kailangan ng ambulance at Urgent.","['Crime', 'Medical']",Yellow,"[1, 3]",1,fil
1530,"Crime plus Other, green at Urgent.","['Crime', 'Medical', 'Other']",Green,"[1, 3, 5]",0,tl
1531,"Help! Earthquake, building collapse, people trapped! ASAP!",['Natural Disaster'],Red,[4],2,fil
1532,"Minor collision sa kalsada, gasgas lang! Bilisan po!",['Accident'],Green,[2],0,fil
1533,"Car crash, may injured at Other plus Accident, green.","['Accident', 'Other']",Yellow,"[2, 5]",1,tl
1534,"Help! Robbery, may baril ang suspect. Please respond. pls",['Crime'],Yellow,[1],1,fil
1535,"May nahihirapang huminga, asthmatic. pls. pls",['Medical'],Yellow,[3],1,fil
1536,"Ma'am Nasunog ang bahay, may namatay na!",['Fire'],Black,[0],3,fil
1537,"May crime at other, red. Please respond. pls","['Crime', 'Other']",Red,"[1, 5]",2,fil
1538,"Help! Medical plus Accident, yellow. pls","['Medical', 'Accident']",Yellow,"[3, 2]",1,tl
1539,"Small fire sa labas, na-control na!",['Fire'],Green,[0],0,fil
1540,"Urgent at Medical plus Fire, red.","['Fire', 'Medical', 'Natural Disaster']",Red,"[0, 3, 4]",2,tl
1541,"Urgent at Truck nasagasaan ang tao, kailangan ng ambulance.","['Accident', 'Medical']",Black,"[2, 3]",3,fil
1542,"Urgent! May medical at natural disaster, red. ASAP. pls","['Medical', 'Natural Disaster']",Red,"[3, 4]",2,fil
1543,"Walang pulso, deceased na!",['Medical'],Black,[3],3,fil
1544,"Urgent! May medical at fire, green. pls","['Medical', 'Fire']",Green,"[3, 0]",0,tl
1545,"Other plus Accident, green at Fire plus Other, yellow.","['Accident', 'Fire', 'Other']",Yellow,"[2, 0, 5]",1,tl
1546,"Urgent at Natural Disaster plus Other, black.","['Crime', 'Natural Disaster', 'Other']",Black,"[1, 4, 5]",3,fil
1547,"Tulong! Stampede sa concert, maraming nasaktan! Bilisan po!",['Other'],Red,[5],2,fil
1548,"May accident at other, green. ASAP. pls","['Accident', 'Other']",Green,"[2, 5]",0,fil
1549,"Ma'am Rollover, critical ang pasahero! pls. pls",['Accident'],Red,[2],2,fil
1550,"Urgent! May accident at medical, red! ASAP!","['Accident', 'Medical']",Red,"[2, 3]",2,fil
1551,"Urgent at Boss Hindi humihinga ang tao, CPR needed.","['Accident', 'Crime', 'Medical']",Red,"[2, 1, 3]",2,fil
1552,"Help! May accident at fire, black! ASAP!","['Accident', 'Fire']",Black,"[2, 0]",3,fil
1553,"Sir Holdap sa jeep, may nasaksak. pls",['Crime'],Yellow,[1],1,fil
1554,"Ma'am May nahihirapang huminga, asthmatic. Bilisan po. pls",['Medical'],Yellow,[3],1,fil
1555,"Sir Rollover, critical ang pasahero! Bilisan po. pls",['Accident'],Red,[2],2,fil
1556,"Crime plus Medical, red at Ma'am Malubhang banggaan, may hindi humihinga.","['Accident', 'Crime', 'Medical']",Red,"[2, 1, 3]",2,fil
1557,"Help at May accident at medical, green.","['Accident', 'Medical', 'Natural Disaster']",Black,"[2, 3, 4]",3,tl
1558,"Help at Ma'am Flash flood, maraming hindi makalabas.","['Natural Disaster', 'Other']",Red,"[4, 5]",2,fil
1559,"Urgent! Medical and Crime reported, green. Please respond. pls","['Medical', 'Crime']",Green,"[3, 1]",0,tl
1560,"Boss Walang pulso, deceased na. Bilisan po. pls",['Medical'],Black,[3],3,fil
1561,"Help! Natural Disaster plus Accident, red! Please respond!","['Natural Disaster', 'Accident']",Red,"[4, 2]",2,fil
1562,"May crime at accident, black at Boss Hindi humihinga ang tao, CPR needed.","['Accident', 'Crime', 'Medical']",Black,"[2, 1, 3]",3,fil
1563,"May fire at natural disaster, yellow at Urgent.","['Accident', 'Fire', 'Natural Disaster']",Black,"[2, 0, 4]",3,fil
1564,"Urgent! Crime plus Accident, green. ASAP. pls","['Crime', 'Accident']",Green,"[1, 2]",0,tl
1565,"Other and Fire reported, yellow. Please respond. pls","['Other', 'Fire']",Yellow,"[5, 0]",1,tl
1566,"Tulong! Nasunog ang bahay, may namatay na! Bilisan po!",['Fire'],Black,[0],3,fil
1567,"Help! Accident and Medical reported, yellow. Please respond. pls","['Accident', 'Medical']",Yellow,"[2, 3]",1,tl
1568,"Ma'am Nasusunog yung tindahan, may nasugatan at May baha pero mababa pa.","['Fire', 'Natural Disaster']",Yellow,"[0, 4]",1,fil
1569,"Pinatay ang biktima, deceased na!",['Crime'],Black,[1],3,fil
1570,"Urgent! Crime plus Accident, green. Please respond. pls","['Crime', 'Accident']",Green,"[1, 2]",0,tl
1571,"Sir May usok sa kusina pero walang apoy pa, safe naman. Bilisan po. pls",['Fire'],Green,[0],0,fil
1572,"Truck accident, people trapped at Medical plus Other, yellow.","['Accident', 'Medical', 'Other']",Red,"[2, 3, 5]",2,tl
1573,"Urgent at Malubhang banggaan, may hindi humihinga.","['Accident', 'Crime', 'Natural Disaster']",Red,"[2, 1, 4]",2,fil
1574,"Emergency at Lindol kanina, may mga nasugatan sa landslide.","['Medical', 'Natural Disaster']",Yellow,"[3, 4]",1,fil
1575,"Emergency at May medical at fire, yellow.","['Accident', 'Fire', 'Medical']",Black,"[2, 0, 3]",3,tl
1576,"May accident at medical, red. Please respond. pls","['Accident', 'Medical']",Red,"[2, 3]",2,fil
1577,"Medical and Accident reported, black at Other and Medical reported, yellow.","['Accident', 'Medical', 'Other']",Black,"[2, 3, 5]",3,tl
1578,"Diabetic, low sugar lang, na-revive na!",['Medical'],Green,[3],0,fil
1579,"Sir May namatay sa baha, nakita ang bangkay at Help.","['Fire', 'Natural Disaster', 'Other']",Black,"[0, 4, 5]",3,fil
1580,"Urgent! May natural disaster at other, red!","['Natural Disaster', 'Other']",Red,"[4, 5]",2,fil
1581,"Medical and Accident reported, black at Help.","['Accident', 'Fire', 'Medical']",Black,"[2, 0, 3]",3,tl
1582,"Help! Accident plus Other, red. Please respond. pls","['Accident', 'Other']",Red,"[2, 5]",2,tl
1583,"Ma'am May namatay sa aksidente, wala nang pulso at Help.","['Accident', 'Fire', 'Medical']",Black,"[2, 0, 3]",3,fil
1584,"Help! Fire and Other reported, black! Please respond!","['Fire', 'Other']",Black,"[0, 5]",3,tl
1585,"Help! May crime at other, red. ASAP. pls","['Crime', 'Other']",Red,"[1, 5]",2,fil
1586,"Sir Gas leak malakas, may nahimatay at May baha pero mababa pa.","['Natural Disaster', 'Other']",Red,"[4, 5]",2,fil
1587,"Urgent! Crime and Natural Disaster reported, green! ASAP!","['Crime', 'Natural Disaster']",Green,"[1, 4]",0,fil
1588,"Other plus Accident, yellow at Motor nadulas pero ok lang, minor lang.","['Accident', 'Other']",Yellow,"[2, 5]",1,fil
1589,"Storm damage sa bubong, minor lang at Natural Disaster and Fire reported, yellow.","['Fire', 'Natural Disaster']",Yellow,"[0, 4]",1,fil
1590,"Help! May accident at medical, red. ASAP. pls","['Accident', 'Medical']",Red,"[2, 3]",2,fil
1591,"Help! Crime plus Medical, green. ASAP. pls","['Crime', 'Medical']",Green,"[1, 3]",0,tl
1592,"Natural Disaster and Medical reported, black at Motor naaksidente, nasugatan ang driver.","['Accident', 'Medical', 'Natural Disaster']",Black,"[2, 3, 4]",3,fil
1593,"Building burning, may tao pa sa loob!",['Fire'],Yellow,[0],1,fil
1594,"Boss Sunog sa bodega, malakas na ang apoy. Padala agad. pls",['Fire'],Yellow,[0],1,fil
1595,"Emergency! Motor naaksidente, nasugatan ang driver. pls. pls",['Accident'],Yellow,[2],1,fil
1596,"Boss Holdap sa jeep, may nasaksak at Urgent.","['Crime', 'Medical', 'Natural Disaster']",Yellow,"[1, 3, 4]",1,fil
1597,"Sir May bata nawawala pa, kailangan ng tulong at Urgent.","['Accident', 'Fire', 'Other']",Yellow,"[2, 0, 5]",1,fil
1598,"Help! Fatal stabbing, victim pronounced dead. Please respond. pls",['Crime'],Black,[1],3,fil
1599,"Help! Medical and Natural Disaster reported, green! Please respond!","['Medical', 'Natural Disaster']",Green,"[3, 4]",0,fil
1600,Help at Sir Malakas ang ulan pero ok pa naman.,"['Fire', 'Natural Disaster', 'Other']",Green,"[0, 4, 5]",0,fil
1601,"Tulong! May namatay sa baha, nakita ang bangkay! pls!",['Natural Disaster'],Black,[4],3,fil
1602,"Sir Landslide, may na-bury na tao at Minor collision sa kalsada, gasgas lang.","['Accident', 'Natural Disaster']",Red,"[2, 4]",2,fil
1603,"Medical plus Crime, yellow at Motor crash, severe bleeding ang rider.","['Accident', 'Crime', 'Medical']",Red,"[2, 1, 3]",2,fil
1604,"Boss May binaril, malubha! pls",['Crime'],Red,[1],2,fil
1605,"Tulong! May nagnakaw ng cellphone, nakita na namin ang suspect!",['Crime'],Green,[1],0,fil
1606,"Fire and Crime reported, black. Please respond. pls","['Fire', 'Crime']",Black,"[0, 1]",3,tl
1607,"Urgent at No signs of life, patay na po.","['Accident', 'Medical', 'Other']",Black,"[2, 3, 5]",3,fil
1608,"Earthquake, building collapse, people trapped at Urgent.","['Crime', 'Natural Disaster']",Red,"[1, 4]",2,tl
1609,"Urgent! Child missing, may suspect! ASAP. pls",['Other'],Red,[5],2,fil
1610,"Heart attack, stable pa pero urgent at Urgent.","['Accident', 'Crime', 'Medical']",Yellow,"[2, 1, 3]",1,tl
1611,"Help at Nakawan sa sari-sari store, minor lang.","['Accident', 'Crime', 'Other']",Yellow,"[2, 1, 5]",1,fil
1612,"Help at May sumakit ang ulo, minor lang.","['Accident', 'Medical', 'Other']",Red,"[2, 3, 5]",2,fil
1613,"Sir May bata nawawala, nakita na at Urgent.","['Fire', 'Natural Disaster', 'Other']",Yellow,"[0, 4, 5]",1,fil
1614,"Help! Crime plus Other, black! Please respond!","['Crime', 'Other']",Black,"[1, 5]",3,tl
1615,"May medical at fire, yellow at Help.","['Crime', 'Fire', 'Medical']",Yellow,"[1, 0, 3]",1,tl
1616,"Sir Holdap may baril, may nasaktan at Fatal crash, driver deceased.","['Accident', 'Crime']",Black,"[2, 1]",3,fil
1617,"Sir May sunog sa bahay, kailangan ng fire truck at Robbery, may baril ang suspect.","['Crime', 'Fire']",Yellow,"[1, 0]",1,fil
1618,"Help! Other plus Medical, green! ASAP!","['Other', 'Medical']",Green,"[5, 3]",0,tl
1619,"Help! May accident at fire, red!","['Accident', 'Fire']",Red,"[2, 0]",2,tl
1620,"May accident at other, yellow! ASAP!","['Accident', 'Other']",Yellow,"[2, 5]",1,fil
1621,"Malakas na sunog, hindi makahinga ang mga tao at Urgent.","['Accident', 'Fire']",Red,"[2, 0]",2,fil
1622,"Medical plus Natural Disaster, black at Urgent.","['Fire', 'Medical', 'Natural Disaster', 'Other']",Black,"[0, 3, 4, 5]",3,fil
1623,"Urgent at Assault, kailangan ng ambulance.","['Crime', 'Medical']",Red,"[1, 3]",2,fil
1624,"Flash flood, maraming hindi makalabas at Medical and Crime reported, black.","['Crime', 'Medical', 'Natural Disaster']",Black,"[1, 3, 4]",3,fil
1625,"Fire and Crime reported, black at Help.","['Crime', 'Fire']",Black,"[1, 0]",3,tl
1626,"Urgent! Crime plus Natural Disaster, red! Please respond!","['Crime', 'Natural Disaster']",Red,"[1, 4]",2,fil
1627,"Emergency at May other at accident, yellow.","['Accident', 'Crime', 'Other']",Red,"[2, 1, 5]",2,tl
1628,"Boss Baha mataas na, may tao na trap sa bubong! Bilisan po. pls",['Natural Disaster'],Red,[4],2,fil
1629,"Tulong! Assault, kailangan ng ambulance! Padala agad!",['Crime'],Yellow,[1],1,fil
1630,"Help at Riot, may baril.","['Accident', 'Crime', 'Other']",Red,"[2, 1, 5]",2,tl
1631,"Help at Fire and Natural Disaster reported, black.","['Accident', 'Fire', 'Natural Disaster', 'Other']",Black,"[2, 0, 4, 5]",3,fil
1632,"Help at Boss Holdap may baril, may nasaktan.","['Accident', 'Crime']",Red,"[2, 1]",2,fil
1633,"Help! Natural Disaster plus Accident, black! Please respond!","['Natural Disaster', 'Accident']",Black,"[4, 2]",3,fil
1634,Urgent at Boss Nakita ang bangkay sa ilog.,"['Accident', 'Fire', 'Other']",Black,"[2, 0, 5]",3,fil
1635,"Urgent! Natural Disaster plus Fire, black. ASAP. pls","['Natural Disaster', 'Fire']",Black,"[4, 0]",3,fil
1636,Help at Lost child found na po.,"['Crime', 'Medical', 'Other']",Black,"[1, 3, 5]",3,fil
1637,"Urgent at May medical at fire, yellow.","['Fire', 'Medical']",Red,"[0, 3]",2,tl
1638,"Sunog sa basurahan lang, konti na lang at Urgent.","['Crime', 'Fire', 'Medical']",Red,"[1, 0, 3]",2,fil
1639,"Emergency! Hostage situation, may kutsilyo! Bilisan po!",['Crime'],Red,[1],2,fil
1640,"Urgent at Baha mataas na, may tao na trap sa bubong.","['Natural Disaster', 'Other']",Black,"[4, 5]",3,fil
1641,"May patay sa shooting, wala nang pulso at Urgent.","['Accident', 'Crime', 'Fire']",Black,"[2, 1, 0]",3,fil
1642,Help at Boss Nakita ang bangkay sa ilog.,"['Crime', 'Other']",Black,"[1, 5]",3,fil
1643,"Missing person, hinahanap pa!",['Other'],Yellow,[5],1,fil
1644,"Urgent! May fire at other, yellow! ASAP!","['Fire', 'Other']",Yellow,"[0, 5]",1,fil
1645,"Emergency! May nahimatay pero nagising na, ok na! Padala agad!",['Medical'],Green,[3],0,fil
1646,"Holdap sa jeep, may nasaksak at Help.","['Accident', 'Crime', 'Fire']",Red,"[2, 1, 0]",2,fil
1647,"Help! Natural Disaster and Other reported, yellow! ASAP!","['Natural Disaster', 'Other']",Yellow,"[4, 5]",1,fil
1648,"Landslide, may na-bury na tao at No signs of life, patay na po.","['Medical', 'Natural Disaster']",Black,"[3, 4]",3,fil
1649,"No signs of life, patay na po at Help.","['Crime', 'Medical', 'Natural Disaster']",Black,"[1, 3, 4]",3,fil
1650,"May crime at natural disaster, black! Please respond!","['Crime', 'Natural Disaster']",Black,"[1, 4]",3,fil
1651,"Urgent at Medical plus Natural Disaster, black.","['Medical', 'Natural Disaster', 'Other']",Black,"[3, 4, 5]",3,fil
1652,"Ma'am Brownout, walang kuryente. pls",['Other'],Green,[5],0,fil
1653,May baha pero mababa pa at Help.,"['Natural Disaster', 'Other']",Yellow,"[4, 5]",1,tl
1654,"Fire victim, no pulse na po at May accident at fire, yellow.","['Accident', 'Fire']",Black,"[2, 0]",3,fil
1655,"Urgent at Crime plus Fire, black.","['Crime', 'Fire', 'Natural Disaster']",Black,"[1, 0, 4]",3,tl
1656,"Medical plus Crime, yellow at Help.","['Crime', 'Fire', 'Medical']",Red,"[1, 0, 3]",2,tl
1657,"Help at Accident plus Other, yellow.","['Accident', 'Fire', 'Other']",Red,"[2, 0, 5]",2,tl
1658,"Ma'am Minor collision sa kalsada, gasgas lang at Help.","['Accident', 'Crime', 'Natural Disaster']",Green,"[2, 1, 4]",0,fil
1659,"Urgent! May accident at fire, yellow!","['Accident', 'Fire']",Yellow,"[2, 0]",1,tl
1660,"Help at Sir Nasunog ang bahay, may namatay na.","['Crime', 'Fire']",Black,"[1, 0]",3,fil
1661,"Help! Accident and Fire reported, green! Please respond!","['Accident', 'Fire']",Green,"[2, 0]",0,tl
1662,"Boss Bagyo wasak ang bubong, may injured at Tulong.","['Accident', 'Natural Disaster']",Yellow,"[2, 4]",1,fil
1663,"May accident at fire, red! ASAP!","['Accident', 'Fire']",Red,"[2, 0]",2,fil
1664,"Ma'am Minor collision sa kalsada, gasgas lang at Other plus Fire, red.","['Accident', 'Fire', 'Other']",Red,"[2, 0, 5]",2,fil
1665,"Sir Sunog sa bodega, malakas na ang apoy at Nakita ang bangkay sa ilog.","['Fire', 'Other']",Black,"[0, 5]",3,fil
1666,"Urgent! Crime plus Accident, green. pls","['Crime', 'Accident']",Green,"[1, 2]",0,tl
1667,"Medical plus Fire, red at Natural Disaster plus Other, black.","['Fire', 'Medical', 'Natural Disaster', 'Other']",Black,"[0, 3, 4, 5]",3,fil
1668,"Help! Crime and Other reported, green. pls","['Crime', 'Other']",Green,"[1, 5]",0,tl
1669,"May sunog sa bahay, kailangan ng fire truck! pls",['Fire'],Yellow,[0],1,fil
1670,"Help! Accident and Fire reported, red. ASAP. pls","['Accident', 'Fire']",Red,"[2, 0]",2,fil
1671,"Storm surge, kailangan ng rescue at Tulong.","['Accident', 'Natural Disaster']",Yellow,"[2, 4]",1,fil
1672,"Urgent at Sir May patay sa sunog, hindi na humihinga.","['Crime', 'Fire', 'Medical']",Black,"[1, 0, 3]",3,fil
1673,"Urgent! May other at accident, red. Please respond. pls","['Other', 'Accident']",Red,"[5, 2]",2,fil
1674,"Urgent! Other and Natural Disaster reported, red! Please respond!","['Other', 'Natural Disaster']",Red,"[5, 4]",2,fil
1675,"Help at Sunog sa basurahan lang, konti na lang.","['Fire', 'Other']",Yellow,"[0, 5]",1,fil
1676,"Boss Sunog sa factory, maraming workers pa sa loob at Tulong.","['Accident', 'Fire']",Red,"[2, 0]",2,fil
1677,"Help at Ma'am Minor collision sa kalsada, gasgas lang.","['Accident', 'Fire']",Red,"[2, 0]",2,fil
1678,Malakas ang ulan pero ok pa naman at Urgent.,"['Crime', 'Medical', 'Natural Disaster']",Green,"[1, 3, 4]",0,fil
1679,"May bugbog, nasugatan ang biktima. pls",['Crime'],Yellow,[1],1,fil
1680,"Child missing, may suspect at Nasusunog yung tindahan, may nasugatan.","['Fire', 'Other']",Red,"[0, 5]",2,fil
1681,"Boss Nasagasaan, patay na po at May accident at other, yellow.","['Accident', 'Other']",Black,"[2, 5]",3,fil
1682,"Medical plus Accident, yellow at Urgent.","['Accident', 'Crime', 'Medical', 'Other']",Red,"[2, 1, 3, 5]",2,tl
1683,"May accident at crime, red. Please respond. pls","['Accident', 'Crime']",Red,"[2, 1]",2,fil
1684,"Emergency! May nahihirapang huminga, asthmatic! pls!",['Medical'],Yellow,[3],1,fil
1685,"Sir Malubhang banggaan, may hindi humihinga at Crime plus Fire, red.","['Accident', 'Crime', 'Fire']",Red,"[2, 1, 0]",2,fil
1686,"Emergency! Suspicious package, nag-evacuate na. Bilisan po. pls",['Other'],Yellow,[5],1,fil
1687,"Mild allergic reaction, stable na at Other plus Accident, green.","['Accident', 'Medical', 'Other']",Green,"[2, 3, 5]",0,tl
1688,"Tulong! Hostage situation, may kutsilyo! Bilisan.",['Crime'],Red,[1],2,fil
1689,"Help at Boss Baha mataas na, may tao na trap sa bubong.","['Natural Disaster', 'Other']",Red,"[4, 5]",2,fil
1690,"Urgent! May accident at natural disaster, red. ASAP. pls","['Accident', 'Natural Disaster']",Red,"[2, 4]",2,fil
1691,"Help at May medical at fire, yellow.","['Accident', 'Fire', 'Medical', 'Natural Disaster']",Yellow,"[2, 0, 3, 4]",1,tl
1692,"Boss May patay sa sunog, hindi na humihinga at Boss Brownout, walang kuryente.","['Fire', 'Other']",Black,"[0, 5]",3,fil
1693,"May accident at medical, green. Please respond. pls","['Accident', 'Medical']",Green,"[2, 3]",0,fil
1694,"Urgent! Crime and Natural Disaster reported, green. Please respond. pls","['Crime', 'Natural Disaster']",Green,"[1, 4]",0,fil
1695,"No signs of life, patay na po at Tulong.","['Crime', 'Medical']",Black,"[1, 3]",3,fil
1696,"Urgent! Fire and Accident reported, yellow! ASAP!","['Fire', 'Accident']",Yellow,"[0, 2]",1,fil
1697,"Missing person found deceased at Lindol kanina, may mga nasugatan sa landslide.","['Natural Disaster', 'Other']",Black,"[4, 5]",3,fil
1698,"Hit and run, victim needs treatment at Crime plus Fire, red.","['Accident', 'Crime', 'Fire']",Red,"[2, 1, 0]",2,tl
1699,"Urgent at Ma'am Malubhang banggaan, may hindi humihinga.","['Accident', 'Fire', 'Other']",Red,"[2, 0, 5]",2,fil
1700,"Emergency! Hostage situation, may kutsilyo! pls",['Crime'],Red,[1],2,tl
1701,"May crime at natural disaster, black at Urgent.","['Crime', 'Medical', 'Natural Disaster', 'Other']",Black,"[1, 3, 4, 5]",3,fil
1702,"Sir Holdap may baril, may nasaktan!.",['Crime'],Red,[1],2,fil
1703,"Shooting incident, severe bleeding at May nahimatay pero nagising na, ok na.","['Crime', 'Medical']",Red,"[1, 3]",2,fil
1704,"Motor crash, severe bleeding ang rider at Emergency.","['Accident', 'Other']",Red,"[2, 5]",2,fil
1705,"Urgent at Sir Holdap may baril, may nasaktan.","['Crime', 'Other']",Black,"[1, 5]",3,fil
1706,"Boss May patay sa shooting, wala nang pulso at Crime and Medical reported, red.","['Crime', 'Medical']",Black,"[1, 3]",3,fil
1707,"Malakas ang ulan pero ok pa naman at Other and Fire reported, yellow.","['Fire', 'Natural Disaster', 'Other']",Yellow,"[0, 4, 5]",1,fil
1708,"Urgent! Natural Disaster plus Accident, red!","['Natural Disaster', 'Accident']",Red,"[4, 2]",2,fil
1709,"Ma'am Brownout, walang kuryente!",['Other'],Green,[5],0,fil
1710,"Help at Sir Sunog sa bodega, malakas na ang apoy.","['Fire', 'Natural Disaster']",Black,"[0, 4]",3,fil
1711,"Seizure, kailangan ng ambulance at Fire and Accident reported, yellow.","['Accident', 'Fire', 'Medical']",Yellow,"[2, 0, 3]",1,fil
1712,"Suspicious package, nag-evacuate na at Urgent.","['Accident', 'Other']",Red,"[2, 5]",2,tl
1713,"Sir Riot, may baril at Urgent.","['Fire', 'Other']",Black,"[0, 5]",3,tl
1714,"Help! Crime plus Medical, black!","['Crime', 'Medical']",Black,"[1, 3]",3,tl
1715,"Help! Medical and Natural Disaster reported, yellow! ASAP!","['Medical', 'Natural Disaster']",Yellow,"[3, 4]",1,fil
1716,"May crime at fire, yellow! Please respond!","['Crime', 'Fire']",Yellow,"[1, 0]",1,fil
1717,"Medical and Fire reported, yellow. Please respond. pls","['Medical', 'Fire']",Yellow,"[3, 0]",1,tl
1718,"Urgent! Crime and Accident reported, yellow. Please respond. pls","['Crime', 'Accident']",Yellow,"[1, 2]",1,tl
1719,"Sir Malakas ang ulan pero ok pa naman at Natural Disaster and Fire reported, green.","['Fire', 'Natural Disaster']",Green,"[0, 4]",0,fil
1720,"Urgent! Accident plus Crime, green!","['Accident', 'Crime']",Green,"[2, 1]",0,tl
1721,"May fire at medical, red! ASAP!","['Fire', 'Medical']",Red,"[0, 3]",2,fil
1722,"May nanganak na, critical at Fire plus Medical, red.","['Fire', 'Medical']",Red,"[0, 3]",2,fil
1723,"Boss May sumakit ang ulo, minor lang. pls. pls",['Medical'],Green,[3],0,fil
1724,"Ma'am May nagnakaw ng cellphone, nakita na namin ang suspect at Landslide victim, deceased na.","['Crime', 'Natural Disaster']",Black,"[1, 4]",3,fil
1725,"Help! May accident at medical, green. ASAP. pls","['Accident', 'Medical']",Green,"[2, 3]",0,fil
1726,"Fatal stabbing, victim pronounced dead. Please respond. pls",['Crime'],Black,[1],3,fil
1727,"Emergency! Walang pulso, deceased na. Padala agad. pls",['Medical'],Black,[3],3,fil
1728,"Urgent! May other at accident, red! ASAP!","['Other', 'Accident']",Red,"[5, 2]",2,fil
1729,"Urgent at Boss Sunog sa basurahan lang, konti na lang.","['Accident', 'Fire', 'Natural Disaster']",Red,"[2, 0, 4]",2,fil
1730,"Sir Landslide, may na-bury na tao at Emergency.","['Crime', 'Natural Disaster']",Red,"[1, 4]",2,fil
1731,"Urgent at Flash flood, maraming hindi makalabas.","['Fire', 'Medical', 'Natural Disaster']",Red,"[0, 3, 4]",2,fil
1732,"Boss Hindi humihinga ang tao, CPR needed at Help.","['Fire', 'Medical']",Red,"[0, 3]",2,fil
1733,"Boss May stroke victim, kailangan agad ng hospital. pls. pls",['Medical'],Yellow,[3],1,fil
1734,"Tulong! Nakawan sa sari-sari store, minor lang. pls",['Crime'],Green,[1],0,fil
1735,"Urgent at Ma'am May namatay sa baha, nakita ang bangkay.","['Crime', 'Natural Disaster', 'Other']",Black,"[1, 4, 5]",3,fil
1736,"Urgent! Natural Disaster and Fire reported, green!","['Natural Disaster', 'Fire']",Green,"[4, 0]",0,fil
1737,"Help! Crime and Medical reported, green! ASAP!","['Crime', 'Medical']",Green,"[1, 3]",0,fil
1738,"Medical and Crime reported, green at Urgent.","['Crime', 'Medical']",Black,"[1, 3]",3,tl
1739,"Truck nasagasaan ang tao, kailangan ng ambulance at Help.","['Accident', 'Fire']",Yellow,"[2, 0]",1,fil
1740,"Holdap sa jeep, may nasaksak!",['Crime'],Yellow,[1],1,fil
1741,"Fire plus Medical, red. Please respond. pls","['Fire', 'Medical']",Red,"[0, 3]",2,tl
1742,"Tulong! May namatay sa baha, nakita ang bangkay. Bilisan.",['Natural Disaster'],Black,[4],3,fil
1743,"May crime at fire, green at Tulong.","['Crime', 'Fire']",Yellow,"[1, 0]",1,fil
1744,Urgent at Sir May baha pero mababa pa.,"['Crime', 'Natural Disaster']",Yellow,"[1, 4]",1,tl
1745,"Tulong at Sir Sunog sa bodega, malakas na ang apoy.","['Accident', 'Fire']",Yellow,"[2, 0]",1,fil
1746,"Help at Earthquake, building collapse, people trapped.","['Natural Disaster', 'Other']",Red,"[4, 5]",2,tl
1747,"Help! May accident at other, yellow!","['Accident', 'Other']",Yellow,"[2, 5]",1,tl
1748,"Holdap may baril, may nasaktan at Urgent.","['Accident', 'Crime']",Red,"[2, 1]",2,fil
1749,"Help at Bagyo wasak ang bubong, may injured.","['Crime', 'Medical', 'Natural Disaster']",Red,"[1, 3, 4]",2,fil
1750,"Accident plus Crime, red at Ma'am Assault, kailangan ng ambulance.","['Accident', 'Crime']",Red,"[2, 1]",2,fil
1751,"Fire plus Medical, red at Boss Baha na, tumataas ang tubig.","['Fire', 'Medical', 'Natural Disaster']",Red,"[0, 3, 4]",2,fil
1752,"Fire plus Accident, green at Urgent.","['Accident', 'Crime', 'Fire', 'Other']",Green,"[2, 1, 0, 5]",0,tl
1753,"Urgent! Fire and Crime reported, green. pls","['Fire', 'Crime']",Green,"[0, 1]",0,tl
1754,"Other and Natural Disaster reported, red! ASAP!","['Other', 'Natural Disaster']",Red,"[5, 4]",2,fil
1755,"Natural Disaster plus Fire, black at Fatal crash, driver deceased.","['Accident', 'Fire', 'Natural Disaster']",Black,"[2, 0, 4]",3,fil
1756,"Ma'am Motor naaksidente, nasugatan ang driver at Urgent.","['Accident', 'Crime']",Black,"[2, 1]",3,fil
1757,"Fire plus Other, yellow at Urgent.","['Fire', 'Other']",Yellow,"[0, 5]",1,tl
1758,"Help! May other at natural disaster, black! ASAP!","['Other', 'Natural Disaster']",Black,"[5, 4]",3,fil
1759,"May accident at crime, red at Ma'am May nahihirapang huminga, asthmatic.","['Accident', 'Crime', 'Medical']",Red,"[2, 1, 3]",2,fil
1760,"May accident at fire, yellow. ASAP. pls","['Accident', 'Fire']",Yellow,"[2, 0]",1,fil
1761,"Crime plus Medical, red at Urgent.","['Crime', 'Fire', 'Medical']",Red,"[1, 0, 3]",2,tl
1762,"Ma'am Motor naaksidente, nasugatan ang driver at Help.","['Accident', 'Crime']",Black,"[2, 1]",3,fil
1763,"Help at Ma'am Lindol kanina, may mga nasugatan sa landslide.","['Fire', 'Natural Disaster', 'Other']",Black,"[0, 4, 5]",3,fil
1764,"Nasusunog yung tindahan, may nasugatan at Fire and Crime reported, green.","['Crime', 'Fire']",Yellow,"[1, 0]",1,fil
1765,"Sir Malubhang banggaan, may hindi humihinga at Accident plus Crime, black.","['Accident', 'Crime']",Black,"[2, 1]",3,fil
1766,"Crime plus Fire, black at May medical at crime, black.","['Crime', 'Fire', 'Medical']",Black,"[1, 0, 3]",3,tl
1767,"May namatay sa aksidente, wala nang pulso at Urgent.","['Accident', 'Fire']",Black,"[2, 0]",3,fil
1768,"Crime and Other reported, green. Please respond. pls","['Crime', 'Other']",Green,"[1, 5]",0,tl
1769,"House fire, need help at Urgent.","['Accident', 'Fire', 'Medical']",Red,"[2, 0, 3]",2,tl
1770,"Urgent! May natural disaster at other, green! ASAP!","['Natural Disaster', 'Other']",Green,"[4, 5]",0,fil
1771,"Emergency! Nasagasaan, patay na po. Bilisan po. pls",['Accident'],Black,[2],3,fil
1772,"Diabetic, low sugar lang, na-revive na! Please respond!",['Medical'],Green,[3],0,fil
1773,"Overdose, not breathing! Please respond. pls",['Medical'],Red,[3],2,fil
1774,"Help at May namatay sa aksidente, wala nang pulso.","['Accident', 'Medical', 'Natural Disaster']",Black,"[2, 3, 4]",3,fil
1775,"Sir Lindol kanina, may mga nasugatan sa landslide. Padala agad. pls",['Natural Disaster'],Yellow,[4],1,fil
1776,"Help! Fire and Natural Disaster reported, black. Please respond. pls","['Fire', 'Natural Disaster']",Black,"[0, 4]",3,fil
1777,"Sir Walang pulso, deceased na. pls. pls",['Medical'],Black,[3],3,fil
1778,"Urgent! Other and Natural Disaster reported, green. pls","['Other', 'Natural Disaster']",Green,"[5, 4]",0,fil
1779,"Help! Natural Disaster and Crime reported, red! Please respond!","['Natural Disaster', 'Crime']",Red,"[4, 1]",2,fil
1780,"Urgent at May other at crime, red.","['Crime', 'Medical', 'Other']",Red,"[1, 3, 5]",2,tl
1781,"Ma'am Rollover, critical ang pasahero! pls!",['Accident'],Red,[2],2,fil
1782,"Boss Nasusunog yung tindahan, may nasugatan at Crime plus Fire, red.","['Crime', 'Fire']",Red,"[1, 0]",2,fil
1783,"Help! Mild allergic reaction, stable na. pls",['Medical'],Green,[3],0,tl
1784,"Boss Hindi humihinga ang tao, CPR needed at Ma'am Lindol kanina, may mga nasugatan sa landslide.","['Medical', 'Natural Disaster']",Red,"[3, 4]",2,fil
1785,"Crime plus Medical, black at Medical plus Other, yellow.","['Crime', 'Medical', 'Other']",Black,"[1, 3, 5]",3,tl
1786,"May fire at natural disaster, yellow. ASAP. pls","['Fire', 'Natural Disaster']",Yellow,"[0, 4]",1,fil
1787,"Urgent! Accident and Crime reported, black! ASAP!","['Accident', 'Crime']",Black,"[2, 1]",3,fil
1788,"Urgent! May medical at fire, yellow!","['Medical', 'Fire']",Yellow,"[3, 0]",1,tl
1789,"Help! Other plus Fire, red. pls","['Other', 'Fire']",Red,"[5, 0]",2,tl
1790,"Other and Medical reported, black. ASAP. pls","['Other', 'Medical']",Black,"[5, 3]",3,fil
1791,"Help at Sir Baha na, tumataas ang tubig.","['Accident', 'Crime', 'Natural Disaster']",Red,"[2, 1, 4]",2,fil
1792,"Natural Disaster plus Medical, black at Help.","['Accident', 'Fire', 'Medical', 'Natural Disaster']",Black,"[2, 0, 3, 4]",3,fil
1793,Nakita ang bangkay sa ilog at Tulong.,"['Crime', 'Other']",Black,"[1, 5]",3,fil
1794,"Kitchen fire, napatay na namin!",['Fire'],Green,[0],0,tl
1795,"Help at Fire plus Other, yellow.","['Fire', 'Natural Disaster', 'Other']",Yellow,"[0, 4, 5]",1,tl
1796,"Robbery, may baril ang suspect at Urgent.","['Accident', 'Crime', 'Medical']",Red,"[2, 1, 3]",2,fil
1797,"Help! Fire victim, no pulse na po. pls",['Fire'],Black,[0],3,fil
1798,"May crime at natural disaster, red! Please respond!","['Crime', 'Natural Disaster']",Red,"[1, 4]",2,fil
1799,"Medical plus Crime, red at Natural Disaster plus Accident, yellow.","['Accident', 'Crime', 'Medical', 'Natural Disaster']",Red,"[2, 1, 3, 4]",2,fil
1800,"Urgent at May namatay sa baha, nakita ang bangkay.","['Accident', 'Fire', 'Natural Disaster']",Black,"[2, 0, 4]",3,fil
1801,"Stabbing, critical condition! Please respond. pls",['Crime'],Red,[1],2,fil
1802,Emergency at Tulong.,"['Accident', 'Fire']",Yellow,"[2, 0]",1,tl
1803,"Emergency at Natural Disaster plus Medical, black.","['Accident', 'Medical', 'Natural Disaster']",Black,"[2, 3, 4]",3,fil
1804,"Help at Boss Nasagasaan, patay na po.","['Accident', 'Crime']",Black,"[2, 1]",3,fil
1805,"May crime at fire, green! Please respond!","['Crime', 'Fire']",Green,"[1, 0]",0,fil
1806,"May crime at other, red at Emergency.","['Crime', 'Medical', 'Other']",Red,"[1, 3, 5]",2,tl
1807,"Tulong at May sunog sa bahay, may tao na trap sa loob.","['Crime', 'Fire']",Red,"[1, 0]",2,fil
1808,"Help! Medical and Accident reported, red! ASAP!","['Medical', 'Accident']",Red,"[3, 2]",2,fil
1809,"Help at May nag-attempt ng break-in, na-scare off na.","['Crime', 'Fire']",Yellow,"[1, 0]",1,fil
1810,"No signs of life, patay na po at Accident plus Crime, green.","['Accident', 'Crime', 'Medical']",Black,"[2, 1, 3]",3,fil
1811,"Help! Medical plus Crime, yellow. Please respond. pls","['Medical', 'Crime']",Yellow,"[3, 1]",1,tl
1812,"Accident and Fire reported, red at May namatay sa baha, nakita ang bangkay.","['Accident', 'Fire', 'Natural Disaster']",Black,"[2, 0, 4]",3,fil
1813,"Emergency! Brownout, walang kuryente. pls",['Other'],Green,[5],0,fil
1814,"Accident and Medical reported, yellow. Please respond. pls","['Accident', 'Medical']",Yellow,"[2, 3]",1,tl
1815,"Emergency at Sir Sunog sa bodega, malakas na ang apoy.","['Fire', 'Other']",Yellow,"[0, 5]",1,fil
1816,"Help! May fire at natural disaster, yellow. Please respond. pls","['Fire', 'Natural Disaster']",Yellow,"[0, 4]",1,fil
1817,"Ma'am May bata nawawala pa, kailangan ng tulong at Help.","['Medical', 'Other']",Black,"[3, 5]",3,fil
1818,"Other and Medical reported, yellow at Emergency.","['Crime', 'Medical', 'Other']",Black,"[1, 3, 5]",3,tl
1819,"Crime and Other reported, green at Ma'am Flash flood, maraming hindi makalabas.","['Crime', 'Natural Disaster', 'Other']",Red,"[1, 4, 5]",2,fil
1820,"Missing person found deceased at Sir Holdap may baril, may nasaktan.","['Crime', 'Other']",Black,"[1, 5]",3,fil
1821,"Help at May fire at medical, red.","['Fire', 'Medical', 'Natural Disaster', 'Other']",Red,"[0, 3, 4, 5]",2,tl
1822,"Urgent at Storm surge, kailangan ng rescue.","['Fire', 'Natural Disaster']",Yellow,"[0, 4]",1,fil
1823,"Help at May crime at fire, yellow.","['Crime', 'Fire', 'Other']",Black,"[1, 0, 5]",3,tl
1824,"May sunog sa bahay, kailangan ng fire truck at Help.","['Crime', 'Fire', 'Other']",Black,"[1, 0, 5]",3,fil
1825,"Urgent at Boss May usok sa kusina pero walang apoy pa, safe naman.","['Fire', 'Medical', 'Natural Disaster']",Red,"[0, 3, 4]",2,fil
1826,"Other plus Accident, yellow at Tulong.","['Accident', 'Other']",Yellow,"[2, 5]",1,tl
1827,"Truck nasagasaan ang tao, kailangan ng ambulance at Crime plus Accident, black.","['Accident', 'Crime']",Black,"[2, 1]",3,fil
1828,"Boss Assault, kailangan ng ambulance at Sir Landslide, may na-bury na tao.","['Crime', 'Natural Disaster']",Red,"[1, 4]",2,fil
1829,"Help! Other and Medical reported, green. pls","['Other', 'Medical']",Green,"[5, 3]",0,tl
1830,"Sir May sunog sa bahay, kailangan ng fire truck! Bilisan po. pls",['Fire'],Yellow,[0],1,fil
1831,"May nag-attempt ng break-in, na-scare off na at Urgent.","['Crime', 'Natural Disaster', 'Other']",Black,"[1, 4, 5]",3,fil
1832,"Natural Disaster and Fire reported, yellow at May sumakit ang ulo, minor lang.","['Fire', 'Medical', 'Natural Disaster']",Yellow,"[0, 3, 4]",1,fil
1833,"Motor nadulas pero ok lang, minor lang at May crime at fire, green.","['Accident', 'Crime', 'Fire']",Green,"[2, 1, 0]",0,fil
1834,"May accident at other, yellow at Tulong.","['Accident', 'Natural Disaster', 'Other']",Yellow,"[2, 4, 5]",1,fil
1835,"Ma'am May nagnakaw ng cellphone, nakita na namin ang suspect at Crime and Accident reported, black.","['Accident', 'Crime']",Black,"[2, 1]",3,fil
1836,"Help! Accident plus Other, red!","['Accident', 'Other']",Red,"[2, 5]",2,tl
1837,"Help! May natural disaster at other, green. pls","['Natural Disaster', 'Other']",Green,"[4, 5]",0,fil
1838,"Truck accident, people trapped! Please respond!",['Accident'],Red,[2],2,tl
1839,"Boss Bagyo wasak ang bubong, may injured at May medical at fire, yellow.","['Fire', 'Medical', 'Natural Disaster']",Yellow,"[0, 3, 4]",1,fil
1840,"Boss Brownout, walang kuryente at Urgent.","['Crime', 'Fire', 'Other']",Black,"[1, 0, 5]",3,fil
1841,"Help! Accident and Fire reported, yellow!","['Accident', 'Fire']",Yellow,"[2, 0]",1,tl
1842,"May accident at other, green! ASAP!","['Accident', 'Other']",Green,"[2, 5]",0,fil
1843,"Boss May namatay sa aksidente, wala nang pulso at May crime at accident, yellow.","['Accident', 'Crime']",Black,"[2, 1]",3,fil
1844,"Accident and Medical reported, yellow at Hostage situation, may kutsilyo.","['Accident', 'Crime', 'Medical']",Red,"[2, 1, 3]",2,fil
1845,"Emergency! Holdap may baril, may nasaktan! Bilisan po!",['Crime'],Red,[1],2,fil
1846,"May accident at fire, yellow at Truck nasagasaan ang tao, kailangan ng ambulance.","['Accident', 'Fire']",Yellow,"[2, 0]",1,fil
1847,"Help! Natural Disaster plus Fire, black! Please respond!","['Natural Disaster', 'Fire']",Black,"[4, 0]",3,fil
1848,"Sir Malubhang banggaan, may hindi humihinga at Sir Walang pulso, deceased na.","['Accident', 'Medical']",Black,"[2, 3]",3,fil
1849,"Sir Malubhang banggaan, may hindi humihinga at Urgent.","['Accident', 'Crime', 'Natural Disaster']",Red,"[2, 1, 4]",2,fil
1850,"Ma'am Malubhang banggaan, may hindi humihinga at Sir Gas leak malakas, may nahimatay.","['Accident', 'Other']",Red,"[2, 5]",2,fil
1851,"Sunog sa factory, maraming workers pa sa loob at Help.","['Accident', 'Fire', 'Natural Disaster']",Red,"[2, 0, 4]",2,fil
1852,"Fire and Other reported, black at Help.","['Accident', 'Fire', 'Other']",Black,"[2, 0, 5]",3,tl
1853,"Urgent! May other at accident, yellow! Please respond!","['Other', 'Accident']",Yellow,"[5, 2]",1,fil
1854,"Crime and Medical reported, red at Help.","['Crime', 'Medical', 'Natural Disaster']",Red,"[1, 3, 4]",2,tl
1855,"Ma'am Malubhang banggaan, may hindi humihinga at Sir Lindol kanina, may mga nasugatan sa landslide.","['Accident', 'Natural Disaster']",Red,"[2, 4]",2,fil
1856,"Help! Accident and Fire reported, green. pls","['Accident', 'Fire']",Green,"[2, 0]",0,tl
1857,"Natural Disaster plus Accident, red. ASAP. pls","['Natural Disaster', 'Accident']",Red,"[4, 2]",2,fil
1858,"Urgent at Other and Crime reported, yellow.","['Crime', 'Other']",Yellow,"[1, 5]",1,tl
1859,"Ma'am Hindi humihinga ang tao, CPR needed at Help.","['Medical', 'Natural Disaster']",Red,"[3, 4]",2,fil
1860,"Urgent at Building burning, may tao pa sa loob.","['Accident', 'Crime', 'Fire']",Red,"[2, 1, 0]",2,fil
1861,"Medical and Crime reported, green. ASAP. pls","['Medical', 'Crime']",Green,"[3, 1]",0,fil
1862,"Malakas na sunog, hindi makahinga ang mga tao at Medical plus Other, yellow.","['Fire', 'Medical', 'Other']",Red,"[0, 3, 5]",2,fil
1863,"Heart attack, stable pa pero urgent. Bilisan po. pls",['Medical'],Yellow,[3],1,fil
1864,"Emergency! No signs of life, patay na po! Bilisan po!",['Medical'],Black,[3],3,fil
1865,"May medical at crime, black! Please respond!","['Medical', 'Crime']",Black,"[3, 1]",3,fil
1866,"May other at fire, black at Urgent.","['Accident', 'Fire', 'Other']",Black,"[2, 0, 5]",3,tl
1867,"Natural Disaster plus Accident, red at Other and Fire reported, green.","['Accident', 'Fire', 'Natural Disaster', 'Other']",Red,"[2, 0, 4, 5]",2,fil
1868,"May natural disaster at crime, red. Please respond. pls","['Natural Disaster', 'Crime']",Red,"[4, 1]",2,fil
1869,"Help at Fire and Crime reported, green.","['Crime', 'Fire', 'Other']",Green,"[1, 0, 5]",0,tl
1870,Boss Malakas ang ulan pero ok pa naman at Help.,"['Accident', 'Fire', 'Natural Disaster']",Black,"[2, 0, 4]",3,fil
1871,Boss Nakita ang bangkay sa ilog at Help.,"['Fire', 'Natural Disaster', 'Other']",Black,"[0, 4, 5]",3,fil
1872,"Accident plus Crime, red! ASAP!","['Accident', 'Crime']",Red,"[2, 1]",2,tl
1873,"Natural Disaster plus Other, black at Bangga ng kotse sa parking, walang sugat.","['Accident', 'Natural Disaster', 'Other']",Black,"[2, 4, 5]",3,fil
1874,"Other plus Accident, green at Tulong.","['Accident', 'Medical', 'Other']",Green,"[2, 3, 5]",0,tl
1875,"Help at May bata nawawala pa, kailangan ng tulong.","['Medical', 'Other']",Yellow,"[3, 5]",1,fil
1876,"Nasunog ang bahay, may namatay na at Diabetic, low sugar lang, na-revive na.","['Fire', 'Medical']",Black,"[0, 3]",3,fil
1877,"Fire and Other reported, yellow! Please respond!","['Fire', 'Other']",Yellow,"[0, 5]",1,tl
1878,"May stroke victim, kailangan agad ng hospital! pls!",['Medical'],Yellow,[3],1,fil
1879,"Sir Holdap sa jeep, may nasaksak at Boss Sunog sa bodega, malakas na ang apoy.","['Crime', 'Fire']",Yellow,"[1, 0]",1,fil
1880,"Natural Disaster plus Other, black. Please respond. pls","['Natural Disaster', 'Other']",Black,"[4, 5]",3,fil
1881,"Bagyo wasak ang bubong, may injured. Padala agad. pls",['Natural Disaster'],Yellow,[4],1,fil
1882,"May medical at fire, yellow! ASAP!","['Medical', 'Fire']",Yellow,"[3, 0]",1,fil
1883,"Medical and Natural Disaster reported, green at Emergency.","['Medical', 'Natural Disaster']",Black,"[3, 4]",3,fil
1884,"Baha mataas na, may tao na trap sa bubong! Bilisan po. pls",['Natural Disaster'],Red,[4],2,fil
1885,Malakas ang ulan pero ok pa naman. pls,['Natural Disaster'],Green,[4],0,fil
1886,"Tulong! May sunog sa bahay, may tao na trap sa loob! Bilisan po. pls",['Fire'],Red,[0],2,fil
1887,"Boss May binaril, malubha at Crime and Fire reported, yellow.","['Crime', 'Fire']",Red,"[1, 0]",2,fil
1888,"Urgent! Mild allergic reaction, stable na. Please respond. pls",['Medical'],Green,[3],0,fil
1889,"Help at Other plus Accident, green.","['Accident', 'Medical', 'Other']",Yellow,"[2, 3, 5]",1,tl
1890,"Urgent! May accident at natural disaster, red!","['Accident', 'Natural Disaster']",Red,"[2, 4]",2,fil
1891,"Help at May hostage sa tindahan, stable pa naman.","['Accident', 'Crime', 'Other']",Yellow,"[2, 1, 5]",1,fil
1892,"Medical plus Other, yellow at Urgent.","['Accident', 'Fire', 'Medical', 'Other']",Black,"[2, 0, 3, 5]",3,tl
1893,"Ma'am Flash flood, maraming hindi makalabas at Urgent.","['Medical', 'Natural Disaster']",Red,"[3, 4]",2,fil
1894,"Sir Nasunog ang bahay, may namatay na at Sir Hindi humihinga ang tao, CPR needed.","['Fire', 'Medical']",Black,"[0, 3]",3,fil
1895,"Seizure, kailangan ng ambulance. pls",['Medical'],Yellow,[3],1,fil
1896,"Help! Crime and Medical reported, black!","['Crime', 'Medical']",Black,"[1, 3]",3,tl
1897,"Urgent! Accident plus Other, yellow! Please respond!","['Accident', 'Other']",Yellow,"[2, 5]",1,tl
1898,"Help! Crime and Other reported, green! Please respond!","['Crime', 'Other']",Green,"[1, 5]",0,tl
1899,"Help! Fire and Other reported, black. Please respond. pls","['Fire', 'Other']",Black,"[0, 5]",3,tl
1900,"Tulong! May binaril, malubha!.",['Crime'],Red,[1],2,fil
1901,"Ma'am Rollover, critical ang pasahero at Baha na, tumataas ang tubig.","['Accident', 'Natural Disaster']",Red,"[2, 4]",2,fil
1902,"Emergency! Nasusunog yung tindahan, may nasugatan. pls. pls",['Fire'],Yellow,[0],1,fil
1903,"Nasagasaan, patay na po! Bilisan po!",['Accident'],Black,[2],3,fil
1904,"May accident at fire, yellow at Urgent.","['Accident', 'Fire', 'Medical', 'Natural Disaster']",Yellow,"[2, 0, 3, 4]",1,tl
1905,"Help! May accident at fire, red. pls","['Accident', 'Fire']",Red,"[2, 0]",2,tl
1906,"Urgent at May sunog sa bahay, may tao na trap sa loob.","['Accident', 'Fire']",Red,"[2, 0]",2,fil
1907,"Tulong! May stroke victim, kailangan agad ng hospital. pls. pls",['Medical'],Yellow,[3],1,fil
1908,"Ma'am Landslide, may na-bury na tao! Bilisan po. pls",['Natural Disaster'],Red,[4],2,fil
1909,"Ma'am May bata nawawala pa, kailangan ng tulong! pls!",['Other'],Yellow,[5],1,fil
1910,"Help! Child missing, may suspect! pls",['Other'],Red,[5],2,fil
1911,"Malakas na sunog, hindi makahinga ang mga tao! pls",['Fire'],Red,[0],2,fil
1912,"May fire at accident, red at Crime plus Other, green.","['Accident', 'Crime', 'Fire', 'Other']",Red,"[2, 1, 0, 5]",2,tl
1913,"Other plus Accident, green at Boss Motor crash, severe bleeding ang rider.","['Accident', 'Other']",Red,"[2, 5]",2,fil
1914,"Urgent at Sir Nasunog ang bahay, may namatay na.","['Fire', 'Natural Disaster', 'Other']",Black,"[0, 4, 5]",3,fil
1915,"May namatay sa aksidente, wala nang pulso at May crime at fire, green.","['Accident', 'Crime', 'Fire']",Black,"[2, 1, 0]",3,fil
1916,"Medical plus Natural Disaster, yellow at Fire sa apartment, people trapped inside.","['Fire', 'Medical', 'Natural Disaster']",Red,"[0, 3, 4]",2,fil
1917,"Stabbing, critical condition! ASAP!",['Crime'],Red,[1],2,fil
1918,"Sir Nasunog ang bahay, may namatay na at Help.","['Crime', 'Fire']",Black,"[1, 0]",3,fil
1919,"Ma'am Motor naaksidente, nasugatan ang driver at Accident and Fire reported, red.","['Accident', 'Fire']",Red,"[2, 0]",2,fil
1920,"Urgent at Other and Medical reported, black.","['Crime', 'Medical', 'Other']",Black,"[1, 3, 5]",3,tl
1921,"Baha na, tumataas ang tubig at Help.","['Crime', 'Natural Disaster', 'Other']",Yellow,"[1, 4, 5]",1,fil
1922,Ma'am Malakas ang ulan pero ok pa naman at Tulong.,"['Fire', 'Natural Disaster']",Yellow,"[0, 4]",1,fil
1923,"Heart attack, stable pa pero urgent at Help.","['Crime', 'Medical']",Black,"[1, 3]",3,tl
1924,"Urgent! Medical and Crime reported, green! ASAP!","['Medical', 'Crime']",Green,"[3, 1]",0,fil
1925,"Help at Sir Holdap sa jeep, may nasaksak.","['Accident', 'Crime', 'Medical']",Black,"[2, 1, 3]",3,fil
1926,"Ma'am May nahimatay pero nagising na, ok na at May baha pero mababa pa.","['Medical', 'Natural Disaster']",Green,"[3, 4]",0,fil
1927,"Nasusunog yung tindahan, may nasugatan at Help.","['Fire', 'Natural Disaster']",Yellow,"[0, 4]",1,fil
1928,"Fatal stabbing, victim pronounced dead at Other and Natural Disaster reported, red.","['Crime', 'Natural Disaster', 'Other']",Black,"[1, 4, 5]",3,fil
1929,"Crime plus Other, green. ASAP. pls","['Crime', 'Other']",Green,"[1, 5]",0,tl
1930,"Help at Crime and Medical reported, black.","['Accident', 'Crime', 'Medical']",Black,"[2, 1, 3]",3,tl
1931,"Shooting incident, severe bleeding! pls",['Crime'],Red,[1],2,tl
1932,"Natural Disaster and Fire reported, yellow at May accident at medical, green.","['Accident', 'Fire', 'Medical', 'Natural Disaster']",Yellow,"[2, 0, 3, 4]",1,fil
1933,"Fire and Accident reported, red! ASAP!","['Fire', 'Accident']",Red,"[0, 2]",2,fil
1934,"Emergency! May patay sa shooting, wala nang pulso. pls. pls",['Crime'],Black,[1],3,fil
1935,"Natural Disaster plus Fire, black at Urgent.","['Accident', 'Fire', 'Natural Disaster']",Black,"[2, 0, 4]",3,fil
1936,"Sir Baha mataas na, may tao na trap sa bubong at Ma'am Hindi humihinga ang tao, CPR needed.","['Medical', 'Natural Disaster']",Red,"[3, 4]",2,fil
1937,"Help! Medical plus Fire, red! Please respond!","['Medical', 'Fire']",Red,"[3, 0]",2,tl
1938,"Natural Disaster and Fire reported, yellow at Boss Hostage situation, may kutsilyo.","['Crime', 'Fire', 'Natural Disaster']",Red,"[1, 0, 4]",2,fil
1939,"Urgent at Ma'am Severe bleeding, malakas ang dugo.","['Accident', 'Medical']",Red,"[2, 3]",2,fil
1940,"Help! May fire at natural disaster, yellow! Please respond!","['Fire', 'Natural Disaster']",Yellow,"[0, 4]",1,fil
1941,"Boss Baha na, tumataas ang tubig! Padala agad!",['Natural Disaster'],Yellow,[4],1,fil
1942,"Urgent at Sir Baha na, tumataas ang tubig.","['Medical', 'Natural Disaster']",Yellow,"[3, 4]",1,fil
1943,"Boss Sunog sa bodega, malakas na ang apoy at Accident plus Fire, red.","['Accident', 'Fire']",Red,"[2, 0]",2,fil
1944,"May other at accident, green at Fatal stabbing, victim pronounced dead.","['Accident', 'Crime', 'Other']",Black,"[2, 1, 5]",3,fil
1945,"May natural disaster at crime, red! Please respond!","['Natural Disaster', 'Crime']",Red,"[4, 1]",2,fil
1946,"Sir May patay sa sunog, hindi na humihinga at Crime plus Other, black.","['Crime', 'Fire', 'Other']",Black,"[1, 0, 5]",3,fil
1947,"Ma'am Hindi humihinga ang tao, CPR needed at Urgent.","['Crime', 'Medical']",Black,"[1, 3]",3,fil
1948,"Help! Natural Disaster and Fire reported, black!","['Natural Disaster', 'Fire']",Black,"[4, 0]",3,fil
1949,"Emergency at Building burning, may tao pa sa loob.","['Accident', 'Fire']",Yellow,"[2, 0]",1,fil
1950,"Other and Crime reported, yellow. ASAP. pls","['Other', 'Crime']",Yellow,"[5, 1]",1,fil
1951,"Help at May stroke victim, kailangan agad ng hospital.","['Crime', 'Fire', 'Medical']",Black,"[1, 0, 3]",3,fil
1952,"Medical and Crime reported, red at Bagyo wasak ang bubong, may injured.","['Crime', 'Medical', 'Natural Disaster']",Red,"[1, 3, 4]",2,fil
1953,"Help! May nag-attempt ng break-in, na-scare off na! ASAP!",['Crime'],Green,[1],0,fil
1954,"Fire and Other reported, black at Ma'am Rollover, critical ang pasahero.","['Accident', 'Fire', 'Other']",Black,"[2, 0, 5]",3,fil
1955,"Natural Disaster and Fire reported, yellow. Please respond. pls","['Natural Disaster', 'Fire']",Yellow,"[4, 0]",1,fil
1956,"Tulong at Sir Baha mataas na, may tao na trap sa bubong.","['Crime', 'Natural Disaster']",Red,"[1, 4]",2,fil
1957,"May hostage sa tindahan, stable pa naman!",['Crime'],Yellow,[1],1,fil
1958,"Crime and Fire reported, yellow. Please respond. pls","['Crime', 'Fire']",Yellow,"[1, 0]",1,tl
1959,"Medical plus Crime, red at Urgent.","['Accident', 'Crime', 'Medical']",Red,"[2, 1, 3]",2,tl
1960,"Natural Disaster and Fire reported, green at Boss Brownout, walang kuryente.","['Fire', 'Natural Disaster', 'Other']",Green,"[0, 4, 5]",0,fil
1961,"Boss May nanganak na, critical at Urgent.","['Accident', 'Fire', 'Medical']",Red,"[2, 0, 3]",2,fil
1962,"House fire, need help at Emergency.","['Fire', 'Medical']",Yellow,"[0, 3]",1,tl
1963,"May crime at fire, green. Please respond. pls","['Crime', 'Fire']",Green,"[1, 0]",0,fil
1964,"Help! May medical at crime, red!","['Medical', 'Crime']",Red,"[3, 1]",2,tl
1965,"Urgent at Sir Hindi humihinga ang tao, CPR needed.","['Medical', 'Other']",Red,"[3, 5]",2,fil
1966,"Natural Disaster and Fire reported, black at Urgent.","['Fire', 'Natural Disaster']",Black,"[0, 4]",3,fil
1967,"Emergency at Shooting incident, severe bleeding.","['Crime', 'Other']",Red,"[1, 5]",2,tl
1968,"Sir Sunog sa bodega, malakas na ang apoy! pls!",['Fire'],Yellow,[0],1,fil
1969,"Urgent! May accident at fire, red. Please respond. pls","['Accident', 'Fire']",Red,"[2, 0]",2,fil
1970,"Emergency at Nasunog ang bahay, may namatay na.","['Accident', 'Fire']",Black,"[2, 0]",3,fil
1971,"Bagyo wasak ang bubong, may injured at Other and Medical reported, yellow.","['Medical', 'Natural Disaster', 'Other']",Yellow,"[3, 4, 5]",1,fil
1972,"Tulong! Nakawan sa sari-sari store, minor lang. Bilisan.",['Crime'],Green,[1],0,fil
1973,"Emergency! Brownout, walang kuryente!",['Other'],Green,[5],0,fil
1974,"May nahihirapang huminga, asthmatic!",['Medical'],Yellow,[3],1,fil
1975,"Help! May crime at fire, yellow! Please respond!","['Crime', 'Fire']",Yellow,"[1, 0]",1,fil
1976,"Fire and Accident reported, red at Crime plus Other, green.","['Accident', 'Crime', 'Fire', 'Other']",Red,"[2, 1, 0, 5]",2,tl
1977,"Medical and Accident reported, black. ASAP. pls","['Medical', 'Accident']",Black,"[3, 2]",3,fil
1978,"Natural Disaster and Medical reported, black at Tulong.","['Crime', 'Medical', 'Natural Disaster']",Black,"[1, 3, 4]",3,fil
1979,Malakas ang ulan pero ok pa naman at Help.,"['Natural Disaster', 'Other']",Red,"[4, 5]",2,fil
1980,"May fire at medical, red at Fire and Other reported, yellow.","['Fire', 'Medical', 'Other']",Red,"[0, 3, 5]",2,fil
1981,"Elderly collapsed, needs treatment soon at Urgent.","['Crime', 'Medical', 'Other']",Black,"[1, 3, 5]",3,tl
1982,"Urgent at Boss Walang pulso, deceased na.","['Crime', 'Medical', 'Natural Disaster']",Black,"[1, 3, 4]",3,fil
1983,"Help at May other at natural disaster, black.","['Accident', 'Medical', 'Natural Disaster', 'Other']",Black,"[2, 3, 4, 5]",3,fil
1984,"Boss Hindi humihinga ang tao, CPR needed at May natural disaster at crime, yellow.","['Crime', 'Medical', 'Natural Disaster']",Red,"[1, 3, 4]",2,fil
1985,"Urgent! Medical and Natural Disaster reported, green! Please respond!","['Medical', 'Natural Disaster']",Green,"[3, 4]",0,fil
1986,"Help! May accident at fire, black. ASAP. pls","['Accident', 'Fire']",Black,"[2, 0]",3,fil
1987,"Crime plus Accident, black at Urgent.","['Accident', 'Crime', 'Natural Disaster']",Black,"[2, 1, 4]",3,tl
1988,Urgent at Sir Malakas ang ulan pero ok pa naman.,"['Accident', 'Crime', 'Natural Disaster']",Green,"[2, 1, 4]",0,fil
1989,"Boss May sunog sa bahay, kailangan ng fire truck! pls",['Fire'],Yellow,[0],1,fil
1990,"Natural Disaster plus Accident, yellow at Ma'am Minor collision sa kalsada, gasgas lang.","['Accident', 'Natural Disaster']",Yellow,"[2, 4]",1,fil
1991,"Help! May crime at other, black! Please respond!","['Crime', 'Other']",Black,"[1, 5]",3,fil
1992,"Urgent! Natural Disaster plus Other, black! ASAP!","['Natural Disaster', 'Other']",Black,"[4, 5]",3,fil
1993,"Crime and Medical reported, black. Please respond. pls","['Crime', 'Medical']",Black,"[1, 3]",3,tl
1994,"Urgent! Fatal crash, driver deceased. Please respond. pls",['Accident'],Black,[2],3,tl
1995,"Help at Ma'am Hindi humihinga ang tao, CPR needed.","['Medical', 'Other']",Red,"[3, 5]",2,fil
1996,"Help at Medical plus Other, yellow.","['Medical', 'Natural Disaster', 'Other']",Black,"[3, 4, 5]",3,tl
1997,"May binaril, malubha at Urgent.","['Accident', 'Crime', 'Fire']",Red,"[2, 1, 0]",2,fil
1998,"Boss Hindi humihinga ang tao, CPR needed at Ma'am May patay sa shooting, wala nang pulso.","['Crime', 'Medical']",Black,"[1, 3]",3,fil
1999,"Help at May accident at other, yellow.","['Accident', 'Medical', 'Natural Disaster', 'Other']",Black,"[2, 3, 4, 5]",3,tl
2000,"Help at Robbery, may baril ang suspect.","['Crime', 'Medical']",Red,"[1, 3]",2,fil
2001,"Help at Ma'am Baha na, tumataas ang tubig.","['Accident', 'Fire', 'Natural Disaster']",Red,"[2, 0, 4]",2,fil
2002,"Sir Landslide, may na-bury na tao at Urgent.","['Crime', 'Natural Disaster']",Red,"[1, 4]",2,fil
2003,"Help! Fire plus Accident, green!","['Fire', 'Accident']",Green,"[0, 2]",0,tl
2004,"Crime and Fire reported, yellow at Boss Hindi humihinga ang tao, CPR needed.","['Crime', 'Fire', 'Medical']",Red,"[1, 0, 3]",2,fil
2005,"Fire and Accident reported, yellow at May patay sa shooting, wala nang pulso.","['Accident', 'Crime', 'Fire']",Black,"[2, 1, 0]",3,fil
2006,"Ma'am Baha na, tumataas ang tubig at May accident at medical, green.","['Accident', 'Medical', 'Natural Disaster']",Yellow,"[2, 3, 4]",1,fil
2007,Missing person found deceased. ASAP. pls,['Other'],Black,[5],3,fil
2008,"Boss Walang pulso, deceased na! Bilisan po!",['Medical'],Black,[3],3,fil
2009,"May other at accident, yellow at May nahihirapang huminga, asthmatic.","['Accident', 'Medical', 'Other']",Yellow,"[2, 3, 5]",1,fil
2010,Boss Nakita ang bangkay sa ilog at Urgent.,"['Natural Disaster', 'Other']",Black,"[4, 5]",3,fil
2011,"Crime and Accident reported, black at Urgent.","['Accident', 'Crime', 'Other']",Black,"[2, 1, 5]",3,tl
2012,"May natural disaster at crime, red at Urgent.","['Crime', 'Fire', 'Natural Disaster']",Red,"[1, 0, 4]",2,fil
2013,"Building burning, may tao pa sa loob at Ma'am May stroke victim, kailangan agad ng hospital.","['Fire', 'Medical']",Yellow,"[0, 3]",1,fil
2014,Missing person found deceased at Help.,"['Medical', 'Natural Disaster', 'Other']",Black,"[3, 4, 5]",3,tl
2015,"Crime and Fire reported, red at Tulong.","['Crime', 'Fire', 'Natural Disaster']",Red,"[1, 0, 4]",2,fil
2016,"Sir May patay sa sunog, hindi na humihinga at Accident plus Other, yellow.","['Accident', 'Fire', 'Other']",Black,"[2, 0, 5]",3,fil
2017,"Help at May patay sa shooting, wala nang pulso.","['Crime', 'Other']",Black,"[1, 5]",3,fil
2018,"Tulong! Landslide, may na-bury na tao! pls!",['Natural Disaster'],Red,[4],2,fil
2019,"Hostage situation, may kutsilyo at Medical plus Crime, red.","['Crime', 'Medical']",Red,"[1, 3]",2,tl
2020,Help at Sir Nakita ang bangkay sa ilog.,"['Natural Disaster', 'Other']",Black,"[4, 5]",3,fil
2021,"May fire at other, red at May fire at natural disaster, yellow.","['Fire', 'Natural Disaster', 'Other']",Red,"[0, 4, 5]",2,fil
2022,"Child missing, may suspect at Medical plus Other, yellow.","['Medical', 'Other']",Red,"[3, 5]",2,fil
2023,"Small fire sa labas, na-control na. pls",['Fire'],Green,[0],0,fil
2024,"Crime and Fire reported, red at Urgent.","['Crime', 'Fire', 'Other']",Black,"[1, 0, 5]",3,tl
2025,"Help at Storm damage sa bubong, minor lang.","['Accident', 'Natural Disaster']",Red,"[2, 4]",2,fil
2026,"Help! Fire and Accident reported, red!","['Fire', 'Accident']",Red,"[0, 2]",2,tl
2027,"Fatal crash, driver deceased!",['Accident'],Black,[2],3,tl
2028,"Ma'am May stroke victim, kailangan agad ng hospital at Holdap may baril, may nasaktan.","['Crime', 'Medical']",Red,"[1, 3]",2,fil
2029,"Ma'am May patay sa shooting, wala nang pulso. pls",['Crime'],Black,[1],3,fil
2030,"Boss May baha pero mababa pa at May accident at medical, green.","['Accident', 'Medical', 'Natural Disaster']",Green,"[2, 3, 4]",0,tl
2031,"Ma'am Rollover, critical ang pasahero at May sunog sa bahay, may tao na trap sa loob.","['Accident', 'Fire']",Red,"[2, 0]",2,fil
2032,"Natural Disaster and Fire reported, green at May namatay sa aksidente, wala nang pulso.","['Accident', 'Fire', 'Natural Disaster']",Black,"[2, 0, 4]",3,fil
2033,"Urgent! May medical at fire, green!","['Medical', 'Fire']",Green,"[3, 0]",0,tl
2034,"Urgent! Other and Crime reported, yellow! Please respond!","['Other', 'Crime']",Yellow,"[5, 1]",1,tl
2035,"Urgent! Crime and Other reported, green! ASAP!","['Crime', 'Other']",Green,"[1, 5]",0,fil
2036,"Urgent at Gas leak malakas, may nahimatay.","['Natural Disaster', 'Other']",Black,"[4, 5]",3,fil
2037,"Help at Suspicious package, nag-evacuate na.","['Natural Disaster', 'Other']",Yellow,"[4, 5]",1,tl
2038,"Medical plus Fire, red at Boss Walang pulso, deceased na.","['Fire', 'Medical']",Black,"[0, 3]",3,fil
2039,"Urgent at Nakawan sa sari-sari store, minor lang.","['Accident', 'Crime', 'Natural Disaster']",Green,"[2, 1, 4]",0,fil
2040,"Urgent! House fire, need help! Please respond!",['Fire'],Yellow,[0],1,tl
2041,"Tulong at Sir Gas leak malakas, may nahimatay.","['Natural Disaster', 'Other']",Red,"[4, 5]",2,fil
2042,"Help! Crime and Other reported, yellow!","['Crime', 'Other']",Yellow,"[1, 5]",1,tl
2043,"May smoke sa bahay pero minor lang po at May nanganak na, critical.","['Fire', 'Medical']",Red,"[0, 3]",2,fil
2044,"Sir May bugbog, nasugatan ang biktima at Help.","['Crime', 'Fire', 'Other']",Red,"[1, 0, 5]",2,fil
2045,"Fire victim, no pulse na po. ASAP. pls",['Fire'],Black,[0],3,fil
2046,"Help at Sir May sunog sa bahay, kailangan ng fire truck.","['Fire', 'Medical']",Red,"[0, 3]",2,fil
2047,"Natural Disaster and Crime reported, red! Please respond!","['Natural Disaster', 'Crime']",Red,"[4, 1]",2,fil
2048,"Fire sa apartment, people trapped inside at Urgent.","['Fire', 'Medical', 'Natural Disaster']",Red,"[0, 3, 4]",2,tl
2049,"Urgent! Accident and Medical reported, yellow. Please respond. pls","['Accident', 'Medical']",Yellow,"[2, 3]",1,tl
2050,"Urgent! Other and Medical reported, yellow! Please respond!","['Other', 'Medical']",Yellow,"[5, 3]",1,tl
2051,"Fire plus Other, yellow at May other at natural disaster, black.","['Fire', 'Natural Disaster', 'Other']",Black,"[0, 4, 5]",3,fil
2052,"Natural Disaster plus Accident, yellow at Tulong.","['Accident', 'Medical', 'Natural Disaster']",Red,"[2, 3, 4]",2,fil
2053,"Accident plus Other, yellow at Urgent.","['Accident', 'Other']",Red,"[2, 5]",2,tl
2054,"Help! Other plus Medical, black! Please respond!","['Other', 'Medical']",Black,"[5, 3]",3,tl
2055,"May fire at other, green! ASAP!","['Fire', 'Other']",Green,"[0, 5]",0,fil
2056,"Urgent! Fire plus Accident, yellow! ASAP!","['Fire', 'Accident']",Yellow,"[0, 2]",1,tl
2057,"Sir Holdap sa jeep, may nasaksak!",['Crime'],Yellow,[1],1,fil
2058,"Help! Crime plus Accident, green. pls","['Crime', 'Accident']",Green,"[1, 2]",0,tl
2059,"Sir Sunog sa bodega, malakas na ang apoy at Natural Disaster and Fire reported, yellow.","['Fire', 'Natural Disaster']",Yellow,"[0, 4]",1,fil
2060,"Help! May medical at fire, green. ASAP. pls","['Medical', 'Fire']",Green,"[3, 0]",0,fil
2061,"Emergency! Jeep tumama sa poste, may pasahero na nasaktan!",['Accident'],Yellow,[2],1,fil
2062,Help at Missing person found deceased.,"['Natural Disaster', 'Other']",Black,"[4, 5]",3,tl
2063,"Help! Fire and Medical reported, green! ASAP!","['Fire', 'Medical']",Green,"[0, 3]",0,fil
2064,"Nasusunog yung tindahan, may nasugatan! pls!",['Fire'],Yellow,[0],1,fil
2065,"Gas leak malakas, may nahimatay! pls",['Other'],Red,[5],2,fil
2066,"Help at May natural disaster at other, green.","['Crime', 'Natural Disaster', 'Other']",Red,"[1, 4, 5]",2,fil
2067,"Natural Disaster plus Fire, black at Medical plus Other, yellow.","['Fire', 'Medical', 'Natural Disaster', 'Other']",Black,"[0, 3, 4, 5]",3,fil
2068,"Fire plus Natural Disaster, red at Crime and Fire reported, yellow.","['Crime', 'Fire', 'Natural Disaster']",Red,"[1, 0, 4]",2,fil
2069,"Tulong at Ma'am Sunog sa basurahan lang, konti na lang.","['Fire', 'Natural Disaster']",Red,"[0, 4]",2,fil
2070,"Motor nadulas pero ok lang, minor lang. pls",['Accident'],Green,[2],0,fil
2071,"Landslide victim, deceased na at Urgent.","['Fire', 'Natural Disaster']",Black,"[0, 4]",3,tl
2072,"May binaril, malubha at Help.","['Crime', 'Medical', 'Other']",Red,"[1, 3, 5]",2,fil
2073,"Ma'am Nakawan sa sari-sari store, minor lang at Help.","['Crime', 'Medical']",Green,"[1, 3]",0,fil
2074,"Medical plus Fire, red at Help.","['Fire', 'Medical']",Red,"[0, 3]",2,tl
2075,"Urgent at May crime at accident, yellow.","['Accident', 'Crime']",Yellow,"[2, 1]",1,tl
2076,"Sir May nagnakaw ng cellphone, nakita na namin ang suspect! Bilisan po!",['Crime'],Green,[1],0,fil
2077,"Boss May namatay sa aksidente, wala nang pulso at Urgent.","['Accident', 'Fire']",Black,"[2, 0]",3,fil
2078,"Medical plus Fire, red. Please respond. pls","['Medical', 'Fire']",Red,"[3, 0]",2,tl
2079,"Diabetic, low sugar lang, na-revive na at Help.","['Accident', 'Fire', 'Medical']",Green,"[2, 0, 3]",0,fil
2080,"May bata nawawala pa, kailangan ng tulong at May fire at other, green.","['Fire', 'Other']",Yellow,"[0, 5]",1,fil
2081,"Help at May accident at other, green.","['Accident', 'Fire', 'Other']",Red,"[2, 0, 5]",2,tl
2082,"Car crash, may injured at May accident at crime, red.","['Accident', 'Crime']",Red,"[2, 1]",2,tl
2083,"Help! Car crash, may injured. ASAP. pls",['Accident'],Yellow,[2],1,fil
2084,"Sir May bugbog, nasugatan ang biktima! pls!",['Crime'],Yellow,[1],1,fil
2085,"Emergency! Rollover, critical ang pasahero! pls",['Accident'],Red,[2],2,fil
2086,"Urgent at Landslide victim, deceased na.","['Fire', 'Medical', 'Natural Disaster']",Black,"[0, 3, 4]",3,tl
2087,"Pinatay ang biktima, deceased na at Help.","['Crime', 'Natural Disaster']",Black,"[1, 4]",3,fil
2088,"Help! Fire and Crime reported, black!","['Fire', 'Crime']",Black,"[0, 1]",3,tl
2089,Boss Nakita ang bangkay sa ilog!,['Other'],Black,[5],3,fil
2090,"Urgent! Other and Accident reported, black. ASAP. pls","['Other', 'Accident']",Black,"[5, 2]",3,fil
2091,"Urgent at Nasunog ang bahay, may namatay na.","['Accident', 'Fire', 'Other']",Black,"[2, 0, 5]",3,fil
2092,"Help at Other plus Natural Disaster, black.","['Accident', 'Natural Disaster', 'Other']",Black,"[2, 4, 5]",3,fil
2093,"Help! Fire plus Accident, green! ASAP!","['Fire', 'Accident']",Green,"[0, 2]",0,tl
2094,"Medical and Accident reported, black at Accident plus Crime, green.","['Accident', 'Crime', 'Medical']",Black,"[2, 1, 3]",3,tl
2095,"Urgent at Boss Holdap sa jeep, may nasaksak.","['Accident', 'Crime', 'Natural Disaster']",Red,"[2, 1, 4]",2,fil
2096,"May nahihirapang huminga, asthmatic at Baha mataas na, may tao na trap sa bubong.","['Medical', 'Natural Disaster']",Red,"[3, 4]",2,fil
2097,"May natural disaster at crime, red at Mild allergic reaction, stable na.","['Crime', 'Medical', 'Natural Disaster']",Red,"[1, 3, 4]",2,fil
2098,"Help at Sunog sa factory, maraming workers pa sa loob.","['Fire', 'Other']",Red,"[0, 5]",2,fil
2099,"Help at Diabetic, low sugar lang, na-revive na.","['Accident', 'Medical']",Black,"[2, 3]",3,fil
2100,"Sir Nasunog ang bahay, may namatay na. Padala agad. pls",['Fire'],Black,[0],3,fil
2101,"Accident and Medical reported, yellow at Urgent.","['Accident', 'Fire', 'Medical']",Red,"[2, 0, 3]",2,tl
2102,"May accident at crime, red at Accident plus Fire, yellow.","['Accident', 'Crime', 'Fire']",Red,"[2, 1, 0]",2,tl
2103,"Medical and Natural Disaster reported, green at Other and Fire reported, green.","['Fire', 'Medical', 'Natural Disaster', 'Other']",Green,"[0, 3, 4, 5]",0,fil
2104,"Brownout, walang kuryente. pls. pls",['Other'],Green,[5],0,fil
2105,"Medical plus Natural Disaster, yellow at May sunog sa bahay, kailangan ng fire truck.","['Fire', 'Medical', 'Natural Disaster']",Yellow,"[0, 3, 4]",1,fil
2106,"Urgent at Crime and Other reported, green.","['Crime', 'Natural Disaster', 'Other']",Yellow,"[1, 4, 5]",1,tl
2107,"Urgent! Natural Disaster plus Accident, red. Please respond. pls","['Natural Disaster', 'Accident']",Red,"[4, 2]",2,fil
2108,"May hostage sa tindahan, stable pa naman at Help.","['Accident', 'Crime', 'Medical']",Red,"[2, 1, 3]",2,fil
2109,"Urgent! Accident and Fire reported, green. pls","['Accident', 'Fire']",Green,"[2, 0]",0,tl
2110,"Fatal crash, driver deceased at May other at crime, red.","['Accident', 'Crime', 'Other']",Black,"[2, 1, 5]",3,tl
2111,"Help! Other plus Accident, black!","['Other', 'Accident']",Black,"[5, 2]",3,tl
2112,"Urgent at Other plus Natural Disaster, black.","['Crime', 'Natural Disaster', 'Other']",Black,"[1, 4, 5]",3,fil
2113,"Tulong at Natural Disaster plus Fire, black.","['Fire', 'Natural Disaster']",Black,"[0, 4]",3,fil
2114,"Help! Other and Medical reported, black! Please respond!","['Other', 'Medical']",Black,"[5, 3]",3,tl
2115,"Medical and Crime reported, red at Emergency.","['Crime', 'Medical']",Red,"[1, 3]",2,tl
2116,"Help at Sir Gas leak malakas, may nahimatay.","['Crime', 'Medical', 'Other']",Red,"[1, 3, 5]",2,fil
2117,"Help at Boss Holdap sa jeep, may nasaksak.","['Crime', 'Fire', 'Other']",Yellow,"[1, 0, 5]",1,fil
2118,"Urgent! May crime at natural disaster, black. Please respond. pls","['Crime', 'Natural Disaster']",Black,"[1, 4]",3,fil
2119,"Nasagasaan, patay na po!",['Accident'],Black,[2],3,fil
2120,"Crime plus Accident, black. ASAP. pls","['Crime', 'Accident']",Black,"[1, 2]",3,tl
2121,"Hindi humihinga ang tao, CPR needed at Urgent.","['Accident', 'Medical']",Black,"[2, 3]",3,fil
2122,"Tulong at Medical and Crime reported, red.","['Crime', 'Medical']",Red,"[1, 3]",2,fil
2123,"Ma'am May namatay sa baha, nakita ang bangkay!",['Natural Disaster'],Black,[4],3,fil
2124,"Help at Boss Sunog sa factory, maraming workers pa sa loob.","['Fire', 'Other']",Red,"[0, 5]",2,fil
2125,"May baha pero mababa pa at Crime and Medical reported, black.","['Crime', 'Medical', 'Natural Disaster']",Black,"[1, 3, 4]",3,fil
2126,"Medical plus Crime, red. ASAP. pls","['Medical', 'Crime']",Red,"[3, 1]",2,tl
2127,"Urgent! Other and Medical reported, black. pls","['Other', 'Medical']",Black,"[5, 3]",3,tl
2128,"Urgent at May sunog sa bahay, kailangan ng fire truck.","['Fire', 'Natural Disaster']",Black,"[0, 4]",3,fil
2129,Help! Missing person found deceased. pls,['Other'],Black,[5],3,tl
2130,"Fire victim, no pulse na po! ASAP!",['Fire'],Black,[0],3,fil
2131,"May accident at fire, yellow at Accident and Fire reported, red.","['Accident', 'Fire']",Red,"[2, 0]",2,fil
2132,"Natural Disaster and Fire reported, yellow at Nakawan sa sari-sari store, minor lang.","['Crime', 'Fire', 'Natural Disaster']",Yellow,"[1, 0, 4]",1,fil
2133,"Medical plus Natural Disaster, black at Malakas na sunog, hindi makahinga ang mga tao.","['Fire', 'Medical', 'Natural Disaster']",Black,"[0, 3, 4]",3,fil
2134,"Crime and Fire reported, yellow at Tulong.","['Crime', 'Fire', 'Medical']",Red,"[1, 0, 3]",2,fil
2135,"Help at Flash flood, maraming hindi makalabas.","['Crime', 'Natural Disaster', 'Other']",Black,"[1, 4, 5]",3,fil
2136,"Help! Crime and Other reported, black! Please respond!","['Crime', 'Other']",Black,"[1, 5]",3,tl
2137,Ma'am Malakas ang ulan pero ok pa naman at Help.,"['Medical', 'Natural Disaster']",Green,"[3, 4]",0,fil
2138,"Help at Fire and Medical reported, red.","['Fire', 'Medical', 'Natural Disaster', 'Other']",Red,"[0, 3, 4, 5]",2,tl
2139,"Motor nadulas pero ok lang, minor lang at Earthquake, building collapse, people trapped.","['Accident', 'Natural Disaster']",Red,"[2, 4]",2,fil
2140,"May nagnakaw ng cellphone, nakita na namin ang suspect at May patay sa sunog, hindi na humihinga.","['Crime', 'Fire']",Black,"[1, 0]",3,fil
2141,"Help at Accident plus Crime, black.","['Accident', 'Crime', 'Natural Disaster']",Black,"[2, 1, 4]",3,tl
2142,"May medical at natural disaster, red at Sir May bata nawawala, nakita na.","['Medical', 'Natural Disaster', 'Other']",Red,"[3, 4, 5]",2,fil
2143,"Boss Nasusunog yung tindahan, may nasugatan at Boss May namatay sa baha, nakita ang bangkay.","['Fire', 'Natural Disaster']",Black,"[0, 4]",3,fil
2144,"Help! May other at natural disaster, black! Please respond!","['Other', 'Natural Disaster']",Black,"[5, 4]",3,fil
2145,"Urgent at Overdose, not breathing.","['Accident', 'Medical']",Red,"[2, 3]",2,tl
2146,"Medical and Crime reported, red. Please respond. pls","['Medical', 'Crime']",Red,"[3, 1]",2,tl
2147,"Malubhang banggaan, may hindi humihinga at May accident at other, yellow.","['Accident', 'Other']",Red,"[2, 5]",2,fil
2148,"Storm damage sa bubong, minor lang at Boss May usok sa kusina pero walang apoy pa, safe naman.","['Fire', 'Natural Disaster']",Green,"[0, 4]",0,fil
2149,Boss May baha pero mababa pa. Padala agad. pls,['Natural Disaster'],Green,[4],0,tl
2150,"Help! May accident at other, yellow. Please respond. pls","['Accident', 'Other']",Yellow,"[2, 5]",1,fil
2151,"Natural Disaster plus Medical, black. Please respond. pls","['Natural Disaster', 'Medical']",Black,"[4, 3]",3,fil
2152,"Help! May crime at accident, black! ASAP!","['Crime', 'Accident']",Black,"[1, 2]",3,fil
2153,"Boss Sunog sa factory, maraming workers pa sa loob at Help.","['Fire', 'Natural Disaster']",Black,"[0, 4]",3,fil
2154,"Help! Fire plus Accident, black! ASAP!","['Fire', 'Accident']",Black,"[0, 2]",3,tl
2155,"Urgent! May accident at fire, red! Please respond!","['Accident', 'Fire']",Red,"[2, 0]",2,fil
2156,"Emergency at Boss Bagyo wasak ang bubong, may injured.","['Accident', 'Natural Disaster']",Red,"[2, 4]",2,fil
2157,"Shooting incident, severe bleeding at Boss Sunog sa bodega, malakas na ang apoy.","['Crime', 'Fire']",Red,"[1, 0]",2,fil
2158,"Other and Crime reported, yellow at Boss May patay sa sunog, hindi na humihinga.","['Crime', 'Fire', 'Other']",Black,"[1, 0, 5]",3,fil
2159,"Urgent at May fire at natural disaster, yellow.","['Fire', 'Medical', 'Natural Disaster']",Yellow,"[0, 3, 4]",1,fil
2160,"Boss Hostage situation, may kutsilyo at Fire plus Other, green.","['Crime', 'Fire', 'Other']",Red,"[1, 0, 5]",2,tl
2161,"Medical and Natural Disaster reported, green at Ma'am Pinatay ang biktima, deceased na.","['Crime', 'Medical', 'Natural Disaster']",Black,"[1, 3, 4]",3,fil
2162,"Boss Nasagasaan, patay na po at Urgent.","['Accident', 'Other']",Black,"[2, 5]",3,fil
2163,"Shooting incident, severe bleeding at Sir Walang pulso, deceased na.","['Crime', 'Medical']",Black,"[1, 3]",3,fil
2164,"Emergency! Heart attack, stable pa pero urgent!",['Medical'],Yellow,[3],1,tl
2165,"Accident plus Fire, yellow! ASAP!","['Accident', 'Fire']",Yellow,"[2, 0]",1,tl
2166,"Fire and Accident reported, yellow at Crime plus Medical, black.","['Accident', 'Crime', 'Fire', 'Medical']",Black,"[2, 1, 0, 3]",3,tl
2167,"Nakawan sa sari-sari store, minor lang. pls",['Crime'],Green,[1],0,fil
2168,"Help! Shooting incident, severe bleeding! pls",['Crime'],Red,[1],2,tl
2169,May smoke sa bahay pero minor lang.,['Fire'],Green,[0],0,fil
2170,"Storm damage sa bubong, minor lang at Urgent.","['Accident', 'Fire', 'Natural Disaster']",Yellow,"[2, 0, 4]",1,fil
2171,"May accident at crime, red! Please respond!","['Accident', 'Crime']",Red,"[2, 1]",2,fil
2172,"Help! Medical and Crime reported, yellow! Please respond!","['Medical', 'Crime']",Yellow,"[3, 1]",1,tl
2173,"Sir Sunog sa bodega, malakas na ang apoy. pls. pls",['Fire'],Yellow,[0],1,fil
2174,"Ma'am Flash flood, maraming hindi makalabas! Bilisan po. pls",['Natural Disaster'],Red,[4],2,fil
2175,"Sunog sa basurahan lang, konti na lang!",['Fire'],Green,[0],0,fil
2176,"Urgent! Natural Disaster plus Accident, red! Please respond!","['Natural Disaster', 'Accident']",Red,"[4, 2]",2,fil
2177,"Pinatay ang biktima, deceased na at Urgent.","['Accident', 'Crime', 'Other']",Black,"[2, 1, 5]",3,fil
2178,"May nagnakaw ng cellphone, nakita na namin ang suspect at Nasusunog yung tindahan, may nasugatan.","['Crime', 'Fire']",Yellow,"[1, 0]",1,fil
2179,"Boss Sunog sa basurahan lang, konti na lang at Urgent.","['Accident', 'Fire']",Black,"[2, 0]",3,fil
2180,"Help at Ma'am Assault, kailangan ng ambulance.","['Accident', 'Crime']",Black,"[2, 1]",3,fil
2181,"Tulong! Assault, kailangan ng ambulance. Padala agad. pls",['Crime'],Yellow,[1],1,fil
2182,"Fire plus Accident, black at Sir May nagnakaw ng cellphone, nakita na namin ang suspect.","['Accident', 'Crime', 'Fire']",Black,"[2, 1, 0]",3,fil
2183,"Natural Disaster and Fire reported, green at Tulong.","['Crime', 'Fire', 'Natural Disaster']",Green,"[1, 0, 4]",0,fil
2184,"Motor naaksidente, nasugatan ang driver at Help.","['Accident', 'Crime', 'Medical']",Yellow,"[2, 1, 3]",1,fil
2185,"Help at Crime plus Fire, red.","['Crime', 'Fire', 'Medical']",Red,"[1, 0, 3]",2,tl
2186,"May accident at fire, yellow at Severe bleeding, malakas ang dugo.","['Accident', 'Fire', 'Medical']",Red,"[2, 0, 3]",2,fil
2187,"Urgent at Medical and Other reported, green.","['Accident', 'Medical', 'Other']",Yellow,"[2, 3, 5]",1,tl
2188,"Brownout, walang kuryente! pls!",['Other'],Green,[5],0,fil
2189,"Emergency at Heart attack, stable pa pero urgent.","['Crime', 'Medical']",Black,"[1, 3]",3,tl
2190,"Robbery, may baril ang suspect at Help.","['Crime', 'Natural Disaster']",Red,"[1, 4]",2,fil
2191,"Help! Medical plus Natural Disaster, yellow. ASAP. pls","['Medical', 'Natural Disaster']",Yellow,"[3, 4]",1,fil
2192,"Accident plus Fire, red! ASAP!","['Accident', 'Fire']",Red,"[2, 0]",2,tl
2193,"Crime and Medical reported, black at Help.","['Crime', 'Medical']",Black,"[1, 3]",3,tl
2194,"Urgent at Sir May bata nawawala pa, kailangan ng tulong.","['Accident', 'Crime', 'Other']",Yellow,"[2, 1, 5]",1,fil
2195,"Help! Fire victim, no pulse na.",['Fire'],Black,[0],3,tl
2196,"Tulong! Landslide, may na-bury na tao!.",['Natural Disaster'],Red,[4],2,fil
2197,"Medical plus Other, yellow at Accident plus Other, yellow.","['Accident', 'Medical', 'Other']",Yellow,"[2, 3, 5]",1,tl
2198,"Help! Stabbing, critical condition! ASAP. pls",['Crime'],Red,[1],2,fil
2199,"Hostage situation, may kutsilyo at Riot sa rally, may nasugatan.","['Crime', 'Other']",Red,"[1, 5]",2,fil
2200,"Jeep tumama sa poste, may pasahero na nasaktan at Overdose, not breathing.","['Accident', 'Medical']",Red,"[2, 3]",2,fil
2201,"Ma'am Assault, kailangan ng ambulance at May fire at other, red.","['Crime', 'Fire', 'Other']",Red,"[1, 0, 5]",2,fil
2202,"May accident at fire, yellow at Fire victim, no pulse na po.","['Accident', 'Fire']",Black,"[2, 0]",3,fil
2203,"Help at Brownout, walang kuryente.","['Crime', 'Medical', 'Other']",Red,"[1, 3, 5]",2,fil
2204,"Rollover, critical ang pasahero at Tulong.","['Accident', 'Medical']",Black,"[2, 3]",3,fil
2205,"Urgent! Natural Disaster plus Other, black. ASAP. pls","['Natural Disaster', 'Other']",Black,"[4, 5]",3,fil
2206,"May patay sa sunog, hindi na humihinga at Medical plus Accident, yellow.","['Accident', 'Fire', 'Medical']",Black,"[2, 0, 3]",3,fil
2207,"Building burning, may tao pa sa loob! ASAP!",['Fire'],Yellow,[0],1,fil
2208,"Emergency! Pinatay ang biktima, deceased na!",['Crime'],Black,[1],3,fil
2209,"Help at Fire and Crime reported, black.","['Crime', 'Fire', 'Natural Disaster', 'Other']",Black,"[1, 0, 4, 5]",3,tl
2210,"Crime and Medical reported, black! Please respond!","['Crime', 'Medical']",Black,"[1, 3]",3,tl
2211,"Other and Medical reported, yellow at Sir Holdap may baril, may nasaktan.","['Crime', 'Medical', 'Other']",Red,"[1, 3, 5]",2,fil
2212,"Jeep tumama sa poste, may pasahero na nasaktan at Help.","['Accident', 'Fire', 'Medical']",Red,"[2, 0, 3]",2,fil
2213,"Sir May sunog sa bahay, kailangan ng fire truck! Bilisan.",['Fire'],Yellow,[0],1,fil
2214,"Medical plus Accident, yellow at Accident plus Other, red.","['Accident', 'Medical', 'Other']",Red,"[2, 3, 5]",2,tl
2215,"May fire at medical, red at Fire and Crime reported, green.","['Crime', 'Fire', 'Medical']",Red,"[1, 0, 3]",2,fil
2216,"Help! Other and Medical reported, black. pls","['Other', 'Medical']",Black,"[5, 3]",3,tl
2217,"Help at Fatal stabbing, victim pronounced dead.","['Crime', 'Fire', 'Other']",Black,"[1, 0, 5]",3,tl
2218,"Fatal stabbing, victim pronounced dead. pls",['Crime'],Black,[1],3,tl
2219,"Ma'am Nasusunog yung tindahan, may nasugatan at Tulong.","['Fire', 'Other']",Yellow,"[0, 5]",1,fil
2220,"Urgent! Other plus Medical, green! ASAP!","['Other', 'Medical']",Green,"[5, 3]",0,tl
2221,"Sir Riot, may baril at Medical plus Crime, red.","['Crime', 'Medical', 'Other']",Red,"[1, 3, 5]",2,tl
2222,"Help! Shooting incident, severe bleeding! Please respond. pls",['Crime'],Red,[1],2,fil
2223,"Sir Baha mataas na, may tao na trap sa bubong at May crime at accident, yellow.","['Accident', 'Crime', 'Natural Disaster']",Red,"[2, 1, 4]",2,fil
2224,"May nanganak na, critical at Fire and Natural Disaster reported, black.","['Fire', 'Medical', 'Natural Disaster']",Black,"[0, 3, 4]",3,fil
2225,"Tulong! Assault, kailangan ng ambulance!",['Crime'],Yellow,[1],1,fil
2226,"Help at Motor naaksidente, nasugatan ang driver.","['Accident', 'Fire']",Yellow,"[2, 0]",1,fil
2227,"Tulong! Walang pulso, deceased na. pls. pls",['Medical'],Black,[3],3,fil
2228,"Help! Fire plus Other, yellow. Please respond. pls","['Fire', 'Other']",Yellow,"[0, 5]",1,tl
2229,"Accident plus Crime, black at Building burning, may tao pa sa loob.","['Accident', 'Crime', 'Fire']",Black,"[2, 1, 0]",3,fil
2230,"Urgent at Ma'am Hindi humihinga ang tao, CPR needed.","['Accident', 'Crime', 'Medical']",Black,"[2, 1, 3]",3,fil
2231,"Boss Walang pulso, deceased na at Other and Medical reported, black.","['Medical', 'Other']",Black,"[3, 5]",3,fil
2232,"Boss Bagyo wasak ang bubong, may injured at Urgent.","['Accident', 'Natural Disaster', 'Other']",Yellow,"[2, 4, 5]",1,fil
2233,"Tulong! Sunog sa bodega, malakas na ang apoy. Bilisan po. pls",['Fire'],Yellow,[0],1,fil
2234,"Ma'am Severe bleeding, malakas ang dugo at Crime and Fire reported, red.","['Crime', 'Fire', 'Medical']",Red,"[1, 0, 3]",2,fil
2235,"Help! Flooding, need evacuation. pls",['Natural Disaster'],Yellow,[4],1,tl
2236,"Urgent at Accident plus Crime, red.","['Accident', 'Crime', 'Fire']",Red,"[2, 1, 0]",2,tl
2237,"Help! May crime at other, green! ASAP!","['Crime', 'Other']",Green,"[1, 5]",0,fil
2238,"Help! Crime and Other reported, black. Please respond. pls","['Crime', 'Other']",Black,"[1, 5]",3,tl
2239,"May bugbog, nasugatan ang biktima at Sir Gas leak malakas, may nahimatay.","['Crime', 'Other']",Red,"[1, 5]",2,fil
2240,"Fire victim, no pulse na po at Help.","['Fire', 'Medical', 'Other']",Black,"[0, 3, 5]",3,fil
2241,"Other and Fire reported, yellow at Emergency.","['Fire', 'Other']",Yellow,"[0, 5]",1,tl
2242,"Help! Crime and Other reported, green!","['Crime', 'Other']",Green,"[1, 5]",0,tl
2243,"Urgent! Robbery, may baril ang suspect! Please respond!",['Crime'],Yellow,[1],1,fil
2244,"Medical plus Accident, yellow. ASAP. pls","['Medical', 'Accident']",Yellow,"[3, 2]",1,tl
2245,"Urgent at Nasagasaan, patay na po.","['Accident', 'Fire']",Black,"[2, 0]",3,fil
2246,"Emergency at Brownout, walang kuryente.","['Accident', 'Other']",Green,"[2, 5]",0,fil
2247,"Urgent at Ma'am Nakawan sa sari-sari store, minor lang.","['Accident', 'Crime']",Red,"[2, 1]",2,fil
2248,"Help! Accident plus Crime, green! ASAP!","['Accident', 'Crime']",Green,"[2, 1]",0,tl
2249,"Sir May sunog sa bahay, kailangan ng fire truck at May crime at accident, yellow.","['Accident', 'Crime', 'Fire']",Yellow,"[2, 1, 0]",1,fil
2250,"Tulong! Baha na, tumataas ang tubig! Bilisan po!",['Natural Disaster'],Yellow,[4],1,fil
2251,"Ma'am May nagnakaw ng cellphone, nakita na namin ang suspect. Bilisan po. pls",['Crime'],Green,[1],0,fil
2252,"Tulong at Crime and Fire reported, yellow.","['Accident', 'Crime', 'Fire']",Yellow,"[2, 1, 0]",1,fil
2253,"Help! Missing person, hinahanap pa! Please respond!",['Other'],Yellow,[5],1,fil
2254,"Urgent! Truck accident, people trapped! Please respond!",['Accident'],Red,[2],2,tl
2255,"Sunog sa bodega, malakas na ang apoy at May other at fire, black.","['Fire', 'Other']",Black,"[0, 5]",3,fil
2256,"Ma'am May bata nawawala pa, kailangan ng tulong at Urgent.","['Accident', 'Natural Disaster', 'Other']",Yellow,"[2, 4, 5]",1,fil
2257,"Ma'am Truck nasagasaan ang tao, kailangan ng ambulance at Seizure, kailangan ng ambulance.","['Accident', 'Medical']",Yellow,"[2, 3]",1,fil
2258,"Hindi humihinga ang tao, CPR needed at Crime plus Other, green.","['Crime', 'Medical', 'Other']",Red,"[1, 3, 5]",2,fil
2259,"Help! Accident plus Crime, black. ASAP. pls","['Accident', 'Crime']",Black,"[2, 1]",3,tl
2260,"Urgent at May natural disaster at other, green.","['Crime', 'Natural Disaster', 'Other']",Red,"[1, 4, 5]",2,fil
2261,"Malakas na sunog, hindi makahinga ang mga tao at Help.","['Accident', 'Fire', 'Medical']",Red,"[2, 0, 3]",2,fil
2262,"Help at Natural Disaster and Crime reported, red.","['Crime', 'Medical', 'Natural Disaster', 'Other']",Red,"[1, 3, 4, 5]",2,fil
2263,"Urgent at Motor nadulas pero ok lang, minor lang.","['Accident', 'Crime', 'Other']",Yellow,"[2, 1, 5]",1,fil
2264,"Help! Overdose, not breathing! Please respond!",['Medical'],Red,[3],2,fil
2265,"May crime at fire, green at May bata nawawala pa, kailangan ng tulong.","['Crime', 'Fire', 'Other']",Yellow,"[1, 0, 5]",1,fil
2266,"Urgent! May natural disaster at crime, black. pls","['Natural Disaster', 'Crime']",Black,"[4, 1]",3,fil
2267,"Urgent! Accident plus Other, yellow! ASAP!","['Accident', 'Other']",Yellow,"[2, 5]",1,tl
2268,"Fire plus Natural Disaster, yellow. ASAP. pls","['Fire', 'Natural Disaster']",Yellow,"[0, 4]",1,fil
2269,"Help! Natural Disaster plus Other, green! Please respond!","['Natural Disaster', 'Other']",Green,"[4, 5]",0,fil
2270,"Sir Nasunog ang bahay, may namatay na at Urgent.","['Accident', 'Fire', 'Medical']",Black,"[2, 0, 3]",3,fil
2271,"Help at May nagnakaw ng cellphone, nakita na namin ang suspect.","['Crime', 'Medical']",Yellow,"[1, 3]",1,fil
2272,"Urgent at Natural Disaster and Medical reported, black.","['Accident', 'Fire', 'Medical', 'Natural Disaster']",Black,"[2, 0, 3, 4]",3,fil
2273,"Help at Ma'am Brownout, walang kuryente.","['Natural Disaster', 'Other']",Yellow,"[4, 5]",1,fil
2274,"Urgent at Ma'am Nasusunog yung tindahan, may nasugatan.","['Crime', 'Fire']",Red,"[1, 0]",2,fil
2275,"Help! Fire plus Accident, green. ASAP. pls","['Fire', 'Accident']",Green,"[0, 2]",0,tl
2276,"Crime and Fire reported, yellow! ASAP!","['Crime', 'Fire']",Yellow,"[1, 0]",1,fil
2277,"Ma'am May patay sa shooting, wala nang pulso at Urgent.","['Accident', 'Crime', 'Natural Disaster']",Black,"[2, 1, 4]",3,fil
2278,"Ma'am Baha na, tumataas ang tubig! pls!",['Natural Disaster'],Yellow,[4],1,fil
2279,"Ma'am Assault, kailangan ng ambulance at Tulong.","['Accident', 'Crime']",Yellow,"[2, 1]",1,fil
2280,"Ma'am Rollover, critical ang pasahero at Urgent.","['Accident', 'Medical', 'Natural Disaster']",Red,"[2, 3, 4]",2,fil
2281,"May bugbog, nasugatan ang biktima at Help.","['Crime', 'Fire', 'Medical']",Yellow,"[1, 0, 3]",1,fil
2282,"Crime plus Other, black at Help.","['Accident', 'Crime', 'Medical', 'Other']",Black,"[2, 1, 3, 5]",3,tl
2283,"Sunog sa basurahan lang, konti na lang at Help.","['Crime', 'Fire']",Red,"[1, 0]",2,fil
2284,Sir Nakita ang bangkay sa ilog. Bilisan po. pls,['Other'],Black,[5],3,fil
2285,"Brownout, walang kuryente..",['Other'],Green,[5],0,fil
2286,"Urgent! May fire at accident, red. pls","['Fire', 'Accident']",Red,"[0, 2]",2,tl
2287,"Nasunog ang bahay, may namatay na at Crime plus Natural Disaster, red.","['Crime', 'Fire', 'Natural Disaster']",Black,"[1, 0, 4]",3,fil
2288,"Help! Other plus Fire, green. Please respond. pls","['Other', 'Fire']",Green,"[5, 0]",0,tl
2289,"Fire victim, no pulse na.",['Fire'],Black,[0],3,tl
2290,"Urgent at Storm damage sa bubong, minor lang.","['Accident', 'Natural Disaster']",Green,"[2, 4]",0,fil
2291,"Urgent! Accident plus Crime, red!","['Accident', 'Crime']",Red,"[2, 1]",2,tl
2292,"Brownout, walang kuryente at Tulong.","['Natural Disaster', 'Other']",Yellow,"[4, 5]",1,fil
2293,"May usok sa kusina pero walang apoy pa, safe naman. pls",['Fire'],Green,[0],0,fil
2294,"Natural Disaster and Fire reported, green! ASAP!","['Natural Disaster', 'Fire']",Green,"[4, 0]",0,fil
2295,"Help! Natural Disaster plus Other, green. ASAP. pls","['Natural Disaster', 'Other']",Green,"[4, 5]",0,fil
2296,"Urgent! Natural Disaster plus Accident, red. pls","['Natural Disaster', 'Accident']",Red,"[4, 2]",2,fil
2297,"Urgent at Accident plus Other, red.","['Accident', 'Fire', 'Other']",Red,"[2, 0, 5]",2,tl
2298,"Boss May namatay sa baha, nakita ang bangkay. Padala agad. pls",['Natural Disaster'],Black,[4],3,fil
2299,"Help! May other at crime, red. ASAP. pls","['Other', 'Crime']",Red,"[5, 1]",2,fil
2300,"Urgent at Sir Lindol kanina, may mga nasugatan sa landslide.","['Medical', 'Natural Disaster']",Yellow,"[3, 4]",1,fil
2301,"May accident at fire, yellow! ASAP!","['Accident', 'Fire']",Yellow,"[2, 0]",1,fil
2302,May smoke sa bahay pero minor lang po at Help.,"['Fire', 'Natural Disaster']",Black,"[0, 4]",3,fil
2303,"Medical and Natural Disaster reported, yellow at Help.","['Medical', 'Natural Disaster', 'Other']",Black,"[3, 4, 5]",3,fil
2304,"Sunog sa factory, maraming workers pa sa loob at Rollover, critical ang pasahero.","['Accident', 'Fire']",Red,"[2, 0]",2,fil
2305,"Urgent at Boss Hostage situation, may kutsilyo.","['Crime', 'Medical']",Red,"[1, 3]",2,tl
2306,"Medical and Other reported, green at Medical and Natural Disaster reported, yellow.","['Medical', 'Natural Disaster', 'Other']",Yellow,"[3, 4, 5]",1,fil
2307,"May medical at natural disaster, red at Ma'am Sunog sa basurahan lang, konti na lang.","['Fire', 'Medical', 'Natural Disaster']",Red,"[0, 3, 4]",2,fil
2308,"Brownout, walang kuryente at May other at accident, red.","['Accident', 'Other']",Red,"[2, 5]",2,fil
2309,"Crime and Fire reported, red! ASAP!","['Crime', 'Fire']",Red,"[1, 0]",2,fil
2310,"Ma'am May nahimatay pero nagising na, ok na. Padala agad. pls",['Medical'],Green,[3],0,fil
2311,"Urgent! Stabbing, critical condition! ASAP. pls",['Crime'],Red,[1],2,fil
2312,"Urgent! May other at natural disaster, black. Please respond. pls","['Other', 'Natural Disaster']",Black,"[5, 4]",3,fil
2313,"Sir Holdap may baril, may nasaktan! pls!",['Crime'],Red,[1],2,fil
2314,"Tulong at Crime plus Medical, green.","['Crime', 'Medical']",Yellow,"[1, 3]",1,tl
2315,"Urgent! Crime and Fire reported, yellow!","['Crime', 'Fire']",Yellow,"[1, 0]",1,tl
2316,"Help! Small fire sa labas, na-control na! ASAP!",['Fire'],Green,[0],0,fil
2317,"Ma'am Nasusunog yung tindahan, may nasugatan at Medical plus Natural Disaster, black.","['Fire', 'Medical', 'Natural Disaster']",Black,"[0, 3, 4]",3,fil
2318,"Urgent at Sunog sa factory, maraming workers pa sa loob.","['Crime', 'Fire', 'Medical']",Red,"[1, 0, 3]",2,fil
2319,"Help! May crime at fire, yellow. ASAP. pls","['Crime', 'Fire']",Yellow,"[1, 0]",1,fil
2320,"Boss Nasusunog yung tindahan, may nasugatan at Help.","['Accident', 'Crime', 'Fire']",Black,"[2, 1, 0]",3,fil
2321,Tulong at Emergency.,"['Accident', 'Other']",Red,"[2, 5]",2,tl
2322,"Urgent at May crime at fire, yellow.","['Crime', 'Fire', 'Other']",Red,"[1, 0, 5]",2,tl
2323,"Lost child found na po at Medical and Crime reported, red.","['Crime', 'Medical', 'Other']",Red,"[1, 3, 5]",2,fil
2324,"Help at Mild allergic reaction, stable na.","['Fire', 'Medical']",Red,"[0, 3]",2,tl
2325,"CPR failed, pronounced dead at Help.","['Accident', 'Fire', 'Medical']",Black,"[2, 0, 3]",3,tl
2326,"Ma'am Pinatay ang biktima, deceased na at Small fire sa labas, na-control na.","['Crime', 'Fire']",Black,"[1, 0]",3,fil
2327,"Crime and Fire reported, yellow. ASAP. pls","['Crime', 'Fire']",Yellow,"[1, 0]",1,fil
2328,Sir Nakita ang bangkay sa ilog at Urgent.,"['Accident', 'Crime', 'Other']",Black,"[2, 1, 5]",3,fil
2329,"Help at Natural Disaster plus Accident, yellow.","['Accident', 'Fire', 'Natural Disaster', 'Other']",Black,"[2, 0, 4, 5]",3,fil
2330,"May fire at other, yellow at Urgent.","['Accident', 'Crime', 'Fire', 'Other']",Yellow,"[2, 1, 0, 5]",1,tl
2331,"Tulong at May bugbog, nasugatan ang biktima.","['Crime', 'Medical']",Yellow,"[1, 3]",1,fil
2332,"Urgent! May fire at accident, yellow. Please respond. pls","['Fire', 'Accident']",Yellow,"[0, 2]",1,fil
2333,"Urgent! Flooding, need evacuation!",['Natural Disaster'],Yellow,[4],1,tl
2334,"Urgent! Crime and Medical reported, green. Please respond. pls","['Crime', 'Medical']",Green,"[1, 3]",0,tl
2335,"Urgent! Fire and Crime reported, black. Please respond. pls","['Fire', 'Crime']",Black,"[0, 1]",3,tl
2336,"Ma'am Minor collision sa kalsada, gasgas lang at Urgent.","['Accident', 'Natural Disaster', 'Other']",Red,"[2, 4, 5]",2,fil
2337,"Help at Sir Riot sa rally, may nasugatan.","['Fire', 'Other']",Red,"[0, 5]",2,fil
2338,"Medical and Natural Disaster reported, yellow at Seizure, kailangan ng ambulance.","['Medical', 'Natural Disaster']",Yellow,"[3, 4]",1,fil
2339,"Tulong! Baha na, tumataas ang tubig. Bilisan.",['Natural Disaster'],Yellow,[4],1,fil
2340,"Crime plus Other, black. ASAP. pls","['Crime', 'Other']",Black,"[1, 5]",3,tl
2341,"Urgent! Crime and Medical reported, red! Please respond!","['Crime', 'Medical']",Red,"[1, 3]",2,tl
2342,"Fire and Other reported, yellow at Sir Lindol kanina, may mga nasugatan sa landslide.","['Fire', 'Natural Disaster', 'Other']",Yellow,"[0, 4, 5]",1,fil
2343,"May medical at crime, black at Baha mataas na, may tao na trap sa bubong.","['Crime', 'Medical', 'Natural Disaster']",Black,"[1, 3, 4]",3,fil
2344,"Help! May fire at accident, red!","['Fire', 'Accident']",Red,"[0, 2]",2,tl
2345,"Accident plus Crime, black! Please respond!","['Accident', 'Crime']",Black,"[2, 1]",3,tl
2346,"Urgent! May crime at other, green. Please respond. pls","['Crime', 'Other']",Green,"[1, 5]",0,fil
2347,"Help at May fire at other, red.","['Fire', 'Natural Disaster', 'Other']",Red,"[0, 4, 5]",2,tl
2348,"Sir Malakas ang ulan pero ok pa naman at Other and Fire reported, green.","['Fire', 'Natural Disaster', 'Other']",Green,"[0, 4, 5]",0,fil
2349,"Help! Fire plus Other, yellow!","['Fire', 'Other']",Yellow,"[0, 5]",1,tl
2350,"May nahimatay pero nagising na, ok na at Crime plus Other, black.","['Crime', 'Medical', 'Other']",Black,"[1, 3, 5]",3,fil
2351,"Medical and Natural Disaster reported, green at Crime and Fire reported, red.","['Crime', 'Fire', 'Medical', 'Natural Disaster']",Red,"[1, 0, 3, 4]",2,fil
2352,"Tulong! May patay sa shooting, wala nang pulso. Bilisan po. pls",['Crime'],Black,[1],3,fil
2353,"Urgent! Natural Disaster plus Accident, black!","['Natural Disaster', 'Accident']",Black,"[4, 2]",3,fil
2354,"May accident at other, yellow at May bata nawawala, nakita na.","['Accident', 'Other']",Yellow,"[2, 5]",1,fil
2355,"Car crash, may injured!",['Accident'],Yellow,[2],1,tl
2356,"May fire at other, yellow. Please respond. pls","['Fire', 'Other']",Yellow,"[0, 5]",1,fil
2357,"Urgent! May fire at accident, yellow! Please respond!","['Fire', 'Accident']",Yellow,"[0, 2]",1,fil
2358,"Urgent! Crime and Accident reported, yellow! ASAP!","['Crime', 'Accident']",Yellow,"[1, 2]",1,fil
2359,"Urgent at Ma'am Holdap sa jeep, may nasaksak.","['Crime', 'Fire', 'Other']",Yellow,"[1, 0, 5]",1,fil
2360,"Urgent at Boss May binaril, malubha.","['Crime', 'Natural Disaster']",Red,"[1, 4]",2,fil
2361,"Medical plus Crime, yellow. ASAP. pls","['Medical', 'Crime']",Yellow,"[3, 1]",1,tl
2362,"Help at Crime plus Other, black.","['Crime', 'Other']",Black,"[1, 5]",3,tl
2363,"Urgent! May medical at natural disaster, red. Please respond. pls","['Medical', 'Natural Disaster']",Red,"[3, 4]",2,fil
2364,"Suspicious package, nag-evacuate na at Truck accident, people trapped.","['Accident', 'Other']",Red,"[2, 5]",2,tl
2365,"Emergency at Accident plus Fire, yellow.","['Accident', 'Fire']",Red,"[2, 0]",2,tl
2366,"May usok sa kusina pero walang apoy pa, safe naman at May crime at fire, green.","['Crime', 'Fire']",Green,"[1, 0]",0,fil
2367,"Crime and Fire reported, red at Help.","['Accident', 'Crime', 'Fire']",Red,"[2, 1, 0]",2,tl
2368,"Help! Other and Accident reported, black. pls","['Other', 'Accident']",Black,"[5, 2]",3,tl
2369,"Urgent at Medical and Crime reported, red.","['Crime', 'Medical', 'Natural Disaster']",Red,"[1, 3, 4]",2,tl
2370,"Urgent! Medical and Accident reported, red. ASAP. pls","['Medical', 'Accident']",Red,"[3, 2]",2,fil
2371,"Tulong at Accident plus Crime, black.","['Accident', 'Crime', 'Natural Disaster']",Black,"[2, 1, 4]",3,tl
2372,"Urgent at Accident plus Crime, green.","['Accident', 'Crime']",Red,"[2, 1]",2,tl
2373,"Ma'am Truck nasagasaan ang tao, kailangan ng ambulance at May bata nawawala pa, kailangan ng tulong.","['Accident', 'Other']",Yellow,"[2, 5]",1,fil
2374,"Seizure, kailangan ng ambulance at Urgent.","['Medical', 'Natural Disaster', 'Other']",Black,"[3, 4, 5]",3,fil
2375,"May other at natural disaster, black! ASAP!","['Other', 'Natural Disaster']",Black,"[5, 4]",3,fil
2376,"Urgent! Truck accident, people trapped! Please respond. pls",['Accident'],Red,[2],2,tl
2377,"Help at May crime at fire, green.","['Accident', 'Crime', 'Fire', 'Natural Disaster']",Red,"[2, 1, 0, 4]",2,tl
2378,"Malakas ang ulan pero ok pa naman at Fire sa apartment, people trapped inside.","['Fire', 'Natural Disaster']",Red,"[0, 4]",2,fil
2379,"Help at Other plus Accident, black.","['Accident', 'Crime', 'Fire', 'Other']",Black,"[2, 1, 0, 5]",3,tl
2380,"Nasagasaan, patay na po at Accident and Fire reported, red.","['Accident', 'Fire']",Black,"[2, 0]",3,fil
2381,"Car crash, may injured at Sir Sunog sa bodega, malakas na ang apoy.","['Accident', 'Fire']",Yellow,"[2, 0]",1,fil
2382,"May crime at fire, green at Help.","['Crime', 'Fire']",Green,"[1, 0]",0,tl
2383,"Stabbing, critical condition at Medical plus Crime, red.","['Crime', 'Medical']",Red,"[1, 3]",2,tl
2384,"Urgent! May natural disaster at other, red. ASAP. pls","['Natural Disaster', 'Other']",Red,"[4, 5]",2,fil
2385,"Sir Hostage situation, may kutsilyo at Help.","['Crime', 'Fire', 'Other']",Red,"[1, 0, 5]",2,tl
2386,"Urgent! Other and Medical reported, yellow. Please respond. pls","['Other', 'Medical']",Yellow,"[5, 3]",1,tl
2387,"Crime plus Accident, green at Ma'am May stroke victim, kailangan agad ng hospital.","['Accident', 'Crime', 'Medical']",Yellow,"[2, 1, 3]",1,fil
2388,"Urgent! Other and Accident reported, black! ASAP!","['Other', 'Accident']",Black,"[5, 2]",3,fil
2389,"Crime and Fire reported, yellow! Please respond!","['Crime', 'Fire']",Yellow,"[1, 0]",1,tl
2390,"May sunog sa bahay, may tao na trap sa loob at Help.","['Fire', 'Other']",Black,"[0, 5]",3,fil
2391,"Medical plus Natural Disaster, black. ASAP. pls","['Medical', 'Natural Disaster']",Black,"[3, 4]",3,fil
2392,"Boss May namatay sa baha, nakita ang bangkay at Urgent.","['Accident', 'Natural Disaster', 'Other']",Black,"[2, 4, 5]",3,fil
2393,"Urgent! Medical plus Crime, yellow! ASAP!","['Medical', 'Crime']",Yellow,"[3, 1]",1,tl
2394,"Urgent at Nasusunog yung tindahan, may nasugatan.","['Crime', 'Fire']",Red,"[1, 0]",2,fil
2395,"May fire at accident, yellow at Shooting incident, severe bleeding.","['Accident', 'Crime', 'Fire']",Red,"[2, 1, 0]",2,fil
2396,"May fire at accident, yellow at Tulong.","['Accident', 'Fire', 'Medical']",Yellow,"[2, 0, 3]",1,fil
2397,"Help at Seizure, kailangan ng ambulance.","['Fire', 'Medical', 'Other']",Yellow,"[0, 3, 5]",1,fil
2398,"Motor crash, severe bleeding ang rider at May stroke victim, kailangan agad ng hospital.","['Accident', 'Medical']",Red,"[2, 3]",2,fil
2399,"May natural disaster at crime, yellow at Medical and Accident reported, black.","['Accident', 'Crime', 'Medical', 'Natural Disaster']",Black,"[2, 1, 3, 4]",3,fil
2400,"May accident at crime, red at Help.","['Accident', 'Crime', 'Natural Disaster']",Red,"[2, 1, 4]",2,tl
2401,"Tulong! Sunog sa bodega, malakas na ang apoy! Bilisan po!",['Fire'],Yellow,[0],1,fil
2402,"Ma'am May nagnakaw ng cellphone, nakita na namin ang suspect at Bangga ng kotse sa parking, walang sugat.","['Accident', 'Crime']",Green,"[2, 1]",0,fil
2403,"Sir Holdap may baril, may nasaktan at Help.","['Crime', 'Fire']",Black,"[1, 0]",3,fil
2404,Sir Malakas ang ulan pero ok pa naman at Help.,"['Accident', 'Natural Disaster']",Green,"[2, 4]",0,fil
2405,"Boss Assault, kailangan ng ambulance at May usok sa kusina pero walang apoy pa, safe naman.","['Crime', 'Fire']",Yellow,"[1, 0]",1,fil
2406,"Help! May medical at fire, green. pls","['Medical', 'Fire']",Green,"[3, 0]",0,tl
2407,"Natural Disaster and Fire reported, yellow at Tulong.","['Fire', 'Natural Disaster']",Yellow,"[0, 4]",1,fil
2408,"Tulong! Flash flood, maraming hindi makalabas! pls. pls",['Natural Disaster'],Red,[4],2,fil
2409,"Help at Medical plus Fire, red.","['Crime', 'Fire', 'Medical']",Black,"[1, 0, 3]",3,tl
2410,"Urgent! Heart attack, unconscious! pls",['Medical'],Red,[3],2,tl
2411,"Truck nasagasaan ang tao, kailangan ng ambulance at Urgent.","['Accident', 'Fire']",Yellow,"[2, 0]",1,fil
2412,"May other at fire, black at May usok sa kusina pero walang apoy pa, safe naman.","['Fire', 'Other']",Black,"[0, 5]",3,fil
2413,"Car crash, may injured at Help.","['Accident', 'Crime']",Yellow,"[2, 1]",1,tl
2414,"Urgent! May crime at natural disaster, green!","['Crime', 'Natural Disaster']",Green,"[1, 4]",0,fil
2415,"Boss Sunog sa bodega, malakas na ang apoy! Padala agad!",['Fire'],Yellow,[0],1,fil
2416,"Tulong at Fire sa apartment, people trapped inside.","['Accident', 'Fire']",Red,"[2, 0]",2,fil
2417,"Tulong at Medical plus Other, yellow.","['Crime', 'Medical', 'Other']",Red,"[1, 3, 5]",2,tl
2418,"Help! Fire plus Medical, red. Please respond. pls","['Fire', 'Medical']",Red,"[0, 3]",2,tl
2419,"Urgent! May medical at crime, red. ASAP. pls","['Medical', 'Crime']",Red,"[3, 1]",2,fil
2420,"May medical at natural disaster, red! Please respond!","['Medical', 'Natural Disaster']",Red,"[3, 4]",2,fil
2421,"Nasagasaan, patay na po. Bilisan po. pls",['Accident'],Black,[2],3,fil
2422,"Riot, may baril at Urgent.","['Crime', 'Natural Disaster', 'Other']",Black,"[1, 4, 5]",3,tl
2423,"Sir May stroke victim, kailangan agad ng hospital at Boss Nasusunog yung tindahan, may nasugatan.","['Fire', 'Medical']",Yellow,"[0, 3]",1,fil
2424,"Emergency! Riot sa rally, may nasugatan. pls",['Other'],Yellow,[5],1,fil
2425,"Tulong! Bangga ng kotse sa parking, walang sugat. Bilisan po. pls",['Accident'],Green,[2],0,fil
2426,"May other at natural disaster, black at Help.","['Crime', 'Fire', 'Natural Disaster', 'Other']",Black,"[1, 0, 4, 5]",3,fil
2427,"Urgent at Medical and Fire reported, yellow.","['Crime', 'Fire', 'Medical']",Yellow,"[1, 0, 3]",1,tl
2428,"Tulong! Hostage situation, may kutsilyo! Padala agad!",['Crime'],Red,[1],2,fil
2429,"Gas leak malakas, may nahimatay at Emergency.","['Accident', 'Other']",Red,"[2, 5]",2,fil
2430,"Ma'am Nasusunog yung tindahan, may nasugatan at Urgent.","['Accident', 'Fire']",Red,"[2, 0]",2,fil
2431,Urgent! Missing person found deceased. pls,['Other'],Black,[5],3,tl
2432,"Urgent! Fire plus Accident, green! Please respond!","['Fire', 'Accident']",Green,"[0, 2]",0,tl
2433,"Crime and Other reported, green at Help.","['Accident', 'Crime', 'Fire', 'Other']",Black,"[2, 1, 0, 5]",3,tl
2434,"Urgent! Mild allergic reaction, stable na! Please respond!",['Medical'],Green,[3],0,fil
2435,"Help at Boss Nasusunog yung tindahan, may nasugatan.","['Fire', 'Other']",Yellow,"[0, 5]",1,fil
2436,"Help! May fire at accident, yellow. pls","['Fire', 'Accident']",Yellow,"[0, 2]",1,tl
2437,"Help at May medical at natural disaster, red.","['Medical', 'Natural Disaster', 'Other']",Red,"[3, 4, 5]",2,fil
2438,"Elderly collapsed, needs treatment soon. Please respond. pls",['Medical'],Yellow,[3],1,tl
2439,"Robbery, may baril ang suspect at Boss May namatay sa baha, nakita ang bangkay.","['Crime', 'Natural Disaster']",Black,"[1, 4]",3,fil
2440,"May namatay sa aksidente, wala nang pulso! Padala agad!",['Accident'],Black,[2],3,fil
2441,"Help at May usok sa kusina pero walang apoy pa, safe naman.","['Fire', 'Medical']",Red,"[0, 3]",2,fil
2442,"Other and Fire reported, green at Natural Disaster and Fire reported, green.","['Fire', 'Natural Disaster', 'Other']",Green,"[0, 4, 5]",0,fil
2443,"Natural Disaster plus Accident, red at Urgent.","['Accident', 'Crime', 'Natural Disaster', 'Other']",Black,"[2, 1, 4, 5]",3,fil
2444,"May patay sa shooting, wala nang pulso at Help.","['Crime', 'Natural Disaster', 'Other']",Black,"[1, 4, 5]",3,fil
2445,"Natural Disaster plus Accident, red! ASAP!","['Natural Disaster', 'Accident']",Red,"[4, 2]",2,fil
2446,"Emergency! Nasagasaan, patay na. Bilisan.",['Accident'],Black,[2],3,fil
2447,"May crime at accident, yellow at Tulong.","['Accident', 'Crime', 'Medical']",Black,"[2, 1, 3]",3,fil
2448,"Crime plus Other, green at Medical and Natural Disaster reported, green.","['Crime', 'Medical', 'Natural Disaster', 'Other']",Green,"[1, 3, 4, 5]",0,fil
2449,"Crime and Medical reported, black at Urgent.","['Crime', 'Fire', 'Medical', 'Other']",Black,"[1, 0, 3, 5]",3,tl
2450,"Diabetic, low sugar lang, na-revive na at Stampede sa concert, maraming nasaktan.","['Medical', 'Other']",Red,"[3, 5]",2,fil
2451,"Urgent at May accident at fire, yellow.","['Accident', 'Fire', 'Other']",Red,"[2, 0, 5]",2,tl
2452,"Medical and Natural Disaster reported, green at Help.","['Accident', 'Crime', 'Medical', 'Natural Disaster']",Red,"[2, 1, 3, 4]",2,fil
2453,"Medical and Natural Disaster reported, yellow. Please respond. pls","['Medical', 'Natural Disaster']",Yellow,"[3, 4]",1,fil
2454,"Fire and Accident reported, red. ASAP. pls","['Fire', 'Accident']",Red,"[0, 2]",2,fil
2455,"Help at Sir Walang pulso, deceased na.","['Crime', 'Medical']",Black,"[1, 3]",3,fil
2456,"Ma'am Malubhang banggaan, may hindi humihinga at May crime at natural disaster, black.","['Accident', 'Crime', 'Natural Disaster']",Black,"[2, 1, 4]",3,fil
2457,"Sunog sa factory, maraming workers pa sa loob at Natural Disaster plus Medical, black.","['Fire', 'Medical', 'Natural Disaster']",Black,"[0, 3, 4]",3,fil
2458,"Help! Crime and Medical reported, green!","['Crime', 'Medical']",Green,"[1, 3]",0,tl
2459,"Overdose, not breathing at Urgent.","['Accident', 'Fire', 'Medical']",Red,"[2, 0, 3]",2,tl
2460,"Help! Accident and Fire reported, green!","['Accident', 'Fire']",Green,"[2, 0]",0,tl
2461,"Crime plus Other, green at Tulong.","['Crime', 'Other']",Green,"[1, 5]",0,tl
2462,"Hostage situation, may kutsilyo at May sunog sa bahay, may tao na trap sa loob.","['Crime', 'Fire']",Red,"[1, 0]",2,fil
2463,Help at Ma'am Malakas ang ulan pero ok pa naman.,"['Accident', 'Natural Disaster']",Green,"[2, 4]",0,fil
2464,"Ma'am May nahihirapang huminga, asthmatic. Bilisan.",['Medical'],Yellow,[3],1,fil
2465,"Riot, may baril at Other plus Accident, green.","['Accident', 'Other']",Red,"[2, 5]",2,tl
2466,"Ma'am Motor naaksidente, nasugatan ang driver at Ma'am Pinatay ang biktima, deceased na.","['Accident', 'Crime']",Black,"[2, 1]",3,fil
2467,"Tulong! Hostage situation, may kutsilyo! Bilisan po!",['Crime'],Red,[1],2,fil
2468,"Sir Baha na, tumataas ang tubig. pls",['Natural Disaster'],Yellow,[4],1,fil
2469,"Gas leak reported, minor lang at Help.","['Crime', 'Natural Disaster', 'Other']",Red,"[1, 4, 5]",2,fil
2470,"Hit and run, victim needs treatment at Crime and Other reported, yellow.","['Accident', 'Crime', 'Other']",Yellow,"[2, 1, 5]",1,tl
2471,"Help! Crime and Medical reported, red. Please respond. pls","['Crime', 'Medical']",Red,"[1, 3]",2,tl
2472,"Sir May patay sa sunog, hindi na humihinga at Severe bleeding, malakas ang dugo.","['Fire', 'Medical']",Black,"[0, 3]",3,fil
2473,"Urgent! Landslide victim, deceased na! ASAP!",['Natural Disaster'],Black,[4],3,fil
2474,"Urgent! Fire and Other reported, yellow. ASAP. pls","['Fire', 'Other']",Yellow,"[0, 5]",1,fil
2475,"Fire and Other reported, black! Please respond!","['Fire', 'Other']",Black,"[0, 5]",3,tl
2476,"Fire plus Accident, green at Help.","['Accident', 'Crime', 'Fire', 'Medical']",Red,"[2, 1, 0, 3]",2,tl
2477,"Boss May patay sa shooting, wala nang pulso at Minor collision sa kalsada, gasgas lang.","['Accident', 'Crime']",Black,"[2, 1]",3,fil
2478,"Fire plus Accident, black. Please respond. pls","['Fire', 'Accident']",Black,"[0, 2]",3,tl
2479,"Emergency at Fatal stabbing, victim pronounced dead.","['Crime', 'Medical']",Black,"[1, 3]",3,tl
2480,"May other at fire, black. ASAP. pls","['Other', 'Fire']",Black,"[5, 0]",3,fil
2481,"Urgent! Medical and Natural Disaster reported, yellow. pls","['Medical', 'Natural Disaster']",Yellow,"[3, 4]",1,fil
2482,"Urgent! Fire plus Other, yellow! Please respond!","['Fire', 'Other']",Yellow,"[0, 5]",1,tl
2483,"Help at Pinatay ang biktima, deceased na.","['Accident', 'Crime', 'Fire']",Black,"[2, 1, 0]",3,fil
2484,"Sir Holdap may baril, may nasaktan at Emergency.","['Accident', 'Crime']",Red,"[2, 1]",2,fil
2485,"May natural disaster at crime, black at Help.","['Crime', 'Natural Disaster', 'Other']",Black,"[1, 4, 5]",3,fil
2486,"Motor nadulas pero ok lang, minor lang! ASAP!",['Accident'],Green,[2],0,fil
2487,"Urgent! May medical at fire, yellow. ASAP. pls","['Medical', 'Fire']",Yellow,"[3, 0]",1,fil
2488,"Sir Landslide, may na-bury na tao! Padala agad!",['Natural Disaster'],Red,[4],2,fil
2489,"Urgent! May medical at natural disaster, yellow! Please respond!","['Medical', 'Natural Disaster']",Yellow,"[3, 4]",1,fil
2490,"Natural Disaster plus Other, black at Tulong.","['Natural Disaster', 'Other']",Black,"[4, 5]",3,fil
2491,"May crime at fire, yellow. Please respond. pls","['Crime', 'Fire']",Yellow,"[1, 0]",1,fil
2492,"Help! Medical plus Other, yellow. pls","['Medical', 'Other']",Yellow,"[3, 5]",1,tl
2493,"Storm surge, kailangan ng rescue at Heart attack, unconscious.","['Medical', 'Natural Disaster']",Red,"[3, 4]",2,fil
2494,"Sir May baha pero mababa pa at May natural disaster at crime, yellow.","['Crime', 'Natural Disaster']",Yellow,"[1, 4]",1,fil
2495,"Medical and Natural Disaster reported, green at Medical plus Crime, yellow.","['Crime', 'Medical', 'Natural Disaster']",Yellow,"[1, 3, 4]",1,fil
2496,"Sir Baha mataas na, may tao na trap sa bubong at May medical at fire, yellow.","['Fire', 'Medical', 'Natural Disaster']",Red,"[0, 3, 4]",2,fil
2497,"Sir Sunog sa bodega, malakas na ang apoy at Tulong.","['Fire', 'Medical']",Black,"[0, 3]",3,fil
2498,"Tulong! Bangga ng kotse sa parking, walang sugat! Bilisan po!",['Accident'],Green,[2],0,fil
2499,"Fire victim, no pulse na po at Ma'am May nahimatay pero nagising na, ok na.","['Fire', 'Medical']",Black,"[0, 3]",3,fil
2500,"Boss Sunog sa bodega, malakas na ang apoy at Natural Disaster and Fire reported, yellow.","['Fire', 'Natural Disaster']",Yellow,"[0, 4]",1,fil
2501,"Emergency at Fire plus Other, yellow.","['Fire', 'Medical', 'Other']",Yellow,"[0, 3, 5]",1,tl
2502,"Tulong at Bagyo wasak ang bubong, may injured.","['Fire', 'Natural Disaster']",Black,"[0, 4]",3,fil
2503,"May medical at crime, black at Help.","['Crime', 'Fire', 'Medical', 'Natural Disaster']",Black,"[1, 0, 3, 4]",3,tl
2504,"Assault, kailangan ng ambulance at Help.","['Crime', 'Other']",Red,"[1, 5]",2,fil
2505,"Help! Fire sa apartment, people trapped inside! Please respond!",['Fire'],Red,[0],2,fil
2506,"Help! May medical at fire, yellow. Please respond. pls","['Medical', 'Fire']",Yellow,"[3, 0]",1,fil
2507,"Urgent! May medical at crime, red. Please respond. pls","['Medical', 'Crime']",Red,"[3, 1]",2,fil
2508,"May crime at natural disaster, red at Help.","['Crime', 'Medical', 'Natural Disaster']",Red,"[1, 3, 4]",2,fil
2509,"Motor crash, severe bleeding ang rider at Heart attack, stable pa pero urgent.","['Accident', 'Medical']",Red,"[2, 3]",2,fil
2510,"Walang pulso, deceased na at Help.","['Fire', 'Medical', 'Other']",Black,"[0, 3, 5]",3,fil
2511,"Urgent! May other at accident, red. ASAP. pls","['Other', 'Accident']",Red,"[5, 2]",2,fil
2512,"Boss Brownout, walang kuryente! Bilisan po!",['Other'],Green,[5],0,fil
2513,"Petty theft reported, suspect fled at Help.","['Accident', 'Crime']",Red,"[2, 1]",2,tl
2514,"Sir Gas leak malakas, may nahimatay! Padala agad. pls",['Other'],Red,[5],2,fil
2515,"Tulong! Motor naaksidente, nasugatan ang driver. pls",['Accident'],Yellow,[2],1,fil
2516,"Help at Storm surge, kailangan ng rescue.","['Medical', 'Natural Disaster']",Yellow,"[3, 4]",1,fil
2517,"Sir May sunog sa bahay, kailangan ng fire truck at Help.","['Fire', 'Natural Disaster', 'Other']",Black,"[0, 4, 5]",3,fil
2518,"Fatal stabbing, victim pronounced dead at Help.","['Crime', 'Medical']",Black,"[1, 3]",3,tl
2519,"Ma'am May namatay sa aksidente, wala nang pulso at Fire sa apartment, people trapped inside.","['Accident', 'Fire']",Black,"[2, 0]",3,fil
2520,"Urgent at Accident plus Crime, black.","['Accident', 'Crime', 'Natural Disaster']",Black,"[2, 1, 4]",3,tl
2521,"Emergency at May stroke victim, kailangan agad ng hospital.","['Crime', 'Medical']",Yellow,"[1, 3]",1,fil
2522,"May bata nawawala pa, kailangan ng tulong. pls",['Other'],Yellow,[5],1,fil
2523,"Sir May namatay sa baha, nakita ang bangkay at Urgent.","['Crime', 'Natural Disaster']",Black,"[1, 4]",3,fil
2524,"May natural disaster at crime, black at Urgent.","['Accident', 'Crime', 'Fire', 'Natural Disaster']",Black,"[2, 1, 0, 4]",3,fil
2525,"Urgent! Motor nadulas pero ok lang, minor lang. ASAP. pls",['Accident'],Green,[2],0,fil
2526,"Fire and Crime reported, black at Seizure, kailangan ng ambulance.","['Crime', 'Fire', 'Medical']",Black,"[1, 0, 3]",3,fil
2527,"May sumakit ang ulo, minor lang at Help.","['Fire', 'Medical']",Green,"[0, 3]",0,fil
2528,"Boss May patay sa shooting, wala nang pulso at Urgent.","['Accident', 'Crime', 'Other']",Black,"[2, 1, 5]",3,fil
2529,"Help! Natural Disaster plus Accident, black! ASAP!","['Natural Disaster', 'Accident']",Black,"[4, 2]",3,fil
2530,"May natural disaster at crime, black! ASAP!","['Natural Disaster', 'Crime']",Black,"[4, 1]",3,fil
2531,"Help! May medical at fire, green! ASAP!","['Medical', 'Fire']",Green,"[3, 0]",0,fil
2532,"Urgent! Building burning, may tao pa sa loob. pls",['Fire'],Yellow,[0],1,fil
2533,"Help! May other at fire, black. pls","['Other', 'Fire']",Black,"[5, 0]",3,tl
2534,"Walang pulso, deceased na at Emergency.","['Crime', 'Medical']",Black,"[1, 3]",3,fil
2535,"Jeep tumama sa poste, may pasahero na nasaktan!",['Accident'],Yellow,[2],1,fil
2536,"Help at Severe bleeding, malakas ang dugo.","['Crime', 'Medical']",Black,"[1, 3]",3,fil
2537,"Accident plus Crime, red at Boss May usok sa kusina pero walang apoy pa, safe naman.","['Accident', 'Crime', 'Fire']",Red,"[2, 1, 0]",2,fil
2538,"Help at Sir Bangga ng kotse sa parking, walang sugat.","['Accident', 'Other']",Black,"[2, 5]",3,fil
2539,"Fire plus Accident, yellow at Help.","['Accident', 'Fire']",Black,"[2, 0]",3,tl
2540,"May patay sa shooting, wala nang pulso. pls",['Crime'],Black,[1],3,fil
2541,"Medical plus Other, yellow at Help.","['Accident', 'Crime', 'Medical', 'Other']",Yellow,"[2, 1, 3, 5]",1,tl
2542,"Ma'am May nagnakaw ng cellphone, nakita na namin ang suspect at Tulong.","['Crime', 'Fire']",Yellow,"[1, 0]",1,fil
2543,"May fire at medical, red at Drowning victim, no pulse.","['Fire', 'Medical', 'Natural Disaster']",Black,"[0, 3, 4]",3,fil
2544,"Urgent at Sir Gas leak malakas, may nahimatay.","['Crime', 'Fire', 'Other']",Red,"[1, 0, 5]",2,fil
2545,"Help! Natural Disaster plus Other, black. Please respond. pls","['Natural Disaster', 'Other']",Black,"[4, 5]",3,fil
2546,"Suspicious package, nag-evacuate na at Drowning victim, no pulse.","['Natural Disaster', 'Other']",Black,"[4, 5]",3,fil
2547,"Help at Boss Bagyo wasak ang bubong, may injured.","['Medical', 'Natural Disaster']",Black,"[3, 4]",3,fil
2548,"Urgent! Accident plus Crime, red! ASAP!","['Accident', 'Crime']",Red,"[2, 1]",2,tl
2549,"Building burning, may tao pa sa loob. ASAP. pls",['Fire'],Yellow,[0],1,fil
2550,"Crime and Fire reported, yellow at Heart attack, stable pa pero urgent.","['Crime', 'Fire', 'Medical']",Yellow,"[1, 0, 3]",1,tl
2551,Ma'am Malakas ang ulan pero ok pa naman! Padala agad!,['Natural Disaster'],Green,[4],0,fil
2552,"Hostage situation, may kutsilyo at Help.","['Accident', 'Crime', 'Medical']",Red,"[2, 1, 3]",2,tl
2553,"Urgent at May nahihirapang huminga, asthmatic.","['Fire', 'Medical', 'Natural Disaster']",Red,"[0, 3, 4]",2,fil
2554,"Accident plus Crime, black at Petty theft reported, suspect fled.","['Accident', 'Crime']",Black,"[2, 1]",3,tl
2555,"Urgent at Malakas na sunog, hindi makahinga ang mga tao.","['Crime', 'Fire', 'Other']",Red,"[1, 0, 5]",2,fil
2556,"Boss Hindi humihinga ang tao, CPR needed at Crime and Medical reported, black.","['Crime', 'Medical']",Black,"[1, 3]",3,fil
2557,"Help at Ma'am May bata nawawala pa, kailangan ng tulong.","['Crime', 'Medical', 'Other']",Black,"[1, 3, 5]",3,fil
2558,"Help! May accident at crime, red! ASAP!","['Accident', 'Crime']",Red,"[2, 1]",2,fil
2559,"Sir Riot sa rally, may nasugatan!",['Other'],Yellow,[5],1,fil
2560,"Emergency at May nag-attempt ng break-in, na-scare off na.","['Accident', 'Crime']",Yellow,"[2, 1]",1,fil
2561,"Other and Natural Disaster reported, red. Please respond. pls","['Other', 'Natural Disaster']",Red,"[5, 4]",2,fil
2562,"Urgent! Medical plus Crime, red! ASAP!","['Medical', 'Crime']",Red,"[3, 1]",2,tl
2563,"Help! Crime and Medical reported, black. pls","['Crime', 'Medical']",Black,"[1, 3]",3,tl
2564,"Urgent! May natural disaster at crime, red! ASAP!","['Natural Disaster', 'Crime']",Red,"[4, 1]",2,fil
2565,"Urgent! Other and Natural Disaster reported, red. ASAP. pls","['Other', 'Natural Disaster']",Red,"[5, 4]",2,fil
2566,"Urgent! May natural disaster at fire, yellow. Please respond. pls","['Natural Disaster', 'Fire']",Yellow,"[4, 0]",1,fil
2567,"Tulong at May fire at other, red.","['Fire', 'Natural Disaster', 'Other']",Red,"[0, 4, 5]",2,fil
2568,"Boss Sunog sa bodega, malakas na ang apoy at Urgent.","['Accident', 'Fire']",Red,"[2, 0]",2,fil
2569,"Tulong at Ma'am Baha na, tumataas ang tubig.","['Crime', 'Natural Disaster']",Yellow,"[1, 4]",1,fil
2570,"May stroke victim, kailangan agad ng hospital!",['Medical'],Yellow,[3],1,fil
2571,"Ma'am Sunog sa basurahan lang, konti na lang at Crime and Accident reported, yellow.","['Accident', 'Crime', 'Fire']",Yellow,"[2, 1, 0]",1,fil
2572,"Medical and Crime reported, black at Urgent.","['Accident', 'Crime', 'Medical']",Black,"[2, 1, 3]",3,tl
2573,"Natural Disaster and Fire reported, green at Fatal crash, driver deceased.","['Accident', 'Fire', 'Natural Disaster']",Black,"[2, 0, 4]",3,fil
2574,"Emergency! May patay sa shooting, wala nang pulso..",['Crime'],Black,[1],3,fil
2575,"Urgent! Fire and Natural Disaster reported, black!","['Fire', 'Natural Disaster']",Black,"[0, 4]",3,fil
2576,"Tulong! Rollover, critical ang pasahero! Padala agad. pls",['Accident'],Red,[2],2,fil
2577,"Jeep tumama sa poste, may pasahero na nasaktan at Crime and Medical reported, red.","['Accident', 'Crime', 'Medical']",Red,"[2, 1, 3]",2,fil
2578,"Medical and Fire reported, yellow at Urgent.","['Crime', 'Fire', 'Medical']",Yellow,"[1, 0, 3]",1,tl
2579,"Ma'am Flash flood, maraming hindi makalabas! Padala agad. pls",['Natural Disaster'],Red,[4],2,fil
2580,"Tulong at Natural Disaster and Fire reported, black.","['Fire', 'Natural Disaster']",Black,"[0, 4]",3,fil
2581,"May stroke victim, kailangan agad ng hospital at Help.","['Crime', 'Medical']",Red,"[1, 3]",2,fil
2582,"Sir Riot sa rally, may nasugatan at Bangga ng kotse sa parking, walang sugat.","['Accident', 'Other']",Yellow,"[2, 5]",1,fil
2583,"Urgent at Sir Landslide, may na-bury na tao.","['Fire', 'Natural Disaster']",Red,"[0, 4]",2,fil
2584,"May binaril, malubha at Fire and Crime reported, black.","['Crime', 'Fire']",Black,"[1, 0]",3,fil
2585,"Sir Bangga ng kotse sa parking, walang sugat. pls",['Accident'],Green,[2],0,fil
2586,"Help at Sir Lindol kanina, may mga nasugatan sa landslide.","['Crime', 'Medical', 'Natural Disaster']",Black,"[1, 3, 4]",3,fil
2587,"Help! Accident and Crime reported, black!","['Accident', 'Crime']",Black,"[2, 1]",3,tl
2588,"Help! Natural Disaster and Other reported, yellow!","['Natural Disaster', 'Other']",Yellow,"[4, 5]",1,fil
2589,"Malakas na sunog, hindi makahinga ang mga tao! Padala agad. pls",['Fire'],Red,[0],2,fil
2590,"Sir May usok sa kusina pero walang apoy pa, safe naman at Urgent.","['Fire', 'Natural Disaster']",Black,"[0, 4]",3,fil
2591,"Ma'am Severe bleeding, malakas ang dugo! Bilisan po. pls",['Medical'],Red,[3],2,fil
2592,"Sir Baha mataas na, may tao na trap sa bubong at Help.","['Accident', 'Fire', 'Natural Disaster']",Black,"[2, 0, 4]",3,fil
2593,"Tulong! May nagnakaw ng cellphone, nakita na namin ang suspect. pls",['Crime'],Green,[1],0,fil
2594,"Urgent! May accident at fire, black! Please respond!","['Accident', 'Fire']",Black,"[2, 0]",3,fil
2595,"Urgent at May accident at other, yellow.","['Accident', 'Crime', 'Other']",Yellow,"[2, 1, 5]",1,tl
2596,"Urgent! May accident at fire, yellow. ASAP. pls","['Accident', 'Fire']",Yellow,"[2, 0]",1,fil
2597,"Urgent at May bata nawawala, nakita na.","['Medical', 'Other']",Black,"[3, 5]",3,fil
2598,"Baha mataas na, may tao na trap sa bubong at Tulong.","['Accident', 'Natural Disaster']",Black,"[2, 4]",3,fil
2599,"Ma'am Nasusunog yung tindahan, may nasugatan at Fire and Other reported, black.","['Fire', 'Other']",Black,"[0, 5]",3,fil
2600,"Fire and Crime reported, black at Tulong.","['Crime', 'Fire', 'Natural Disaster']",Black,"[1, 0, 4]",3,fil
2601,"Boss Walang pulso, deceased na!",['Medical'],Black,[3],3,fil
2602,"Fire plus Accident, black! Please respond!","['Fire', 'Accident']",Black,"[0, 2]",3,tl
2603,"Urgent at Sir Sunog sa factory, maraming workers pa sa loob.","['Crime', 'Fire', 'Natural Disaster']",Red,"[1, 0, 4]",2,fil
2604,"Emergency! Motor naaksidente, nasugatan ang driver! pls!",['Accident'],Yellow,[2],1,fil
2605,"Help! May accident at other, yellow! Please respond!","['Accident', 'Other']",Yellow,"[2, 5]",1,fil
2606,"Tulong! Motor naaksidente, nasugatan ang driver. Bilisan.",['Accident'],Yellow,[2],1,fil
2607,"Other plus Accident, green at Urgent.","['Accident', 'Fire', 'Other']",Green,"[2, 0, 5]",0,tl
2608,"Urgent! Crime plus Natural Disaster, red. ASAP. pls","['Crime', 'Natural Disaster']",Red,"[1, 4]",2,fil
2609,"Emergency at Crime and Medical reported, black.","['Crime', 'Medical', 'Other']",Black,"[1, 3, 5]",3,tl
2610,"Ma'am Severe bleeding, malakas ang dugo at Help.","['Crime', 'Fire', 'Medical']",Black,"[1, 0, 3]",3,fil
2611,"Natural Disaster plus Fire, black! Please respond!","['Natural Disaster', 'Fire']",Black,"[4, 0]",3,fil
2612,May baha pero mababa pa at Tulong.,"['Crime', 'Natural Disaster']",Yellow,"[1, 4]",1,fil
2613,"Accident plus Fire, yellow at Help.","['Accident', 'Fire', 'Medical']",Yellow,"[2, 0, 3]",1,tl
2614,"Help! Earthquake, building collapse, people trapped! ASAP. pls",['Natural Disaster'],Red,[4],2,fil
2615,"Ma'am Motor naaksidente, nasugatan ang driver at Emergency.","['Accident', 'Medical']",Red,"[2, 3]",2,fil
2616,"Storm surge, kailangan ng rescue!",['Natural Disaster'],Yellow,[4],1,fil
2617,"Medical and Crime reported, red at Malakas na sunog, hindi makahinga ang mga tao.","['Crime', 'Fire', 'Medical']",Red,"[1, 0, 3]",2,fil
2618,"Urgent! May crime at natural disaster, red! ASAP!","['Crime', 'Natural Disaster']",Red,"[1, 4]",2,fil
2619,"Medical plus Crime, yellow at May usok sa kusina pero walang apoy pa, safe naman.","['Crime', 'Fire', 'Medical']",Yellow,"[1, 0, 3]",1,fil
2620,"Gas leak malakas, may nahimatay at Tulong.","['Crime', 'Other']",Red,"[1, 5]",2,fil
2621,"Bagyo wasak ang bubong, may injured. pls",['Natural Disaster'],Yellow,[4],1,fil
2622,"Tulong at Ma'am Rollover, critical ang pasahero.","['Accident', 'Crime']",Red,"[2, 1]",2,fil
2623,"Help at Holdap sa jeep, may nasaksak.","['Accident', 'Crime', 'Fire']",Yellow,"[2, 1, 0]",1,fil
2624,"Urgent at Diabetic, low sugar lang, na-revive na.","['Accident', 'Medical']",Red,"[2, 3]",2,fil
2625,"May other at accident, green at Urgent.","['Accident', 'Medical', 'Natural Disaster', 'Other']",Yellow,"[2, 3, 4, 5]",1,tl
2626,"Help! May nag-attempt ng break-in, na-scare off na!",['Crime'],Green,[1],0,fil
2627,"Accident plus Crime, black at Stabbing, critical condition.","['Accident', 'Crime']",Black,"[2, 1]",3,tl
2628,"CPR failed, pronounced dead!",['Medical'],Black,[3],3,tl
2629,"Help! Fire sa apartment, people trapped inside! Please respond. pls",['Fire'],Red,[0],2,fil
2630,"Boss May patay sa shooting, wala nang pulso at Sir Lindol kanina, may mga nasugatan sa landslide.","['Crime', 'Natural Disaster']",Black,"[1, 4]",3,fil
2631,"Boss Malakas ang ulan pero ok pa naman at Sir Gas leak malakas, may nahimatay.","['Natural Disaster', 'Other']",Red,"[4, 5]",2,fil
2632,"Crime plus Fire, black at Help.","['Accident', 'Crime', 'Fire', 'Other']",Black,"[2, 1, 0, 5]",3,tl
2633,"May accident at other, yellow at Urgent.","['Accident', 'Natural Disaster', 'Other']",Yellow,"[2, 4, 5]",1,tl
2634,"Help at Fire and Accident reported, yellow.","['Accident', 'Fire', 'Natural Disaster']",Red,"[2, 0, 4]",2,tl
2635,"Boss Holdap may baril, may nasaktan at Fire sa apartment, people trapped inside.","['Crime', 'Fire']",Red,"[1, 0]",2,fil
2636,"Hostage situation, may kutsilyo at Heart attack, unconscious.","['Crime', 'Medical']",Red,"[1, 3]",2,tl
2637,"Boss May usok sa kusina pero walang apoy pa, safe naman at Ma'am Malubhang banggaan, may hindi humihinga.","['Accident', 'Fire']",Red,"[2, 0]",2,fil
2638,"Urgent at Medical plus Other, yellow.","['Medical', 'Natural Disaster', 'Other']",Yellow,"[3, 4, 5]",1,tl
2639,"Baha na, tumataas ang tubig!",['Natural Disaster'],Yellow,[4],1,fil
2640,"Boss Sunog sa bodega, malakas na ang apoy at Crime plus Natural Disaster, red.","['Crime', 'Fire', 'Natural Disaster']",Red,"[1, 0, 4]",2,fil
2641,"Boss Brownout, walang kuryente at May other at accident, green.","['Accident', 'Other']",Green,"[2, 5]",0,fil
2642,"Car crash, may injured at Urgent.","['Accident', 'Medical', 'Natural Disaster']",Red,"[2, 3, 4]",2,tl
2643,"Help at Ma'am Malubhang banggaan, may hindi humihinga.","['Accident', 'Crime', 'Medical']",Red,"[2, 1, 3]",2,fil
2644,"Help! Small fire sa labas, na-control na. Please respond. pls",['Fire'],Green,[0],0,fil
2645,"Tulong! Holdap may baril, may nasaktan! Padala agad. pls",['Crime'],Red,[1],2,fil
2646,"Natural Disaster plus Medical, black at Elderly collapsed, needs treatment soon.","['Medical', 'Natural Disaster']",Black,"[3, 4]",3,fil
2647,"Truck nasagasaan ang tao, kailangan ng ambulance at Crime and Medical reported, black.","['Accident', 'Crime', 'Medical']",Black,"[2, 1, 3]",3,fil
2648,"Natural Disaster plus Other, black at Ma'am Flash flood, maraming hindi makalabas.","['Natural Disaster', 'Other']",Black,"[4, 5]",3,fil
2649,"Urgent at May crime at accident, black.","['Accident', 'Crime', 'Natural Disaster']",Black,"[2, 1, 4]",3,tl
2650,"Motor nadulas pero ok lang, minor lang!",['Accident'],Green,[2],0,fil
2651,"Urgent at Boss Nasagasaan, patay na po.","['Accident', 'Crime', 'Medical']",Black,"[2, 1, 3]",3,fil
2652,"Boss May usok sa kusina pero walang apoy pa, safe naman. Padala agad. pls",['Fire'],Green,[0],0,fil
2653,"Help at May patay sa sunog, hindi na humihinga.","['Accident', 'Fire']",Black,"[2, 0]",3,fil
2654,Help at May baha pero mababa pa.,"['Crime', 'Medical', 'Natural Disaster']",Black,"[1, 3, 4]",3,tl
2655,"Help at Lindol kanina, may mga nasugatan sa landslide.","['Crime', 'Natural Disaster']",Red,"[1, 4]",2,fil
2656,"Help! Other plus Medical, green. ASAP. pls","['Other', 'Medical']",Green,"[5, 3]",0,tl
2657,"Accident plus Crime, red at Emergency.","['Accident', 'Crime']",Red,"[2, 1]",2,tl
2658,"Boss Nasagasaan, patay na po. pls. pls",['Accident'],Black,[2],3,fil
2659,Urgent at Lost child found na po.,"['Accident', 'Other']",Red,"[2, 5]",2,fil
2660,"Help at Ma'am May namatay sa aksidente, wala nang pulso.","['Accident', 'Medical', 'Other']",Black,"[2, 3, 5]",3,fil
2661,"Holdap may baril, may nasaktan! pls",['Crime'],Red,[1],2,fil
2662,"Help! Medical plus Crime, yellow! Please respond!","['Medical', 'Crime']",Yellow,"[3, 1]",1,tl
2663,"Tulong! May namatay sa aksidente, wala nang pulso! pls!",['Accident'],Black,[2],3,fil
2664,"Minor collision sa kalsada, gasgas lang. pls",['Accident'],Green,[2],0,fil
2665,"Crime and Other reported, yellow at Urgent.","['Accident', 'Crime', 'Medical', 'Other']",Red,"[2, 1, 3, 5]",2,tl
2666,"Heart attack, unconscious at Other and Natural Disaster reported, red.","['Medical', 'Natural Disaster', 'Other']",Red,"[3, 4, 5]",2,fil
2667,"Accident and Medical reported, yellow! Please respond!","['Accident', 'Medical']",Yellow,"[2, 3]",1,tl
2668,"Urgent at Sir May namatay sa baha, nakita ang bangkay.","['Accident', 'Fire', 'Natural Disaster']",Black,"[2, 0, 4]",3,fil
2669,Emergency at May baha pero mababa pa.,"['Natural Disaster', 'Other']",Red,"[4, 5]",2,tl
2670,"Urgent! May fire at accident, yellow! ASAP!","['Fire', 'Accident']",Yellow,"[0, 2]",1,fil
2671,"Urgent! Natural Disaster plus Accident, yellow. ASAP. pls","['Natural Disaster', 'Accident']",Yellow,"[4, 2]",1,fil
2672,"Tulong at Bangga ng kotse sa parking, walang sugat.","['Accident', 'Crime']",Yellow,"[2, 1]",1,fil
2673,"Urgent at Other and Fire reported, green.","['Fire', 'Natural Disaster', 'Other']",Yellow,"[0, 4, 5]",1,tl
2674,"Fire and Natural Disaster reported, black! ASAP!","['Fire', 'Natural Disaster']",Black,"[0, 4]",3,fil
2675,"May baha pero mababa pa at Natural Disaster plus Accident, yellow.","['Accident', 'Natural Disaster']",Yellow,"[2, 4]",1,fil
2676,"May namatay sa aksidente, wala nang pulso at Boss Holdap may baril, may nasaktan.","['Accident', 'Crime']",Black,"[2, 1]",3,fil
2677,"May nahihirapang huminga, asthmatic! Bilisan po!",['Medical'],Yellow,[3],1,fil
2678,"Help at Crime plus Medical, green.","['Crime', 'Medical']",Yellow,"[1, 3]",1,tl
2679,"Help! Accident plus Fire, red. Please respond. pls","['Accident', 'Fire']",Red,"[2, 0]",2,tl
2680,"Urgent! Storm damage sa bubong, minor lang. Please respond. pls",['Natural Disaster'],Green,[4],0,fil
2681,"Tulong at Other and Medical reported, yellow.","['Medical', 'Other']",Red,"[3, 5]",2,fil
2682,"Urgent! Other plus Medical, black!","['Other', 'Medical']",Black,"[5, 3]",3,tl
2683,"Tulong! May sunog sa bahay, may tao na trap sa loob! Bilisan.",['Fire'],Red,[0],2,fil
2684,"Help! Missing person, hinahanap pa. Please respond. pls",['Other'],Yellow,[5],1,fil
2685,"Help! May nag-attempt ng break-in, na-scare off na. pls",['Crime'],Green,[1],0,fil
2686,"Help at Medical plus Natural Disaster, yellow.","['Accident', 'Fire', 'Medical', 'Natural Disaster']",Yellow,"[2, 0, 3, 4]",1,fil
2687,"Boss May stroke victim, kailangan agad ng hospital at Help.","['Fire', 'Medical', 'Other']",Yellow,"[0, 3, 5]",1,fil
2688,"Help! Natural Disaster and Fire reported, yellow! ASAP!","['Natural Disaster', 'Fire']",Yellow,"[4, 0]",1,fil
2689,"Boss May baha pero mababa pa at Severe bleeding, malakas ang dugo.","['Medical', 'Natural Disaster']",Red,"[3, 4]",2,fil
2690,"May crime at fire, green at Urgent.","['Accident', 'Crime', 'Fire']",Black,"[2, 1, 0]",3,tl
2691,"May other at accident, red. ASAP. pls","['Other', 'Accident']",Red,"[5, 2]",2,fil
2692,"Accident plus Fire, yellow. ASAP. pls","['Accident', 'Fire']",Yellow,"[2, 0]",1,tl
2693,"Fire plus Medical, red! Please respond!","['Fire', 'Medical']",Red,"[0, 3]",2,tl
2694,"Ma'am Nasunog ang bahay, may namatay na at Elderly collapsed, needs treatment soon.","['Fire', 'Medical']",Black,"[0, 3]",3,fil
2695,"Help at Natural Disaster plus Accident, red.","['Accident', 'Crime', 'Medical', 'Natural Disaster']",Red,"[2, 1, 3, 4]",2,fil
2696,"Ma'am Nasusunog yung tindahan, may nasugatan at Sir Hostage situation, may kutsilyo.","['Crime', 'Fire']",Red,"[1, 0]",2,fil
2697,"Help! Medical and Crime reported, black! Please respond!","['Medical', 'Crime']",Black,"[3, 1]",3,tl
2698,"Emergency! Motor crash, severe bleeding ang rider!.",['Accident'],Red,[2],2,fil
2699,"May crime at natural disaster, black. Please respond. pls","['Crime', 'Natural Disaster']",Black,"[1, 4]",3,fil
2700,"Help! May medical at other, yellow!","['Medical', 'Other']",Yellow,"[3, 5]",1,tl
2701,"Riot, may baril at Kitchen fire, napatay na namin.","['Fire', 'Other']",Red,"[0, 5]",2,fil
2702,"Help at Fire victim, no pulse na po.","['Crime', 'Fire', 'Other']",Black,"[1, 0, 5]",3,fil
2703,"Natural Disaster plus Accident, red at Petty theft reported, suspect fled.","['Accident', 'Crime', 'Natural Disaster']",Red,"[2, 1, 4]",2,fil
2704,"Sir Holdap sa jeep, may nasaksak at Emergency.","['Crime', 'Other']",Yellow,"[1, 5]",1,fil
2705,"May crime at natural disaster, black at Medical plus Natural Disaster, yellow.","['Crime', 'Medical', 'Natural Disaster']",Black,"[1, 3, 4]",3,fil
2706,"Urgent! May natural disaster at crime, black! ASAP!","['Natural Disaster', 'Crime']",Black,"[4, 1]",3,fil
2707,"Urgent! Crime and Natural Disaster reported, green!","['Crime', 'Natural Disaster']",Green,"[1, 4]",0,fil
2708,"Boss Holdap sa jeep, may nasaksak. Bilisan po. pls",['Crime'],Yellow,[1],1,fil
2709,"May patay sa shooting, wala nang pulso at Boss Baha na, tumataas ang tubig.","['Crime', 'Natural Disaster']",Black,"[1, 4]",3,fil
2710,"Urgent! Accident plus Fire, red. pls","['Accident', 'Fire']",Red,"[2, 0]",2,tl
2711,"May sunog sa bahay, may tao na trap sa loob at Tulong.","['Fire', 'Natural Disaster']",Red,"[0, 4]",2,fil
2712,"Urgent! Shooting incident, severe bleeding! pls",['Crime'],Red,[1],2,tl
2713,"Stabbing, critical condition! pls",['Crime'],Red,[1],2,tl
2714,"May accident at other, green at Emergency.","['Accident', 'Other']",Red,"[2, 5]",2,tl
2715,"Urgent! Medical and Natural Disaster reported, yellow!","['Medical', 'Natural Disaster']",Yellow,"[3, 4]",1,fil
2716,"Other and Medical reported, yellow at CPR failed, pronounced dead.","['Medical', 'Other']",Black,"[3, 5]",3,tl
2717,"Holdap may baril, may nasaktan at Help.","['Crime', 'Medical']",Red,"[1, 3]",2,fil
2718,"Urgent at Natural Disaster plus Fire, black.","['Crime', 'Fire', 'Natural Disaster']",Black,"[1, 0, 4]",3,fil
2719,"Help! Other and Natural Disaster reported, red. pls","['Other', 'Natural Disaster']",Red,"[5, 4]",2,fil
2720,"Urgent! Crime and Other reported, green!","['Crime', 'Other']",Green,"[1, 5]",0,tl
2721,"Baha mataas na, may tao na trap sa bubong at Urgent.","['Crime', 'Natural Disaster']",Red,"[1, 4]",2,fil
2722,"Urgent! Crime plus Accident, black! ASAP!","['Crime', 'Accident']",Black,"[1, 2]",3,tl
2723,"Boss Hindi humihinga ang tao, CPR needed! pls. pls",['Medical'],Red,[3],2,fil
2724,"Urgent at May nanganak na, critical.","['Accident', 'Crime', 'Medical']",Red,"[2, 1, 3]",2,fil
2725,"Urgent! May other at crime, red. ASAP. pls","['Other', 'Crime']",Red,"[5, 1]",2,fil
2726,"Urgent! Medical and Accident reported, black. ASAP. pls","['Medical', 'Accident']",Black,"[3, 2]",3,fil
2727,"Natural Disaster plus Accident, yellow at Urgent.","['Accident', 'Medical', 'Natural Disaster']",Red,"[2, 3, 4]",2,fil
2728,"Ma'am Landslide, may na-bury na tao! Bilisan po!",['Natural Disaster'],Red,[4],2,fil
2729,"Fire plus Natural Disaster, yellow at Help.","['Accident', 'Crime', 'Fire', 'Natural Disaster']",Black,"[2, 1, 0, 4]",3,fil
2730,"Mild allergic reaction, stable na at May accident at fire, yellow.","['Accident', 'Fire', 'Medical']",Yellow,"[2, 0, 3]",1,fil
2731,"Boss Hindi humihinga ang tao, CPR needed!.",['Medical'],Red,[3],2,fil
2732,"Natural Disaster and Crime reported, red at May accident at crime, red.","['Accident', 'Crime', 'Natural Disaster']",Red,"[2, 1, 4]",2,fil
2733,"Urgent at May fire at other, yellow.","['Crime', 'Fire', 'Other']",Black,"[1, 0, 5]",3,tl
2734,"May nag-attempt ng break-in, na-scare off na! ASAP!",['Crime'],Green,[1],0,fil
2735,"Fatal stabbing, victim pronounced dead at Ma'am Rollover, critical ang pasahero.","['Accident', 'Crime']",Black,"[2, 1]",3,fil
2736,"Medical plus Other, yellow at Sir Holdap may baril, may nasaktan.","['Crime', 'Medical', 'Other']",Red,"[1, 3, 5]",2,fil
2737,"Help! Fire victim, no pulse na po. Please respond. pls",['Fire'],Black,[0],3,fil
2738,"Robbery, may baril ang suspect at Sir Motor crash, severe bleeding ang rider.","['Accident', 'Crime']",Red,"[2, 1]",2,fil
2739,"Urgent! May medical at crime, red. pls","['Medical', 'Crime']",Red,"[3, 1]",2,tl
2740,"Help at Accident plus Crime, green.","['Accident', 'Crime', 'Natural Disaster', 'Other']",Black,"[2, 1, 4, 5]",3,tl
2741,"Urgent! Fire plus Accident, green. ASAP. pls","['Fire', 'Accident']",Green,"[0, 2]",0,tl
2742,"Earthquake, building collapse, people trapped at Help.","['Accident', 'Crime', 'Natural Disaster']",Red,"[2, 1, 4]",2,tl
2743,"Sir May patay sa sunog, hindi na humihinga at Accident plus Crime, green.","['Accident', 'Crime', 'Fire']",Black,"[2, 1, 0]",3,fil
2744,"May accident at medical, green at Sir Baha na, tumataas ang tubig.","['Accident', 'Medical', 'Natural Disaster']",Yellow,"[2, 3, 4]",1,fil
2745,"Urgent at Ma'am Sunog sa basurahan lang, konti na lang.","['Accident', 'Crime', 'Fire']",Black,"[2, 1, 0]",3,fil
2746,"Help! Hit and run, victim needs treatment!",['Accident'],Yellow,[2],1,tl
2747,"May accident at crime, red at Boss Holdap may baril, may nasaktan.","['Accident', 'Crime']",Red,"[2, 1]",2,fil
2748,"Hindi humihinga ang tao, CPR needed! pls. pls",['Medical'],Red,[3],2,fil
2749,"Help at Crime and Accident reported, black.","['Accident', 'Crime', 'Fire', 'Medical']",Black,"[2, 1, 0, 3]",3,tl
2750,"Help at Sir Hostage situation, may kutsilyo.","['Crime', 'Medical']",Red,"[1, 3]",2,tl
2751,"Other and Medical reported, yellow at Boss Nasagasaan, patay na po.","['Accident', 'Medical', 'Other']",Black,"[2, 3, 5]",3,fil
2752,"Urgent at Riot, may baril.","['Crime', 'Natural Disaster', 'Other']",Black,"[1, 4, 5]",3,tl
2753,"May other at accident, red at Crime and Medical reported, red.","['Accident', 'Crime', 'Medical', 'Other']",Red,"[2, 1, 3, 5]",2,fil
2754,"May accident at fire, red at Urgent.","['Accident', 'Crime', 'Fire']",Red,"[2, 1, 0]",2,tl
2755,"Tulong at Diabetic, low sugar lang, na-revive na.","['Medical', 'Natural Disaster']",Black,"[3, 4]",3,fil
2756,"May accident at medical, red at Urgent.","['Accident', 'Medical']",Red,"[2, 3]",2,tl
2757,"Urgent! Medical plus Other, green. ASAP. pls","['Medical', 'Other']",Green,"[3, 5]",0,tl
2758,"May sunog sa bahay, kailangan ng fire truck at Ma'am May nagnakaw ng cellphone, nakita na namin ang suspect.","['Crime', 'Fire']",Yellow,"[1, 0]",1,fil
2759,"Urgent at Sir May bugbog, nasugatan ang biktima.","['Crime', 'Other']",Red,"[1, 5]",2,fil
2760,"Help at Heart attack, stable pa pero urgent.","['Medical', 'Natural Disaster']",Yellow,"[3, 4]",1,tl
2761,"Help at Hindi humihinga ang tao, CPR needed.","['Accident', 'Medical']",Red,"[2, 3]",2,fil
2762,"Fire and Crime reported, black at Natural Disaster plus Other, black.","['Crime', 'Fire', 'Natural Disaster', 'Other']",Black,"[1, 0, 4, 5]",3,fil
2763,"Sir Rollover, critical ang pasahero at Help.","['Accident', 'Fire']",Red,"[2, 0]",2,fil
2764,"Urgent! Other plus Fire, red. ASAP. pls","['Other', 'Fire']",Red,"[5, 0]",2,tl
2765,"Bagyo wasak ang bubong, may injured at Urgent.","['Accident', 'Natural Disaster']",Red,"[2, 4]",2,fil
2766,"Boss May namatay sa aksidente, wala nang pulso. Padala agad. pls",['Accident'],Black,[2],3,fil
2767,"Other and Medical reported, black at Nasunog ang bahay, may namatay na.","['Fire', 'Medical', 'Other']",Black,"[0, 3, 5]",3,fil
2768,"Urgent! Medical plus Crime, yellow. ASAP. pls","['Medical', 'Crime']",Yellow,"[3, 1]",1,tl
2769,"May fire at other, red at Other plus Accident, yellow.","['Accident', 'Fire', 'Other']",Red,"[2, 0, 5]",2,tl
2770,"Earthquake, building collapse, people trapped! Please respond. pls",['Natural Disaster'],Red,[4],2,fil
2771,"May bata nawawala pa, kailangan ng tulong at Heart attack, stable pa pero urgent.","['Medical', 'Other']",Yellow,"[3, 5]",1,fil
2772,"Car crash, may injured. Please respond. pls",['Accident'],Yellow,[2],1,fil
2773,"Tulong! Riot sa rally, may nasugatan!",['Other'],Yellow,[5],1,fil
2774,"Ma'am Malubhang banggaan, may hindi humihinga! pls!",['Accident'],Red,[2],2,fil
2775,"Sir Riot, may baril at Crime and Accident reported, black.","['Accident', 'Crime', 'Other']",Black,"[2, 1, 5]",3,fil
2776,"Help! May fire at accident, red! Please respond!","['Fire', 'Accident']",Red,"[0, 2]",2,fil
2777,"Urgent at Fire plus Natural Disaster, yellow.","['Fire', 'Natural Disaster', 'Other']",Yellow,"[0, 4, 5]",1,fil
2778,"Help! Medical plus Natural Disaster, black! ASAP!","['Medical', 'Natural Disaster']",Black,"[3, 4]",3,fil
2779,"Sir May bugbog, nasugatan ang biktima at Tulong.","['Accident', 'Crime']",Yellow,"[2, 1]",1,fil
2780,"May fire at medical, red at Tulong.","['Fire', 'Medical']",Black,"[0, 3]",3,fil
2781,"Building burning, may tao pa sa loob at Urgent.","['Fire', 'Medical']",Black,"[0, 3]",3,fil
2782,"May fire at other, red at Other and Fire reported, yellow.","['Fire', 'Other']",Red,"[0, 5]",2,fil
2783,"Medical and Accident reported, black at Earthquake, building collapse, people trapped.","['Accident', 'Medical', 'Natural Disaster']",Black,"[2, 3, 4]",3,fil
2784,"Help at Sir May stroke victim, kailangan agad ng hospital.","['Crime', 'Medical']",Red,"[1, 3]",2,fil
2785,"Help! Crime plus Other, green! ASAP!","['Crime', 'Other']",Green,"[1, 5]",0,tl
2786,"Sir Nasunog ang bahay, may namatay na at Pinatay ang biktima, deceased na.","['Crime', 'Fire']",Black,"[1, 0]",3,fil
2787,"Sir Gas leak malakas, may nahimatay at Ma'am Sunog sa basurahan lang, konti na lang.","['Fire', 'Other']",Red,"[0, 5]",2,fil
2788,"May crime at natural disaster, black at Ma'am Riot sa rally, may nasugatan.","['Crime', 'Natural Disaster', 'Other']",Black,"[1, 4, 5]",3,fil
2789,"Fatal crash, driver deceased. ASAP. pls",['Accident'],Black,[2],3,tl
2790,"Help! May accident at crime, yellow. ASAP. pls","['Accident', 'Crime']",Yellow,"[2, 1]",1,fil
2791,"May crime at accident, yellow at Help.","['Accident', 'Crime', 'Medical']",Black,"[2, 1, 3]",3,tl
2792,"Medical plus Fire, red at Boss May patay sa shooting, wala nang pulso.","['Crime', 'Fire', 'Medical']",Black,"[1, 0, 3]",3,fil
2793,"Accident plus Crime, green at Missing person found deceased.","['Accident', 'Crime', 'Other']",Black,"[2, 1, 5]",3,tl
2794,"Sir Landslide, may na-bury na tao! Bilisan.",['Natural Disaster'],Red,[4],2,fil
2795,"Ma'am Severe bleeding, malakas ang dugo at May baha pero mababa pa.","['Medical', 'Natural Disaster']",Red,"[3, 4]",2,fil
2796,"Ma'am Motor naaksidente, nasugatan ang driver at Accident and Medical reported, yellow.","['Accident', 'Medical']",Yellow,"[2, 3]",1,fil
2797,"Help! Natural Disaster plus Medical, black! ASAP!","['Natural Disaster', 'Medical']",Black,"[4, 3]",3,fil
2798,"Storm damage sa bubong, minor lang at Help.","['Fire', 'Natural Disaster', 'Other']",Yellow,"[0, 4, 5]",1,fil
2799,"May fire at other, green at Boss Walang pulso, deceased na.","['Fire', 'Medical', 'Other']",Black,"[0, 3, 5]",3,fil
2800,"Medical and Crime reported, red at Nasunog ang bahay, may namatay na.","['Crime', 'Fire', 'Medical']",Black,"[1, 0, 3]",3,fil
2801,"Urgent at May other at accident, green.","['Accident', 'Medical', 'Natural Disaster', 'Other']",Black,"[2, 3, 4, 5]",3,tl
2802,"Urgent! Fire plus Other, green. pls","['Fire', 'Other']",Green,"[0, 5]",0,tl
2803,"Help at May accident at crime, red.","['Accident', 'Crime', 'Fire']",Red,"[2, 1, 0]",2,tl
2804,"Ma'am Motor naaksidente, nasugatan ang driver!",['Accident'],Yellow,[2],1,fil
2805,"Sir Bangga ng kotse sa parking, walang sugat at Emergency.","['Accident', 'Crime']",Red,"[2, 1]",2,fil
2806,"Earthquake, building collapse, people trapped at Ma'am Brownout, walang kuryente.","['Natural Disaster', 'Other']",Red,"[4, 5]",2,fil
2807,"Crime and Medical reported, red. ASAP. pls","['Crime', 'Medical']",Red,"[1, 3]",2,fil
2808,"Urgent! Fire victim, no pulse na po! Please respond!",['Fire'],Black,[0],3,fil
2809,"May hostage sa tindahan, stable pa naman at Urgent.","['Accident', 'Crime', 'Fire']",Yellow,"[2, 1, 0]",1,fil
2810,"Mild allergic reaction, stable na at Crime plus Fire, black.","['Crime', 'Fire', 'Medical']",Black,"[1, 0, 3]",3,tl
2811,"Ma'am Minor collision sa kalsada, gasgas lang at May crime at natural disaster, red.","['Accident', 'Crime', 'Natural Disaster']",Red,"[2, 1, 4]",2,fil
2812,"Emergency at Boss Baha mataas na, may tao na trap sa bubong.","['Medical', 'Natural Disaster']",Black,"[3, 4]",3,fil
2813,"Emergency at May crime at natural disaster, black.","['Crime', 'Natural Disaster', 'Other']",Black,"[1, 4, 5]",3,fil
2814,"Minor collision sa kalsada, gasgas lang at CPR failed, pronounced dead.","['Accident', 'Medical']",Black,"[2, 3]",3,fil
2815,"Fire and Medical reported, red at Tulong.","['Accident', 'Fire', 'Medical']",Red,"[2, 0, 3]",2,fil
2816,"Heart attack, unconscious at Urgent.","['Accident', 'Fire', 'Medical']",Red,"[2, 0, 3]",2,tl
2817,"Medical plus Crime, yellow at Emergency.","['Accident', 'Crime', 'Medical']",Red,"[2, 1, 3]",2,tl
2818,"Storm surge, kailangan ng rescue at Emergency.","['Accident', 'Natural Disaster']",Yellow,"[2, 4]",1,fil
2819,"Urgent at Ma'am May bata nawawala pa, kailangan ng tulong.","['Crime', 'Natural Disaster', 'Other']",Black,"[1, 4, 5]",3,fil
2820,"Other plus Fire, green! ASAP!","['Other', 'Fire']",Green,"[5, 0]",0,tl
2821,"Emergency at Medical plus Natural Disaster, yellow.","['Medical', 'Natural Disaster', 'Other']",Red,"[3, 4, 5]",2,fil
2822,"Malakas ang ulan pero ok pa naman at May accident at fire, yellow.","['Accident', 'Fire', 'Natural Disaster']",Yellow,"[2, 0, 4]",1,fil
2823,"Help! Accident and Medical reported, yellow! Please respond!","['Accident', 'Medical']",Yellow,"[2, 3]",1,tl
2824,"Ma'am Riot sa rally, may nasugatan! Padala agad!",['Other'],Yellow,[5],1,fil
2825,May smoke sa bahay pero minor lang po! Please respond!,['Fire'],Green,[0],0,fil
2826,Sir Malakas ang ulan pero ok pa naman. Padala agad. pls,['Natural Disaster'],Green,[4],0,fil
2827,"Ma'am Assault, kailangan ng ambulance! Padala agad!",['Crime'],Yellow,[1],1,fil
2828,"Help at May other at accident, green.","['Accident', 'Medical', 'Other']",Green,"[2, 3, 5]",0,tl
2829,"May other at accident, green at Sir Walang pulso, deceased na.","['Accident', 'Medical', 'Other']",Black,"[2, 3, 5]",3,fil
2830,"Brownout, walang kuryente at Urgent.","['Accident', 'Other']",Green,"[2, 5]",0,fil
2831,"Urgent at May accident at medical, red.","['Accident', 'Medical', 'Natural Disaster']",Black,"[2, 3, 4]",3,tl
2832,"Other and Fire reported, yellow at Urgent.","['Accident', 'Fire', 'Other']",Yellow,"[2, 0, 5]",1,tl
2833,"Other plus Accident, green at Boss Assault, kailangan ng ambulance.","['Accident', 'Crime', 'Other']",Yellow,"[2, 1, 5]",1,fil
2834,"Medical plus Accident, yellow at Sir Holdap sa jeep, may nasaksak.","['Accident', 'Crime', 'Medical']",Yellow,"[2, 1, 3]",1,fil
2835,"May medical at natural disaster, red at Other and Fire reported, green.","['Fire', 'Medical', 'Natural Disaster', 'Other']",Red,"[0, 3, 4, 5]",2,fil
2836,"Urgent at Crime plus Other, green.","['Crime', 'Medical', 'Natural Disaster', 'Other']",Yellow,"[1, 3, 4, 5]",1,tl
2837,"Urgent at Ma'am Motor naaksidente, nasugatan ang driver.","['Accident', 'Crime', 'Medical']",Yellow,"[2, 1, 3]",1,fil
2838,"Tulong at May sunog sa bahay, kailangan ng fire truck.","['Accident', 'Fire']",Red,"[2, 0]",2,fil
2839,"Help at Natural Disaster plus Other, black.","['Accident', 'Medical', 'Natural Disaster', 'Other']",Black,"[2, 3, 4, 5]",3,fil
2840,"Medical and Crime reported, red at Holdap may baril, may nasaktan.","['Crime', 'Medical']",Red,"[1, 3]",2,fil
2841,"Boss May patay sa shooting, wala nang pulso at Boss Nasusunog yung tindahan, may nasugatan.","['Crime', 'Fire']",Black,"[1, 0]",3,fil
2842,"May patay sa sunog, hindi na humihinga! pls!",['Fire'],Black,[0],3,fil
2843,"Boss Baha na, tumataas ang tubig at Help.","['Natural Disaster', 'Other']",Black,"[4, 5]",3,fil
2844,"Boss Hostage situation, may kutsilyo at Help.","['Crime', 'Other']",Red,"[1, 5]",2,tl
2845,"Crime plus Other, green! Please respond!","['Crime', 'Other']",Green,"[1, 5]",0,tl
2846,"Urgent! May crime at natural disaster, red. pls","['Crime', 'Natural Disaster']",Red,"[1, 4]",2,fil
2847,"Minor collision sa kalsada, gasgas lang at Boss May sunog sa bahay, may tao na trap sa loob.","['Accident', 'Fire']",Red,"[2, 0]",2,fil
2848,"Fire plus Accident, green at Medical plus Fire, red.","['Accident', 'Fire', 'Medical']",Red,"[2, 0, 3]",2,tl
2849,"Boss Sunog sa bodega, malakas na ang apoy at Emergency.","['Crime', 'Fire']",Black,"[1, 0]",3,fil
2850,"Ma'am May nagnakaw ng cellphone, nakita na namin ang suspect! Bilisan po!",['Crime'],Green,[1],0,fil
2851,"Ma'am Riot sa rally, may nasugatan!",['Other'],Yellow,[5],1,fil
2852,"Crime and Accident reported, black at May fire at accident, red.","['Accident', 'Crime', 'Fire']",Black,"[2, 1, 0]",3,fil
2853,"Urgent! Crime and Accident reported, black. pls","['Crime', 'Accident']",Black,"[1, 2]",3,tl
2854,"Accident and Medical reported, yellow at May natural disaster at other, green.","['Accident', 'Medical', 'Natural Disaster', 'Other']",Yellow,"[2, 3, 4, 5]",1,fil
2855,"Gas leak reported, minor lang!",['Other'],Green,[5],0,fil
2856,"Boss Nasagasaan, patay na po! pls!",['Accident'],Black,[2],3,fil
2857,"May hostage sa tindahan, stable pa naman. pls",['Crime'],Yellow,[1],1,fil
2858,Lost child found na.,['Other'],Green,[5],0,tl
2859,"May nahihirapang huminga, asthmatic! pls!",['Medical'],Yellow,[3],1,fil
2860,"May fire at other, yellow at Earthquake, building collapse, people trapped.","['Fire', 'Natural Disaster', 'Other']",Red,"[0, 4, 5]",2,fil
2861,"Tulong! Rollover, critical ang pasahero! pls. pls",['Accident'],Red,[2],2,fil
2862,"Motor nadulas pero ok lang, minor lang at Crime plus Accident, green.","['Accident', 'Crime']",Green,"[2, 1]",0,fil
2863,"Emergency at Medical plus Other, yellow.","['Medical', 'Other']",Red,"[3, 5]",2,tl
2864,"May accident at other, yellow! Please respond!","['Accident', 'Other']",Yellow,"[2, 5]",1,fil
2865,"Urgent! May other at fire, black. ASAP. pls","['Other', 'Fire']",Black,"[5, 0]",3,fil
2866,"Sir Sunog sa factory, maraming workers pa sa loob! Bilisan.",['Fire'],Red,[0],2,fil
2867,"Sir Hindi humihinga ang tao, CPR needed at Tulong.","['Crime', 'Medical']",Red,"[1, 3]",2,fil
2868,"Accident plus Crime, black at Natural Disaster plus Accident, red.","['Accident', 'Crime', 'Natural Disaster']",Black,"[2, 1, 4]",3,fil
2869,"Tulong! Nasagasaan, patay na po. pls",['Accident'],Black,[2],3,fil
2870,"Heart attack, unconscious at Help.","['Fire', 'Medical', 'Other']",Black,"[0, 3, 5]",3,tl
2871,"Crime plus Natural Disaster, red. ASAP. pls","['Crime', 'Natural Disaster']",Red,"[1, 4]",2,fil
2872,"Help! Missing person, hinahanap pa! ASAP!",['Other'],Yellow,[5],1,fil
2873,"Ma'am Motor naaksidente, nasugatan ang driver! Bilisan po!",['Accident'],Yellow,[2],1,fil
2874,"Urgent! Natural Disaster plus Medical, green. ASAP. pls","['Natural Disaster', 'Medical']",Green,"[4, 3]",0,fil
2875,"May crime at fire, yellow at Baha mataas na, may tao na trap sa bubong.","['Crime', 'Fire', 'Natural Disaster']",Red,"[1, 0, 4]",2,fil
2876,"Diabetic, low sugar lang, na-revive na at May crime at accident, black.","['Accident', 'Crime', 'Medical']",Black,"[2, 1, 3]",3,fil
2877,"May medical at crime, black at Natural Disaster plus Medical, black.","['Crime', 'Medical', 'Natural Disaster']",Black,"[1, 3, 4]",3,fil
2878,"Boss Nakita ang bangkay sa ilog at Truck accident, people trapped.","['Accident', 'Other']",Black,"[2, 5]",3,fil
2879,"Mild allergic reaction, stable na!",['Medical'],Green,[3],0,tl
2880,"Boss Walang pulso, deceased na. pls",['Medical'],Black,[3],3,fil
2881,"Urgent! May other at accident, green. ASAP. pls","['Other', 'Accident']",Green,"[5, 2]",0,fil
2882,"Medical plus Fire, red at Hostage situation, may kutsilyo.","['Crime', 'Fire', 'Medical']",Red,"[1, 0, 3]",2,tl
2883,"Sir May bata nawawala pa, kailangan ng tulong at No signs of life, patay na po.","['Medical', 'Other']",Black,"[3, 5]",3,fil
2884,"Urgent! Crime plus Accident, green! Please respond!","['Crime', 'Accident']",Green,"[1, 2]",0,tl
2885,"Fire plus Other, yellow! Please respond!","['Fire', 'Other']",Yellow,"[0, 5]",1,tl
2886,"Tulong at Ma'am Truck nasagasaan ang tao, kailangan ng ambulance.","['Accident', 'Medical']",Red,"[2, 3]",2,fil
2887,"Drowning victim, no pulse. pls",['Natural Disaster'],Black,[4],3,tl
2888,"Urgent! Crime plus Fire, black! Please respond!","['Crime', 'Fire']",Black,"[1, 0]",3,tl
2889,"Urgent at Heart attack, stable pa pero urgent.","['Fire', 'Medical', 'Other']",Red,"[0, 3, 5]",2,tl
2890,"Urgent at Medical and Crime reported, green.","['Crime', 'Fire', 'Medical', 'Other']",Yellow,"[1, 0, 3, 5]",1,tl
2891,"Child missing, may suspect at Urgent.","['Accident', 'Fire', 'Other']",Red,"[2, 0, 5]",2,fil
2892,"May natural disaster at crime, yellow at Help.","['Crime', 'Natural Disaster', 'Other']",Red,"[1, 4, 5]",2,fil
2893,"May smoke sa bahay pero minor lang po at May accident at other, green.","['Accident', 'Fire', 'Other']",Green,"[2, 0, 5]",0,fil
2894,"May crime at other, green at Urgent.","['Accident', 'Crime', 'Other']",Black,"[2, 1, 5]",3,tl
2895,"Boss Holdap may baril, may nasaktan at Help.","['Accident', 'Crime', 'Other']",Red,"[2, 1, 5]",2,fil
2896,"Storm damage sa bubong, minor lang! Please respond!",['Natural Disaster'],Green,[4],0,fil
2897,"Fire and Medical reported, red at May crime at other, green.","['Crime', 'Fire', 'Medical', 'Other']",Red,"[1, 0, 3, 5]",2,fil
2898,"Ma'am May nahimatay pero nagising na, ok na at Suspicious package, nag-evacuate na.","['Medical', 'Other']",Yellow,"[3, 5]",1,fil
2899,"Other and Medical reported, yellow at Help.","['Accident', 'Fire', 'Medical', 'Other']",Red,"[2, 0, 3, 5]",2,tl
2900,"Sir May nagnakaw ng cellphone, nakita na namin ang suspect at Help.","['Crime', 'Fire']",Green,"[1, 0]",0,fil
2901,"Sir Riot, may baril at Building burning, may tao pa sa loob.","['Fire', 'Other']",Red,"[0, 5]",2,fil
2902,"Crime plus Accident, green at Fatal stabbing, victim pronounced dead.","['Accident', 'Crime']",Black,"[2, 1]",3,tl
2903,"Fire plus Natural Disaster, red at Sir Malubhang banggaan, may hindi humihinga.","['Accident', 'Fire', 'Natural Disaster']",Red,"[2, 0, 4]",2,fil
2904,"Help at Ma'am Riot sa rally, may nasugatan.","['Accident', 'Other']",Yellow,"[2, 5]",1,fil
2905,"May sunog sa bahay, may tao na trap sa loob at May natural disaster at crime, yellow.","['Crime', 'Fire', 'Natural Disaster']",Red,"[1, 0, 4]",2,fil
2906,"Help at Fire and Accident reported, red.","['Accident', 'Fire', 'Other']",Black,"[2, 0, 5]",3,tl
2907,"Ma'am May nahihirapang huminga, asthmatic at Kitchen fire, napatay na namin.","['Fire', 'Medical']",Yellow,"[0, 3]",1,fil
2908,"Urgent! Accident and Medical reported, red!","['Accident', 'Medical']",Red,"[2, 3]",2,tl
2909,"Help at Ma'am Motor naaksidente, nasugatan ang driver.","['Accident', 'Crime', 'Fire']",Red,"[2, 1, 0]",2,fil
2910,"Other and Fire reported, yellow at May medical at fire, yellow.","['Fire', 'Medical', 'Other']",Yellow,"[0, 3, 5]",1,fil
2911,"Crime and Fire reported, yellow at Urgent.","['Crime', 'Fire', 'Other']",Yellow,"[1, 0, 5]",1,tl
2912,"Other plus Accident, green at Boss Hindi humihinga ang tao, CPR needed.","['Accident', 'Medical', 'Other']",Red,"[2, 3, 5]",2,fil
2913,"Other plus Accident, yellow at Fatal crash, driver deceased.","['Accident', 'Other']",Black,"[2, 5]",3,tl
2914,"Natural Disaster and Fire reported, black at Mild allergic reaction, stable na.","['Fire', 'Medical', 'Natural Disaster']",Black,"[0, 3, 4]",3,fil
2915,"Urgent! Medical plus Natural Disaster, yellow. pls","['Medical', 'Natural Disaster']",Yellow,"[3, 4]",1,fil
2916,May baha pero mababa pa. Padala agad. pls,['Natural Disaster'],Green,[4],0,tl
2917,"Help! Crime plus Other, black. Please respond. pls","['Crime', 'Other']",Black,"[1, 5]",3,tl
2918,"Help at May accident at fire, red.","['Accident', 'Fire', 'Other']",Black,"[2, 0, 5]",3,tl
2919,Urgent! Lost child found na po. Please respond. pls,['Other'],Green,[5],0,fil
2920,"Walang pulso, deceased na at Fire plus Other, yellow.","['Fire', 'Medical', 'Other']",Black,"[0, 3, 5]",3,fil
2921,Emergency at Boss Malakas ang ulan pero ok pa naman.,"['Fire', 'Natural Disaster']",Yellow,"[0, 4]",1,fil
2922,"May accident at other, yellow at Accident plus Crime, green.","['Accident', 'Crime', 'Other']",Yellow,"[2, 1, 5]",1,tl
2923,"Help at Elderly collapsed, needs treatment soon.","['Medical', 'Natural Disaster']",Black,"[3, 4]",3,tl
2924,"Medical plus Other, yellow at Boss Sunog sa basurahan lang, konti na lang.","['Fire', 'Medical', 'Other']",Yellow,"[0, 3, 5]",1,fil
2925,"May medical at fire, yellow! Please respond!","['Medical', 'Fire']",Yellow,"[3, 0]",1,fil
2926,"Urgent! May other at accident, green!","['Other', 'Accident']",Green,"[5, 2]",0,tl
2927,"Help at May nahihirapang huminga, asthmatic.","['Medical', 'Natural Disaster', 'Other']",Black,"[3, 4, 5]",3,fil
2928,"May fire at other, yellow at Sir Bangga ng kotse sa parking, walang sugat.","['Accident', 'Fire', 'Other']",Yellow,"[2, 0, 5]",1,fil
2929,"Rollover, critical ang pasahero at Diabetic, low sugar lang, na-revive na.","['Accident', 'Medical']",Red,"[2, 3]",2,fil
2930,"Help! May accident at other, green! ASAP!","['Accident', 'Other']",Green,"[2, 5]",0,fil
2931,"Boss Holdap sa jeep, may nasaksak at Emergency.","['Accident', 'Crime']",Red,"[2, 1]",2,fil
2932,"May fire at other, yellow at Emergency.","['Crime', 'Fire', 'Other']",Black,"[1, 0, 5]",3,tl
2933,"Urgent at Bagyo wasak ang bubong, may injured.","['Fire', 'Natural Disaster']",Yellow,"[0, 4]",1,fil
2934,"Urgent! May fire at accident, yellow. pls","['Fire', 'Accident']",Yellow,"[0, 2]",1,tl
2935,"Tulong at Baha mataas na, may tao na trap sa bubong.","['Crime', 'Natural Disaster']",Red,"[1, 4]",2,fil
2936,"Help! May accident at fire, red. Please respond. pls","['Accident', 'Fire']",Red,"[2, 0]",2,fil
2937,"Urgent at Boss Baha na, tumataas ang tubig.","['Accident', 'Fire', 'Natural Disaster']",Yellow,"[2, 0, 4]",1,fil
2938,"Tulong! Hostage situation, may kutsilyo! Padala agad. pls",['Crime'],Red,[1],2,fil
2939,"Landslide victim, deceased na at Help.","['Natural Disaster', 'Other']",Black,"[4, 5]",3,tl
2940,"Help! Fire and Accident reported, yellow. Please respond. pls","['Fire', 'Accident']",Yellow,"[0, 2]",1,tl
2941,"Building burning, may tao pa sa loob. pls",['Fire'],Yellow,[0],1,fil
2942,"Help! Accident and Medical reported, red!","['Accident', 'Medical']",Red,"[2, 3]",2,tl
2943,"Emergency! Bangga ng kotse sa parking, walang sugat. pls. pls",['Accident'],Green,[2],0,fil
2944,"Emergency at Medical plus Fire, red.","['Fire', 'Medical', 'Other']",Red,"[0, 3, 5]",2,tl
2945,"Urgent! Crime and Medical reported, green! Please respond!","['Crime', 'Medical']",Green,"[1, 3]",0,tl
2946,"May accident at other, yellow at Lost child found na po.","['Accident', 'Other']",Yellow,"[2, 5]",1,fil
2947,"Help at Ma'am May nahihirapang huminga, asthmatic.","['Fire', 'Medical', 'Natural Disaster']",Yellow,"[0, 3, 4]",1,fil
2948,"Other and Fire reported, yellow at Heart attack, stable pa pero urgent.","['Fire', 'Medical', 'Other']",Yellow,"[0, 3, 5]",1,tl
2949,"Natural Disaster and Crime reported, red. Please respond. pls","['Natural Disaster', 'Crime']",Red,"[4, 1]",2,fil
2950,"Nasunog ang bahay, may namatay na at Urgent.","['Crime', 'Fire', 'Natural Disaster']",Black,"[1, 0, 4]",3,fil
2951,"Boss Walang pulso, deceased na at Help.","['Accident', 'Crime', 'Medical']",Black,"[2, 1, 3]",3,fil
2952,"Help at CPR failed, pronounced dead.","['Accident', 'Fire', 'Medical']",Black,"[2, 0, 3]",3,tl
2953,"May sunog sa bahay, may tao na trap sa loob! Bilisan po. pls",['Fire'],Red,[0],2,fil
2954,"Sir Hindi humihinga ang tao, CPR needed! pls. pls",['Medical'],Red,[3],2,fil
2955,"Urgent at May fire at accident, red.","['Accident', 'Crime', 'Fire']",Black,"[2, 1, 0]",3,tl
2956,Urgent at Nakita ang bangkay sa ilog.,"['Accident', 'Other']",Black,"[2, 5]",3,fil
2957,"Sir Rollover, critical ang pasahero at Sir Assault, kailangan ng ambulance.","['Accident', 'Crime']",Red,"[2, 1]",2,fil
2958,"Tulong at May bata nawawala, nakita na.","['Crime', 'Other']",Red,"[1, 5]",2,fil
2959,"Hit and run, victim needs treatment at Urgent.","['Accident', 'Fire']",Yellow,"[2, 0]",1,tl
2960,"Medical plus Natural Disaster, black! Please respond!","['Medical', 'Natural Disaster']",Black,"[3, 4]",3,fil
2961,"Fire and Medical reported, red at Help.","['Fire', 'Medical', 'Other']",Red,"[0, 3, 5]",2,tl
2962,"Help! Natural Disaster plus Accident, red. Please respond. pls","['Natural Disaster', 'Accident']",Red,"[4, 2]",2,fil
2963,"Urgent at Boss Assault, kailangan ng ambulance.","['Crime', 'Fire']",Yellow,"[1, 0]",1,fil
2964,"Help! May hostage sa tindahan, stable pa naman. Please respond. pls",['Crime'],Yellow,[1],1,fil
2965,"Urgent! Medical plus Accident, yellow! Please respond!","['Medical', 'Accident']",Yellow,"[3, 2]",1,tl
2966,"May nanganak na, critical! pls",['Medical'],Red,[3],2,fil
2967,"Nakita ang bangkay sa ilog at May accident at other, yellow.","['Accident', 'Other']",Black,"[2, 5]",3,fil
2968,"Tulong at Fire plus Accident, yellow.","['Accident', 'Fire', 'Natural Disaster']",Black,"[2, 0, 4]",3,tl
2969,"Crime and Accident reported, yellow at Urgent.","['Accident', 'Crime']",Black,"[2, 1]",3,tl
2970,"Boss May patay sa sunog, hindi na humihinga at Lindol kanina, may mga nasugatan sa landslide.","['Fire', 'Natural Disaster']",Black,"[0, 4]",3,fil
2971,"Bagyo wasak ang bubong, may injured at Jeep tumama sa poste, may pasahero na nasaktan.","['Accident', 'Natural Disaster']",Yellow,"[2, 4]",1,fil
2972,"Urgent at Sir Assault, kailangan ng ambulance.","['Crime', 'Fire', 'Other']",Black,"[1, 0, 5]",3,fil
2973,"Help! Crime plus Accident, green!","['Crime', 'Accident']",Green,"[1, 2]",0,tl
2974,"Emergency! Sunog sa factory, maraming workers pa sa loob! Bilisan.",['Fire'],Red,[0],2,fil
2975,"Crime plus Medical, red at Help.","['Crime', 'Medical', 'Natural Disaster', 'Other']",Black,"[1, 3, 4, 5]",3,tl
2976,"Mild allergic reaction, stable na at Urgent.","['Crime', 'Medical', 'Natural Disaster']",Black,"[1, 3, 4]",3,tl
2977,"Help at Sir Sunog sa factory, maraming workers pa sa loob.","['Fire', 'Natural Disaster']",Black,"[0, 4]",3,fil
2978,"Tulong at Medical and Natural Disaster reported, green.","['Crime', 'Medical', 'Natural Disaster']",Red,"[1, 3, 4]",2,fil
2979,"Urgent at Ma'am Brownout, walang kuryente.","['Fire', 'Other']",Yellow,"[0, 5]",1,fil
2980,"Ma'am Riot sa rally, may nasugatan at Emergency.","['Accident', 'Other']",Red,"[2, 5]",2,fil
2981,"Urgent! Other and Medical reported, green. pls","['Other', 'Medical']",Green,"[5, 3]",0,tl
2982,"Ma'am Riot sa rally, may nasugatan at Help.","['Fire', 'Natural Disaster', 'Other']",Yellow,"[0, 4, 5]",1,fil
2983,"Boss Assault, kailangan ng ambulance. Bilisan po. pls",['Crime'],Yellow,[1],1,fil
2984,"Urgent! Crime plus Medical, green. ASAP. pls","['Crime', 'Medical']",Green,"[1, 3]",0,tl
2985,"Other and Natural Disaster reported, red at Help.","['Accident', 'Natural Disaster', 'Other']",Red,"[2, 4, 5]",2,fil
2986,"Sir Walang pulso, deceased na at Help.","['Medical', 'Natural Disaster']",Black,"[3, 4]",3,fil
2987,"Help at Accident plus Fire, yellow.","['Accident', 'Fire']",Black,"[2, 0]",3,tl
2988,"Crime plus Medical, green at Help.","['Crime', 'Medical', 'Natural Disaster']",Green,"[1, 3, 4]",0,tl
2989,"May fire at other, red! ASAP!","['Fire', 'Other']",Red,"[0, 5]",2,fil
2990,"Help! May crime at other, red!","['Crime', 'Other']",Red,"[1, 5]",2,tl
2991,"Help! Elderly collapsed, needs treatment soon! Please respond!",['Medical'],Yellow,[3],1,tl
2992,"May other at fire, black at Medical and Crime reported, black.","['Crime', 'Fire', 'Medical', 'Other']",Black,"[1, 0, 3, 5]",3,fil
2993,"May natural disaster at crime, black at Mild allergic reaction, stable na.","['Crime', 'Medical', 'Natural Disaster']",Black,"[1, 3, 4]",3,fil
2994,"Ma'am Holdap sa jeep, may nasaksak at Urgent.","['Crime', 'Medical', 'Natural Disaster']",Yellow,"[1, 3, 4]",1,fil
2995,"Urgent at May sumakit ang ulo, minor lang.","['Accident', 'Medical', 'Natural Disaster']",Yellow,"[2, 3, 4]",1,fil
2996,"Help at May fire at other, green.","['Accident', 'Crime', 'Fire', 'Other']",Black,"[2, 1, 0, 5]",3,tl
2997,"Ma'am May nagnakaw ng cellphone, nakita na namin ang suspect!",['Crime'],Green,[1],0,fil
2998,"Sir May sunog sa bahay, kailangan ng fire truck at Urgent.","['Accident', 'Fire']",Yellow,"[2, 0]",1,fil
2999,"May natural disaster at other, green at Missing person found deceased.","['Natural Disaster', 'Other']",Black,"[4, 5]",3,fil
3000,"Boss Sunog sa bodega, malakas na ang apoy!",['Fire'],Yellow,[0],1,fil
3001,"Medical and Fire reported, yellow at Help.","['Fire', 'Medical', 'Natural Disaster']",Black,"[0, 3, 4]",3,tl
3002,"Riot, may baril at Help.","['Accident', 'Fire', 'Other']",Red,"[2, 0, 5]",2,tl
3003,"Help at Boss Walang pulso, deceased na.","['Medical', 'Other']",Black,"[3, 5]",3,fil
3004,"Urgent at Fire and Natural Disaster reported, black.","['Fire', 'Natural Disaster']",Black,"[0, 4]",3,fil
3005,"Help at Sir Malubhang banggaan, may hindi humihinga.","['Accident', 'Other']",Red,"[2, 5]",2,fil
3006,"Help at Natural Disaster and Fire reported, yellow.","['Accident', 'Fire', 'Natural Disaster']",Yellow,"[2, 0, 4]",1,fil
3007,"Urgent! Medical and Crime reported, black. ASAP. pls","['Medical', 'Crime']",Black,"[3, 1]",3,fil
3008,"Drowning victim, no pulse at Missing person, hinahanap pa.","['Natural Disaster', 'Other']",Black,"[4, 5]",3,fil
3009,"Emergency at Ma'am May patay sa shooting, wala nang pulso.","['Crime', 'Natural Disaster']",Black,"[1, 4]",3,fil
3010,"Emergency! May patay sa shooting, wala nang pulso! pls!",['Crime'],Black,[1],3,fil
3011,"May crime at natural disaster, black at Ma'am Motor naaksidente, nasugatan ang driver.","['Accident', 'Crime', 'Natural Disaster']",Black,"[2, 1, 4]",3,fil
3012,"Urgent! May fire at medical, red!","['Fire', 'Medical']",Red,"[0, 3]",2,tl
3013,"Sir Sunog sa bodega, malakas na ang apoy!",['Fire'],Yellow,[0],1,fil
3014,"Fire and Accident reported, yellow at Urgent.","['Accident', 'Fire']",Yellow,"[2, 0]",1,tl
3015,"Accident plus Crime, red at Hindi humihinga ang tao, CPR needed.","['Accident', 'Crime', 'Medical']",Red,"[2, 1, 3]",2,fil
3016,"Help at Ma'am May nahimatay pero nagising na, ok na.","['Crime', 'Medical', 'Other']",Black,"[1, 3, 5]",3,fil
3017,"Urgent at Stabbing, critical condition.","['Accident', 'Crime', 'Fire']",Red,"[2, 1, 0]",2,tl
3018,"Holdap sa jeep, may nasaksak! Bilisan po!",['Crime'],Yellow,[1],1,fil
3019,"Ma'am Truck nasagasaan ang tao, kailangan ng ambulance at May accident at other, yellow.","['Accident', 'Other']",Yellow,"[2, 5]",1,fil
3020,"Nasagasaan, patay na po at Accident plus Crime, black.","['Accident', 'Crime']",Black,"[2, 1]",3,fil
3021,"May nahihirapang huminga, asthmatic. Bilisan.",['Medical'],Yellow,[3],1,fil
3022,"May crime at natural disaster, red at Ma'am Nasunog ang bahay, may namatay na.","['Crime', 'Fire', 'Natural Disaster']",Black,"[1, 0, 4]",3,fil
3023,"Urgent at Rollover, critical ang pasahero.","['Accident', 'Crime', 'Fire']",Red,"[2, 1, 0]",2,fil
3024,"Urgent! May medical at crime, red! ASAP!","['Medical', 'Crime']",Red,"[3, 1]",2,fil
3025,"Flooding, need evacuation at Emergency.","['Medical', 'Natural Disaster']",Black,"[3, 4]",3,tl
3026,"Suspicious package, nag-evacuate na at Sir Assault, kailangan ng ambulance.","['Crime', 'Other']",Yellow,"[1, 5]",1,fil
3027,"Urgent! May crime at natural disaster, red. ASAP. pls","['Crime', 'Natural Disaster']",Red,"[1, 4]",2,fil
3028,"Crime plus Accident, green at Help.","['Accident', 'Crime', 'Fire']",Red,"[2, 1, 0]",2,tl
3029,"Sunog sa bodega, malakas na ang apoy!",['Fire'],Yellow,[0],1,fil
3030,"Help at Medical and Crime reported, green.","['Accident', 'Crime', 'Medical', 'Other']",Red,"[2, 1, 3, 5]",2,tl
3031,"Accident plus Fire, yellow at Urgent.","['Accident', 'Crime', 'Fire', 'Natural Disaster']",Red,"[2, 1, 0, 4]",2,tl
3032,"May fire at medical, red at Fire sa apartment, people trapped inside.","['Fire', 'Medical']",Red,"[0, 3]",2,fil
3033,"May accident at fire, red at Sir Hindi humihinga ang tao, CPR needed.","['Accident', 'Fire', 'Medical']",Red,"[2, 0, 3]",2,fil
3034,"Pinatay ang biktima, deceased na. Bilisan po. pls",['Crime'],Black,[1],3,fil
3035,"Urgent! May other at crime, red! ASAP!","['Other', 'Crime']",Red,"[5, 1]",2,fil
3036,"Sir Rollover, critical ang pasahero! Bilisan.",['Accident'],Red,[2],2,fil
3037,"May fire at other, green! Please respond!","['Fire', 'Other']",Green,"[0, 5]",0,fil
3038,"Tulong! May namatay sa baha, nakita ang bangkay. pls. pls",['Natural Disaster'],Black,[4],3,fil
3039,"Urgent at Baha na, tumataas ang tubig.","['Accident', 'Fire', 'Natural Disaster']",Yellow,"[2, 0, 4]",1,fil
3040,"Crime plus Other, black at Other plus Fire, red.","['Crime', 'Fire', 'Other']",Black,"[1, 0, 5]",3,tl
3041,"Help! Storm damage sa bubong, minor lang!",['Natural Disaster'],Green,[4],0,fil
3042,"Help at Riot sa rally, may nasugatan.","['Accident', 'Fire', 'Other']",Yellow,"[2, 0, 5]",1,fil
3043,"Urgent at Crime and Fire reported, yellow.","['Crime', 'Fire', 'Other']",Yellow,"[1, 0, 5]",1,tl
3044,"Urgent at May crime at fire, green.","['Accident', 'Crime', 'Fire']",Yellow,"[2, 1, 0]",1,tl
3045,"Sir Hindi humihinga ang tao, CPR needed! pls!",['Medical'],Red,[3],2,fil
3046,"Heart attack, stable pa pero urgent at Landslide, may na-bury na tao.","['Medical', 'Natural Disaster']",Red,"[3, 4]",2,fil
3047,"Urgent at Severe bleeding, malakas ang dugo.","['Accident', 'Fire', 'Medical']",Red,"[2, 0, 3]",2,fil
3048,"Heart attack, stable pa pero urgent!",['Medical'],Yellow,[3],1,tl
3049,"Help at Baha mataas na, may tao na trap sa bubong.","['Fire', 'Natural Disaster']",Red,"[0, 4]",2,fil
3050,"May nahihirapang huminga, asthmatic at Help.","['Fire', 'Medical']",Yellow,"[0, 3]",1,fil
3051,"Ma'am Riot sa rally, may nasugatan. Padala agad. pls",['Other'],Yellow,[5],1,fil
3052,"Help! Accident plus Fire, green. ASAP. pls","['Accident', 'Fire']",Green,"[2, 0]",0,tl
3053,"Urgent! May other at accident, red! Please respond!","['Other', 'Accident']",Red,"[5, 2]",2,fil
3054,"Help at Bangga ng kotse sa parking, walang sugat.","['Accident', 'Fire']",Yellow,"[2, 0]",1,fil
3055,"Sir Malubhang banggaan, may hindi humihinga at Help.","['Accident', 'Crime', 'Medical']",Red,"[2, 1, 3]",2,fil
3056,"May fire at other, green at Other plus Fire, green.","['Fire', 'Other']",Green,"[0, 5]",0,tl
3057,"Nasunog ang bahay, may namatay na at Help.","['Accident', 'Fire']",Black,"[2, 0]",3,fil
3058,"Help! Crime plus Fire, red!","['Crime', 'Fire']",Red,"[1, 0]",2,tl
3059,"May sumakit ang ulo, minor lang. pls",['Medical'],Green,[3],0,fil
3060,"Nasunog ang bahay, may namatay na!",['Fire'],Black,[0],3,fil
3061,"Boss May namatay sa baha, nakita ang bangkay! pls!",['Natural Disaster'],Black,[4],3,fil
3062,"Help at Boss May nanganak na, critical.","['Crime', 'Medical', 'Other']",Red,"[1, 3, 5]",2,fil
3063,"Urgent at Ma'am May nahihirapang huminga, asthmatic.","['Crime', 'Fire', 'Medical']",Yellow,"[1, 0, 3]",1,fil
3064,"May accident at fire, red at Structure fire, may bata na naiwan.","['Accident', 'Fire']",Red,"[2, 0]",2,fil
3065,"Sir Malubhang banggaan, may hindi humihinga! Bilisan po. pls",['Accident'],Red,[2],2,fil
3066,"Heart attack, unconscious at Fire plus Other, yellow.","['Fire', 'Medical', 'Other']",Red,"[0, 3, 5]",2,tl
3067,"May patay sa shooting, wala nang pulso! Padala agad!",['Crime'],Black,[1],3,fil
3068,"May smoke sa bahay pero minor lang po at Ma'am May namatay sa aksidente, wala nang pulso.","['Accident', 'Fire']",Black,"[2, 0]",3,fil
3069,"Help! May crime at fire, green! Please respond!","['Crime', 'Fire']",Green,"[1, 0]",0,fil
3070,"No signs of life, patay na po! pls!",['Medical'],Black,[3],3,fil
3071,"Natural Disaster and Fire reported, yellow! Please respond!","['Natural Disaster', 'Fire']",Yellow,"[4, 0]",1,fil
3072,"Urgent! Flooding, need evacuation. pls",['Natural Disaster'],Yellow,[4],1,tl
3073,"Help at May crime at accident, black.","['Accident', 'Crime', 'Natural Disaster']",Black,"[2, 1, 4]",3,tl
3074,"Help at Natural Disaster plus Medical, black.","['Fire', 'Medical', 'Natural Disaster']",Black,"[0, 3, 4]",3,fil
3075,"Sir May patay sa sunog, hindi na humihinga at Urgent.","['Accident', 'Fire']",Black,"[2, 0]",3,fil
3076,"Urgent! May medical at natural disaster, red!","['Medical', 'Natural Disaster']",Red,"[3, 4]",2,fil
3077,"Sunog sa basurahan lang, konti na lang at Missing person found deceased.","['Fire', 'Other']",Black,"[0, 5]",3,fil
3078,"May patay sa shooting, wala nang pulso. Padala agad. pls",['Crime'],Black,[1],3,fil
3079,"Help at May namatay sa baha, nakita ang bangkay.","['Natural Disaster', 'Other']",Black,"[4, 5]",3,fil
3080,"Boss Motor crash, severe bleeding ang rider! Padala agad. pls",['Accident'],Red,[2],2,fil
3081,"Lindol kanina, may mga nasugatan sa landslide at Urgent.","['Accident', 'Crime', 'Natural Disaster']",Yellow,"[2, 1, 4]",1,fil
3082,"Urgent! Crime plus Fire, black. Please respond. pls","['Crime', 'Fire']",Black,"[1, 0]",3,tl
3083,"May patay sa shooting, wala nang pulso at May crime at other, red.","['Crime', 'Other']",Black,"[1, 5]",3,fil
3084,"Urgent! Storm surge, kailangan ng rescue. pls",['Natural Disaster'],Yellow,[4],1,fil
3085,"Crime and Fire reported, red at Medical and Other reported, green.","['Crime', 'Fire', 'Medical', 'Other']",Red,"[1, 0, 3, 5]",2,tl
3086,"Urgent! Accident plus Crime, black. ASAP. pls","['Accident', 'Crime']",Black,"[2, 1]",3,tl
3087,"May accident at medical, green at May natural disaster at crime, black.","['Accident', 'Crime', 'Medical', 'Natural Disaster']",Black,"[2, 1, 3, 4]",3,fil
3088,"Accident plus Crime, black at Help.","['Accident', 'Crime', 'Natural Disaster']",Black,"[2, 1, 4]",3,tl
3089,"Stampede sa concert, maraming nasaktan! pls",['Other'],Red,[5],2,fil
3090,"Urgent! Accident and Fire reported, green. ASAP. pls","['Accident', 'Fire']",Green,"[2, 0]",0,fil
3091,"May nahimatay pero nagising na, ok na. pls",['Medical'],Green,[3],0,fil
3092,"Motor naaksidente, nasugatan ang driver at Heart attack, stable pa pero urgent.","['Accident', 'Medical']",Yellow,"[2, 3]",1,fil
3093,"Help at May other at accident, red.","['Accident', 'Fire', 'Natural Disaster', 'Other']",Black,"[2, 0, 4, 5]",3,tl
3094,"Crime and Medical reported, red! ASAP!","['Crime', 'Medical']",Red,"[1, 3]",2,fil
3095,"Urgent! May natural disaster at crime, black! Please respond!","['Natural Disaster', 'Crime']",Black,"[4, 1]",3,fil
3096,"Urgent! May fire at natural disaster, yellow. Please respond. pls","['Fire', 'Natural Disaster']",Yellow,"[0, 4]",1,fil
3097,"Crime and Medical reported, black at Medical plus Fire, red.","['Crime', 'Fire', 'Medical']",Black,"[1, 0, 3]",3,tl
3098,"Bagyo wasak ang bubong, may injured! Padala agad!",['Natural Disaster'],Yellow,[4],1,fil
3099,"Urgent! Natural Disaster plus Fire, black. pls","['Natural Disaster', 'Fire']",Black,"[4, 0]",3,fil
3100,"Natural Disaster plus Medical, black at Sunog sa basurahan lang, konti na lang.","['Fire', 'Medical', 'Natural Disaster']",Black,"[0, 3, 4]",3,fil
3101,"Tulong! Riot sa rally, may nasugatan. pls",['Other'],Yellow,[5],1,fil
3102,"Emergency! No signs of life, patay na po. Padala agad. pls",['Medical'],Black,[3],3,fil
3103,"Ma'am Malubhang banggaan, may hindi humihinga at Urgent.","['Accident', 'Crime', 'Other']",Black,"[2, 1, 5]",3,fil
3104,"Urgent! May natural disaster at crime, red! Please respond!","['Natural Disaster', 'Crime']",Red,"[4, 1]",2,fil
3105,"Jeep tumama sa poste, may pasahero na nasaktan at Sir May baha pero mababa pa.","['Accident', 'Natural Disaster']",Yellow,"[2, 4]",1,fil
3106,"May fire at medical, red at Urgent.","['Fire', 'Medical', 'Natural Disaster', 'Other']",Red,"[0, 3, 4, 5]",2,tl
3107,"Emergency at Earthquake, building collapse, people trapped.","['Crime', 'Natural Disaster']",Black,"[1, 4]",3,tl
3108,"Urgent! Accident and Fire reported, red! Please respond!","['Accident', 'Fire']",Red,"[2, 0]",2,tl
3109,"Medical plus Accident, yellow at Help.","['Accident', 'Crime', 'Medical']",Yellow,"[2, 1, 3]",1,tl
3110,"Medical plus Fire, red. ASAP. pls","['Medical', 'Fire']",Red,"[3, 0]",2,tl
3111,"May crime at fire, green at Natural Disaster and Crime reported, red.","['Crime', 'Fire', 'Natural Disaster']",Red,"[1, 0, 4]",2,fil
3112,"Help at Sunog sa bodega, malakas na ang apoy.","['Crime', 'Fire']",Black,"[1, 0]",3,fil
3113,"Help at Petty theft reported, suspect fled.","['Crime', 'Natural Disaster']",Black,"[1, 4]",3,tl
3114,"Ma'am Holdap sa jeep, may nasaksak at Suspicious package, nag-evacuate na.","['Crime', 'Other']",Yellow,"[1, 5]",1,fil
3115,"Ma'am Truck nasagasaan ang tao, kailangan ng ambulance at Help.","['Accident', 'Crime', 'Other']",Red,"[2, 1, 5]",2,fil
3116,"Ma'am May nahihirapang huminga, asthmatic! Bilisan po!",['Medical'],Yellow,[3],1,fil
3117,"Urgent! Landslide victim, deceased na. ASAP. pls",['Natural Disaster'],Black,[4],3,fil
3118,"Help! Fire plus Accident, black. ASAP. pls","['Fire', 'Accident']",Black,"[0, 2]",3,tl
3119,Boss May baha pero mababa pa at Help.,"['Crime', 'Medical', 'Natural Disaster']",Black,"[1, 3, 4]",3,tl
3120,"Help at May natural disaster at crime, red.","['Crime', 'Natural Disaster', 'Other']",Red,"[1, 4, 5]",2,fil
3121,"May natural disaster at crime, yellow. Please respond. pls","['Natural Disaster', 'Crime']",Yellow,"[4, 1]",1,fil
3122,"Urgent at Heart attack, unconscious.","['Accident', 'Crime', 'Medical']",Red,"[2, 1, 3]",2,tl
3123,"May nanganak na, critical! Padala agad!",['Medical'],Red,[3],2,fil
3124,"Natural Disaster and Medical reported, black. ASAP. pls","['Natural Disaster', 'Medical']",Black,"[4, 3]",3,fil
3125,"Emergency! Suspicious package, nag-evacuate na! pls!",['Other'],Yellow,[5],1,tl
3126,"Help at Nasunog ang bahay, may namatay na.","['Fire', 'Medical']",Black,"[0, 3]",3,fil
3127,"Sir May sunog sa bahay, kailangan ng fire truck at Severe bleeding, malakas ang dugo.","['Fire', 'Medical']",Red,"[0, 3]",2,fil
3128,"Fire plus Accident, yellow at Tulong.","['Accident', 'Fire', 'Other']",Yellow,"[2, 0, 5]",1,tl
3129,"Truck nasagasaan ang tao, kailangan ng ambulance at Fire and Accident reported, red.","['Accident', 'Fire']",Red,"[2, 0]",2,fil
3130,"Urgent at Ma'am May nagnakaw ng cellphone, nakita na namin ang suspect.","['Accident', 'Crime', 'Other']",Green,"[2, 1, 5]",0,fil
3131,"Fire plus Other, green. Please respond. pls","['Fire', 'Other']",Green,"[0, 5]",0,tl
3132,"May nahimatay pero nagising na, ok na at Urgent.","['Accident', 'Medical', 'Natural Disaster']",Red,"[2, 3, 4]",2,fil
3133,"Boss May sunog sa bahay, kailangan ng fire truck at May baha pero mababa pa.","['Fire', 'Natural Disaster']",Yellow,"[0, 4]",1,fil
3134,"Other and Medical reported, yellow. Please respond. pls","['Other', 'Medical']",Yellow,"[5, 3]",1,tl
3135,"Ma'am Sunog sa basurahan lang, konti na lang at Hit and run, victim needs treatment.","['Accident', 'Fire']",Yellow,"[2, 0]",1,fil
3136,"Boss Sunog sa bodega, malakas na ang apoy at Holdap may baril, may nasaktan.","['Crime', 'Fire']",Red,"[1, 0]",2,fil
3137,"Emergency! No signs of life, patay na po! Padala agad!",['Medical'],Black,[3],3,fil
3138,"Accident plus Crime, black. ASAP. pls","['Accident', 'Crime']",Black,"[2, 1]",3,tl
3139,"Medical and Crime reported, green at Help.","['Crime', 'Fire', 'Medical', 'Other']",Black,"[1, 0, 3, 5]",3,tl
3140,"Emergency! May nahihirapang huminga, asthmatic. pls. pls",['Medical'],Yellow,[3],1,fil
3141,"Ma'am Landslide, may na-bury na tao at Boss May binaril, malubha.","['Crime', 'Natural Disaster']",Red,"[1, 4]",2,fil
3142,"May nahihirapang huminga, asthmatic. pls",['Medical'],Yellow,[3],1,fil
3143,"Hit and run, victim needs treatment. pls",['Accident'],Yellow,[2],1,tl
3144,"Urgent! Accident plus Fire, red. ASAP. pls","['Accident', 'Fire']",Red,"[2, 0]",2,tl
3145,"Urgent at May hostage sa tindahan, stable pa naman.","['Crime', 'Fire']",Red,"[1, 0]",2,fil
3146,"Storm surge, kailangan ng rescue. pls",['Natural Disaster'],Yellow,[4],1,fil
3147,"Urgent at May namatay sa aksidente, wala nang pulso.","['Accident', 'Crime', 'Fire']",Black,"[2, 1, 0]",3,fil
3148,"Help! Crime and Other reported, green. Please respond. pls","['Crime', 'Other']",Green,"[1, 5]",0,tl
3149,"Suspicious package, nag-evacuate na!",['Other'],Yellow,[5],1,tl
3150,"Urgent! Fire plus Natural Disaster, red! Please respond!","['Fire', 'Natural Disaster']",Red,"[0, 4]",2,fil
3151,"Sir Riot, may baril at Crime and Other reported, green.","['Crime', 'Other']",Red,"[1, 5]",2,fil
3152,"Sir Rollover, critical ang pasahero at Medical and Natural Disaster reported, green.","['Accident', 'Medical', 'Natural Disaster']",Red,"[2, 3, 4]",2,fil
3153,"Tulong! Nasunog ang bahay, may namatay na. Bilisan po. pls",['Fire'],Black,[0],3,fil
3154,"May accident at other, yellow. ASAP. pls","['Accident', 'Other']",Yellow,"[2, 5]",1,fil
3155,"Help! May crime at natural disaster, green. ASAP. pls","['Crime', 'Natural Disaster']",Green,"[1, 4]",0,fil
3156,"Help at Ma'am May patay sa shooting, wala nang pulso.","['Accident', 'Crime', 'Medical']",Black,"[2, 1, 3]",3,fil
3157,"Urgent at Other and Fire reported, yellow.","['Fire', 'Medical', 'Other']",Yellow,"[0, 3, 5]",1,tl
3158,"Car crash, may injured at Robbery, may baril ang suspect.","['Accident', 'Crime']",Yellow,"[2, 1]",1,fil
3159,"Urgent! May medical at crime, red! Please respond!","['Medical', 'Crime']",Red,"[3, 1]",2,fil
3160,"Accident and Medical reported, yellow at Flash flood, maraming hindi makalabas.","['Accident', 'Medical', 'Natural Disaster']",Red,"[2, 3, 4]",2,fil
3161,"Urgent! Natural Disaster and Fire reported, green. pls","['Natural Disaster', 'Fire']",Green,"[4, 0]",0,fil
3162,"Ma'am May nagnakaw ng cellphone, nakita na namin ang suspect at Boss May usok sa kusina pero walang apoy pa, safe naman.","['Crime', 'Fire']",Green,"[1, 0]",0,fil
3163,"Help! Storm damage sa bubong, minor lang. ASAP. pls",['Natural Disaster'],Green,[4],0,fil
3164,"Urgent! May medical at crime, black. ASAP. pls","['Medical', 'Crime']",Black,"[3, 1]",3,fil
3165,"May crime at accident, black! Please respond!","['Crime', 'Accident']",Black,"[1, 2]",3,fil
3166,"Boss Nasusunog yung tindahan, may nasugatan at Urgent.","['Accident', 'Crime', 'Fire']",Yellow,"[2, 1, 0]",1,fil
3167,"Ma'am Malubhang banggaan, may hindi humihinga at Tulong.","['Accident', 'Other']",Red,"[2, 5]",2,fil
3168,"Urgent! Fire victim, no pulse na po. Please respond. pls",['Fire'],Black,[0],3,fil
3169,"Emergency at Sir May usok sa kusina pero walang apoy pa, safe naman.","['Crime', 'Fire']",Red,"[1, 0]",2,fil
3170,"May accident at other, green at Help.","['Accident', 'Crime', 'Other']",Red,"[2, 1, 5]",2,tl
3171,"Medical plus Natural Disaster, black! ASAP!","['Medical', 'Natural Disaster']",Black,"[3, 4]",3,fil
3172,"May accident at fire, red! Please respond!","['Accident', 'Fire']",Red,"[2, 0]",2,fil
3173,"Boss Holdap sa jeep, may nasaksak at Storm damage sa bubong, minor lang.","['Crime', 'Natural Disaster']",Yellow,"[1, 4]",1,fil
3174,"Help! Other and Fire reported, green! ASAP!","['Other', 'Fire']",Green,"[5, 0]",0,fil
3175,"May binaril, malubha at May fire at natural disaster, yellow.","['Crime', 'Fire', 'Natural Disaster']",Red,"[1, 0, 4]",2,fil
3176,"May patay sa sunog, hindi na humihinga. pls",['Fire'],Black,[0],3,fil
3177,"Help! Fire plus Other, green. ASAP. pls","['Fire', 'Other']",Green,"[0, 5]",0,tl
3178,"Help! Natural Disaster and Fire reported, black. pls","['Natural Disaster', 'Fire']",Black,"[4, 0]",3,fil
3179,"May accident at other, yellow at Sir Baha na, tumataas ang tubig.","['Accident', 'Natural Disaster', 'Other']",Yellow,"[2, 4, 5]",1,fil
3180,"Boss May patay sa sunog, hindi na humihinga at Urgent.","['Accident', 'Fire']",Black,"[2, 0]",3,fil
3181,"Missing person, hinahanap pa at Urgent.","['Accident', 'Medical', 'Other']",Red,"[2, 3, 5]",2,fil
3182,"Tulong! Motor naaksidente, nasugatan ang driver..",['Accident'],Yellow,[2],1,fil
3183,"Urgent! May fire at accident, red!","['Fire', 'Accident']",Red,"[0, 2]",2,tl
3184,"Emergency! May binaril, malubha! Padala agad!",['Crime'],Red,[1],2,fil
3185,"Sir May nagnakaw ng cellphone, nakita na namin ang suspect. Bilisan.",['Crime'],Green,[1],0,fil
3186,"Natural Disaster plus Medical, black at Accident plus Crime, green.","['Accident', 'Crime', 'Medical', 'Natural Disaster']",Black,"[2, 1, 3, 4]",3,fil
3187,"Tulong at Crime and Fire reported, red.","['Crime', 'Fire']",Black,"[1, 0]",3,fil
3188,"Boss May namatay sa baha, nakita ang bangkay at Help.","['Accident', 'Natural Disaster', 'Other']",Black,"[2, 4, 5]",3,fil
3189,"May other at crime, red at Crime and Other reported, yellow.","['Crime', 'Other']",Red,"[1, 5]",2,fil
3190,"Boss May usok sa kusina pero walang apoy pa, safe naman at Emergency.","['Crime', 'Fire']",Black,"[1, 0]",3,fil
3191,"Sir Baha na, tumataas ang tubig at Holdap sa jeep, may nasaksak.","['Crime', 'Natural Disaster']",Yellow,"[1, 4]",1,fil
3192,"Sunog sa factory, maraming workers pa sa loob at Pinatay ang biktima, deceased na.","['Crime', 'Fire']",Black,"[1, 0]",3,fil
3193,"Ma'am Pinatay ang biktima, deceased na. Bilisan po. pls",['Crime'],Black,[1],3,fil
3194,"Accident plus Other, red at Medical and Crime reported, black.","['Accident', 'Crime', 'Medical', 'Other']",Black,"[2, 1, 3, 5]",3,tl
3195,"May bata nawawala pa, kailangan ng tulong at Urgent.","['Crime', 'Natural Disaster', 'Other']",Red,"[1, 4, 5]",2,fil
3196,"Truck accident, people trapped at Boss Nakita ang bangkay sa ilog.","['Accident', 'Other']",Black,"[2, 5]",3,fil
3197,"Urgent! Crime and Medical reported, red. Please respond. pls","['Crime', 'Medical']",Red,"[1, 3]",2,tl
3198,"Ma'am Malubhang banggaan, may hindi humihinga at Building burning, may tao pa sa loob.","['Accident', 'Fire']",Red,"[2, 0]",2,fil
3199,"Urgent at Accident and Medical reported, yellow.","['Accident', 'Medical']",Yellow,"[2, 3]",1,tl
3200,"Nakita ang bangkay sa ilog at Building burning, may tao pa sa loob.","['Fire', 'Other']",Black,"[0, 5]",3,fil
3201,"Boss Assault, kailangan ng ambulance! Bilisan po!",['Crime'],Yellow,[1],1,fil
3202,"Sir Holdap may baril, may nasaktan! pls. pls",['Crime'],Red,[1],2,fil
3203,"Other plus Accident, green at Medical and Natural Disaster reported, yellow.","['Accident', 'Medical', 'Natural Disaster', 'Other']",Yellow,"[2, 3, 4, 5]",1,fil
3204,"Fire victim, no pulse na po. pls",['Fire'],Black,[0],3,fil
3205,"May other at fire, black at Tulong.","['Fire', 'Other']",Black,"[0, 5]",3,fil
3206,"Help! Fire and Crime reported, green. pls","['Fire', 'Crime']",Green,"[0, 1]",0,tl
3207,"Urgent! Crime plus Natural Disaster, red! ASAP!","['Crime', 'Natural Disaster']",Red,"[1, 4]",2,fil
3208,"Help at Sir May namatay sa baha, nakita ang bangkay.","['Crime', 'Natural Disaster', 'Other']",Black,"[1, 4, 5]",3,fil
3209,"Boss Holdap sa jeep, may nasaksak. pls. pls",['Crime'],Yellow,[1],1,fil
3210,"Help at May natural disaster at crime, black.","['Accident', 'Crime', 'Natural Disaster']",Black,"[2, 1, 4]",3,fil
3211,"May natural disaster at crime, yellow at Urgent.","['Accident', 'Crime', 'Natural Disaster']",Yellow,"[2, 1, 4]",1,fil
3212,"Urgent! May crime at fire, black!","['Crime', 'Fire']",Black,"[1, 0]",3,tl
3213,"Help at May accident at medical, red.","['Accident', 'Crime', 'Medical']",Black,"[2, 1, 3]",3,tl
3214,"Emergency at Crime and Fire reported, yellow.","['Accident', 'Crime', 'Fire']",Yellow,"[2, 1, 0]",1,tl
3215,"Crime plus Medical, green! Please respond!","['Crime', 'Medical']",Green,"[1, 3]",0,tl
3216,"Natural Disaster plus Accident, yellow at Boss Nasusunog yung tindahan, may nasugatan.","['Accident', 'Fire', 'Natural Disaster']",Yellow,"[2, 0, 4]",1,fil
3217,"Help! Fire and Accident reported, red! Please respond!","['Fire', 'Accident']",Red,"[0, 2]",2,tl
3218,"Urgent! Fire and Accident reported, red!","['Fire', 'Accident']",Red,"[0, 2]",2,tl
3219,"Medical and Fire reported, yellow at Malakas na sunog, hindi makahinga ang mga tao.","['Fire', 'Medical']",Red,"[0, 3]",2,fil
3220,"Medical plus Natural Disaster, yellow at Bagyo wasak ang bubong, may injured.","['Medical', 'Natural Disaster']",Yellow,"[3, 4]",1,fil
3221,"Help! May crime at other, green. ASAP. pls","['Crime', 'Other']",Green,"[1, 5]",0,fil
3222,"Urgent at Landslide, may na-bury na tao.","['Crime', 'Natural Disaster', 'Other']",Red,"[1, 4, 5]",2,fil
3223,"Boss Holdap may baril, may nasaktan at Other and Medical reported, black.","['Crime', 'Medical', 'Other']",Black,"[1, 3, 5]",3,fil
3224,"Truck nasagasaan ang tao, kailangan ng ambulance at Ma'am Hindi humihinga ang tao, CPR needed.","['Accident', 'Medical']",Red,"[2, 3]",2,fil
3225,"Tulong at Crime plus Accident, green.","['Accident', 'Crime']",Black,"[2, 1]",3,tl
3226,"Help! Natural Disaster plus Medical, black. ASAP. pls","['Natural Disaster', 'Medical']",Black,"[4, 3]",3,fil
3227,"May natural disaster at crime, yellow! ASAP!","['Natural Disaster', 'Crime']",Yellow,"[4, 1]",1,fil
3228,"House fire, need help at Help.","['Accident', 'Crime', 'Fire']",Black,"[2, 1, 0]",3,tl
3229,"May fire at other, red at Boss Nasusunog yung tindahan, may nasugatan.","['Fire', 'Other']",Red,"[0, 5]",2,fil
3230,"May bugbog, nasugatan ang biktima!",['Crime'],Yellow,[1],1,fil
3231,"Fire and Crime reported, green at Urgent.","['Accident', 'Crime', 'Fire']",Red,"[2, 1, 0]",2,tl
3232,"Help at Boss May namatay sa baha, nakita ang bangkay.","['Crime', 'Medical', 'Natural Disaster']",Black,"[1, 3, 4]",3,fil
3233,"Stabbing, critical condition at Ma'am Rollover, critical ang pasahero.","['Accident', 'Crime']",Red,"[2, 1]",2,fil
3234,"Bagyo wasak ang bubong, may injured at May accident at fire, red.","['Accident', 'Fire', 'Natural Disaster']",Red,"[2, 0, 4]",2,fil
3235,"May other at natural disaster, black. ASAP. pls","['Other', 'Natural Disaster']",Black,"[5, 4]",3,fil
3236,"Help! Landslide victim, deceased na!",['Natural Disaster'],Black,[4],3,tl
3237,"Help! Mild allergic reaction, stable na!",['Medical'],Green,[3],0,tl
3238,"May accident at crime, red at Boss May nanganak na, critical.","['Accident', 'Crime', 'Medical']",Red,"[2, 1, 3]",2,fil
3239,"Help! May natural disaster at fire, yellow!","['Natural Disaster', 'Fire']",Yellow,"[4, 0]",1,fil
3240,"Emergency! May nanganak na, critical! Bilisan po!",['Medical'],Red,[3],2,fil
3241,"Sir May usok sa kusina pero walang apoy pa, safe naman at Help.","['Crime', 'Fire', 'Medical']",Red,"[1, 0, 3]",2,fil
3242,"Help! Fire and Natural Disaster reported, black! Please respond!","['Fire', 'Natural Disaster']",Black,"[0, 4]",3,fil
3243,"Urgent! Fire plus Other, green! Please respond!","['Fire', 'Other']",Green,"[0, 5]",0,tl
3244,"Crime and Medical reported, black! ASAP!","['Crime', 'Medical']",Black,"[1, 3]",3,fil
3245,"Medical plus Other, yellow. Please respond. pls","['Medical', 'Other']",Yellow,"[3, 5]",1,tl
3246,"Sir Landslide, may na-bury na tao! Bilisan po!",['Natural Disaster'],Red,[4],2,fil
3247,"Ma'am May namatay sa aksidente, wala nang pulso at Hindi humihinga ang tao, CPR needed.","['Accident', 'Medical']",Black,"[2, 3]",3,fil
3248,"Urgent at Hindi humihinga ang tao, CPR needed.","['Crime', 'Medical', 'Natural Disaster']",Red,"[1, 3, 4]",2,fil
3249,"Sunog sa factory, maraming workers pa sa loob! pls",['Fire'],Red,[0],2,fil
3250,"Help! Accident plus Natural Disaster, green! Please respond!","['Accident', 'Natural Disaster']",Green,"[2, 4]",0,fil
3251,"Sir Hostage situation, may kutsilyo at Urgent.","['Crime', 'Natural Disaster']",Black,"[1, 4]",3,tl
3252,"Severe bleeding, malakas ang dugo! Padala agad!",['Medical'],Red,[3],2,fil
3253,"Urgent! May crime at natural disaster, green. pls","['Crime', 'Natural Disaster']",Green,"[1, 4]",0,fil
3254,"Urgent at Crime plus Accident, green.","['Accident', 'Crime', 'Fire']",Yellow,"[2, 1, 0]",1,tl
3255,"Missing person found deceased at May sunog sa bahay, may tao na trap sa loob.","['Fire', 'Other']",Black,"[0, 5]",3,fil
3256,"Tulong! Holdap may baril, may nasaktan! Padala agad!",['Crime'],Red,[1],2,fil
3257,"Emergency! Rollover, critical ang pasahero!.",['Accident'],Red,[2],2,fil
3258,"Help! Medical and Accident reported, black! ASAP!","['Medical', 'Accident']",Black,"[3, 2]",3,fil
3259,"Tulong! Rollover, critical ang pasahero!.",['Accident'],Red,[2],2,fil
3260,"Fatal stabbing, victim pronounced dead at Urgent.","['Crime', 'Other']",Black,"[1, 5]",3,tl
3261,"Mild allergic reaction, stable na at Truck accident, people trapped.","['Accident', 'Medical']",Red,"[2, 3]",2,tl
3262,"Help at Car accident, no injuries reported.","['Accident', 'Medical', 'Other']",Black,"[2, 3, 5]",3,tl
3263,"Boss Sunog sa factory, maraming workers pa sa loob at Hit and run, victim needs treatment.","['Accident', 'Fire']",Red,"[2, 0]",2,fil
3264,Help at Malakas ang ulan pero ok pa naman.,"['Crime', 'Fire', 'Natural Disaster']",Green,"[1, 0, 4]",0,fil
3265,"Medical and Crime reported, black at Help.","['Crime', 'Medical', 'Natural Disaster']",Black,"[1, 3, 4]",3,tl
3266,"Sir Bangga ng kotse sa parking, walang sugat at Drowning victim, no pulse.","['Accident', 'Natural Disaster']",Black,"[2, 4]",3,fil
3267,"Fire and Other reported, black at Tulong.","['Accident', 'Fire', 'Other']",Black,"[2, 0, 5]",3,fil
3268,"Kitchen fire, napatay na namin at Crime and Other reported, green.","['Crime', 'Fire', 'Other']",Green,"[1, 0, 5]",0,fil
3269,"Help! Fire and Natural Disaster reported, black. pls","['Fire', 'Natural Disaster']",Black,"[0, 4]",3,fil
3270,"Boss Nasagasaan, patay na po at Natural Disaster and Fire reported, green.","['Accident', 'Fire', 'Natural Disaster']",Black,"[2, 0, 4]",3,fil
3271,"Boss May sunog sa bahay, kailangan ng fire truck at May crime at other, green.","['Crime', 'Fire', 'Other']",Yellow,"[1, 0, 5]",1,fil
3272,"Emergency at No signs of life, patay na po.","['Medical', 'Natural Disaster']",Black,"[3, 4]",3,fil
3273,May smoke sa bahay pero minor lang po. pls,['Fire'],Green,[0],0,fil
3274,"Tulong! May namatay sa baha, nakita ang bangkay. Bilisan po. pls",['Natural Disaster'],Black,[4],3,fil
3275,"Accident plus Other, red at Help.","['Accident', 'Other']",Black,"[2, 5]",3,tl
3276,"Brownout, walang kuryente!",['Other'],Green,[5],0,fil
3277,"Fire victim, no pulse na po at Tulong.","['Crime', 'Fire']",Black,"[1, 0]",3,fil
3278,"Urgent! Car crash, may injured. ASAP. pls",['Accident'],Yellow,[2],1,fil
3279,"Natural Disaster plus Other, black at Urgent.","['Accident', 'Fire', 'Natural Disaster', 'Other']",Black,"[2, 0, 4, 5]",3,fil
3280,"Urgent at Crime and Fire reported, red.","['Crime', 'Fire', 'Natural Disaster']",Black,"[1, 0, 4]",3,tl
3281,"Emergency! Bangga ng kotse sa parking, walang sugat! pls!",['Accident'],Green,[2],0,fil
3282,"Shooting incident, severe bleeding at Urgent.","['Crime', 'Medical', 'Other']",Red,"[1, 3, 5]",2,tl
3283,"Bangga ng kotse sa parking, walang sugat!",['Accident'],Green,[2],0,fil
3284,"Ma'am May nagnakaw ng cellphone, nakita na namin ang suspect. pls",['Crime'],Green,[1],0,fil
3285,"Ma'am May namatay sa aksidente, wala nang pulso at May patay sa shooting, wala nang pulso.","['Accident', 'Crime']",Black,"[2, 1]",3,fil
3286,May smoke sa bahay pero minor lang po!,['Fire'],Green,[0],0,fil
3287,"Ma'am May namatay sa aksidente, wala nang pulso! pls!",['Accident'],Black,[2],3,fil
3288,"Medical and Natural Disaster reported, green at Ma'am May nahihirapang huminga, asthmatic.","['Medical', 'Natural Disaster']",Yellow,"[3, 4]",1,fil
3289,"Boss Motor crash, severe bleeding ang rider! Padala agad!",['Accident'],Red,[2],2,fil
3290,"Boss Nasusunog yung tindahan, may nasugatan at Gas leak reported, minor lang.","['Fire', 'Other']",Yellow,"[0, 5]",1,fil
3291,"Hindi humihinga ang tao, CPR needed at Help.","['Fire', 'Medical', 'Other']",Red,"[0, 3, 5]",2,fil
3292,"Urgent at Child missing, may suspect.","['Fire', 'Medical', 'Other']",Red,"[0, 3, 5]",2,fil
3293,"Ma'am Minor collision sa kalsada, gasgas lang at Natural Disaster plus Medical, black.","['Accident', 'Medical', 'Natural Disaster']",Black,"[2, 3, 4]",3,fil
3294,"Brownout, walang kuryente at Emergency.","['Medical', 'Other']",Red,"[3, 5]",2,fil
3295,"Urgent! Other plus Accident, green!","['Other', 'Accident']",Green,"[5, 2]",0,tl
3296,"Help at Hit and run, victim needs treatment.","['Accident', 'Crime']",Yellow,"[2, 1]",1,tl
3297,"Crime plus Medical, black at Help.","['Crime', 'Fire', 'Medical']",Black,"[1, 0, 3]",3,tl
3298,"May nanganak na, critical at Help.","['Accident', 'Fire', 'Medical']",Black,"[2, 0, 3]",3,fil
3299,"Pinatay ang biktima, deceased na at Nasagasaan, patay na po.","['Accident', 'Crime']",Black,"[2, 1]",3,fil
3300,"Help! May crime at accident, yellow. pls","['Crime', 'Accident']",Yellow,"[1, 2]",1,tl
3301,"Urgent! Storm damage sa bubong, minor lang!",['Natural Disaster'],Green,[4],0,fil
3302,"Elderly collapsed, needs treatment soon at Help.","['Medical', 'Other']",Yellow,"[3, 5]",1,tl
3303,"Urgent! May crime at fire, yellow. pls","['Crime', 'Fire']",Yellow,"[1, 0]",1,tl
3304,"Structure fire, may bata na naiwan at Urgent.","['Fire', 'Other']",Red,"[0, 5]",2,fil
3305,"Urgent at Fire and Medical reported, red.","['Crime', 'Fire', 'Medical', 'Natural Disaster']",Red,"[1, 0, 3, 4]",2,tl
3306,"Help! Natural Disaster plus Accident, black. Please respond. pls","['Natural Disaster', 'Accident']",Black,"[4, 2]",3,fil
3307,"Help! May crime at other, red. pls","['Crime', 'Other']",Red,"[1, 5]",2,tl
3308,"Crime and Fire reported, red at Fire and Accident reported, yellow.","['Accident', 'Crime', 'Fire']",Red,"[2, 1, 0]",2,tl
3309,"Urgent at Natural Disaster and Fire reported, yellow.","['Fire', 'Medical', 'Natural Disaster']",Red,"[0, 3, 4]",2,fil
3310,"Flooding, need evacuation at Help.","['Crime', 'Medical', 'Natural Disaster']",Black,"[1, 3, 4]",3,tl
3311,"Help! Fire and Medical reported, green. Please respond. pls","['Fire', 'Medical']",Green,"[0, 3]",0,tl
3312,"Sir Baha na, tumataas ang tubig at May nanganak na, critical.","['Medical', 'Natural Disaster']",Red,"[3, 4]",2,fil
3313,"Help! Other and Medical reported, green. Please respond. pls","['Other', 'Medical']",Green,"[5, 3]",0,tl
3314,"Ma'am Flash flood, maraming hindi makalabas! Bilisan.",['Natural Disaster'],Red,[4],2,fil
3315,"Natural Disaster and Crime reported, red at Car crash, may injured.","['Accident', 'Crime', 'Natural Disaster']",Red,"[2, 1, 4]",2,fil
3316,"Fire plus Other, yellow. Please respond. pls","['Fire', 'Other']",Yellow,"[0, 5]",1,tl
3317,"Crime plus Fire, black at Structure fire, may bata na naiwan.","['Crime', 'Fire']",Black,"[1, 0]",3,fil
3318,"Fire plus Natural Disaster, yellow at Urgent.","['Crime', 'Fire', 'Natural Disaster', 'Other']",Yellow,"[1, 0, 4, 5]",1,fil
3319,"Ma'am Pinatay ang biktima, deceased na! Bilisan po!",['Crime'],Black,[1],3,fil
3320,"Boss Nakita ang bangkay sa ilog at May fire at medical, red.","['Fire', 'Medical', 'Other']",Black,"[0, 3, 5]",3,fil
3321,"Help at Sir Holdap may baril, may nasaktan.","['Crime', 'Fire', 'Other']",Black,"[1, 0, 5]",3,fil
3322,"Fire plus Natural Disaster, yellow at Ma'am Holdap sa jeep, may nasaksak.","['Crime', 'Fire', 'Natural Disaster']",Yellow,"[1, 0, 4]",1,fil
3323,"Help at Walang pulso, deceased na.","['Crime', 'Fire', 'Medical']",Black,"[1, 0, 3]",3,fil
3324,"Sir Sunog sa bodega, malakas na ang apoy at Urgent.","['Fire', 'Other']",Red,"[0, 5]",2,fil
3325,"Urgent! Natural Disaster plus Accident, yellow. pls","['Natural Disaster', 'Accident']",Yellow,"[4, 2]",1,fil
3326,"Tulong! Rollover, critical ang pasahero! pls!",['Accident'],Red,[2],2,fil
3327,"Malakas na sunog, hindi makahinga ang mga tao at No signs of life, patay na po.","['Fire', 'Medical']",Black,"[0, 3]",3,fil
3328,"Help at Crime plus Fire, black.","['Crime', 'Fire', 'Medical', 'Natural Disaster']",Black,"[1, 0, 3, 4]",3,tl
3329,"Medical and Accident reported, black at Tulong.","['Accident', 'Crime', 'Medical']",Black,"[2, 1, 3]",3,fil
3330,"Medical and Crime reported, black. ASAP. pls","['Medical', 'Crime']",Black,"[3, 1]",3,fil
3331,"Crime plus Fire, black at Nasagasaan, patay na po.","['Accident', 'Crime', 'Fire']",Black,"[2, 1, 0]",3,fil
3332,"Sir Hostage situation, may kutsilyo! Bilisan po!",['Crime'],Red,[1],2,fil
3333,"Urgent! Fire and Accident reported, red. pls","['Fire', 'Accident']",Red,"[0, 2]",2,tl
3334,"Help! Accident and Fire reported, yellow! Please respond!","['Accident', 'Fire']",Yellow,"[2, 0]",1,tl
3335,"Drowning victim, no pulse at Sir Assault, kailangan ng ambulance.","['Crime', 'Natural Disaster']",Black,"[1, 4]",3,fil
3336,"Robbery, may baril ang suspect. pls",['Crime'],Yellow,[1],1,fil
3337,"Ma'am Flash flood, maraming hindi makalabas at Crime and Other reported, yellow.","['Crime', 'Natural Disaster', 'Other']",Red,"[1, 4, 5]",2,fil
3338,"May other at accident, yellow at Urgent.","['Accident', 'Fire', 'Other']",Red,"[2, 0, 5]",2,tl
3339,"Boss Walang pulso, deceased na at Sir Sunog sa factory, maraming workers pa sa loob.","['Fire', 'Medical']",Black,"[0, 3]",3,fil
3340,"Boss Nasagasaan, patay na po at Help.","['Accident', 'Crime', 'Natural Disaster']",Black,"[2, 1, 4]",3,fil
3341,"Help at Hostage situation, may kutsilyo.","['Accident', 'Crime', 'Fire']",Red,"[2, 1, 0]",2,tl
3342,"Urgent! Crime and Accident reported, black!","['Crime', 'Accident']",Black,"[1, 2]",3,tl
3343,"Storm surge, kailangan ng rescue at Help.","['Natural Disaster', 'Other']",Yellow,"[4, 5]",1,fil
3344,"Help! Crime and Fire reported, red! ASAP!","['Crime', 'Fire']",Red,"[1, 0]",2,fil
3345,"Tulong at Boss May usok sa kusina pero walang apoy pa, safe naman.","['Crime', 'Fire']",Green,"[1, 0]",0,fil
3346,"Ma'am Riot sa rally, may nasugatan at Urgent.","['Crime', 'Other']",Black,"[1, 5]",3,fil
3347,"Help at May crime at other, green.","['Accident', 'Crime', 'Other']",Black,"[2, 1, 5]",3,tl
3348,"Urgent! Medical and Crime reported, green! Please respond!","['Medical', 'Crime']",Green,"[3, 1]",0,tl
3349,May baha pero mababa pa at Urgent.,"['Accident', 'Fire', 'Natural Disaster']",Red,"[2, 0, 4]",2,tl
3350,"Fire and Accident reported, red at Urgent.","['Accident', 'Crime', 'Fire']",Black,"[2, 1, 0]",3,tl
3351,"Crime plus Accident, green! ASAP!","['Crime', 'Accident']",Green,"[1, 2]",0,tl
3352,"Riot, may baril! pls",['Other'],Red,[5],2,tl
3353,"Boss Holdap sa jeep, may nasaksak at Help.","['Crime', 'Fire', 'Medical']",Yellow,"[1, 0, 3]",1,fil
3354,"Fire plus Natural Disaster, red. ASAP. pls","['Fire', 'Natural Disaster']",Red,"[0, 4]",2,fil
3355,"Urgent at Crime and Medical reported, black.","['Crime', 'Medical']",Black,"[1, 3]",3,tl
3356,"May other at accident, green. ASAP. pls","['Other', 'Accident']",Green,"[5, 2]",0,fil
3357,"Ma'am Motor naaksidente, nasugatan ang driver at May nag-attempt ng break-in, na-scare off na.","['Accident', 'Crime']",Yellow,"[2, 1]",1,fil
3358,"Boss May baha pero mababa pa at Accident plus Crime, black.","['Accident', 'Crime', 'Natural Disaster']",Black,"[2, 1, 4]",3,tl
3359,"Urgent! Other and Crime reported, yellow. Please respond. pls","['Other', 'Crime']",Yellow,"[5, 1]",1,tl
3360,"Tulong! Motor naaksidente, nasugatan ang driver. Bilisan po. pls",['Accident'],Yellow,[2],1,fil
3361,"Urgent at Sir Riot, may baril.","['Fire', 'Natural Disaster', 'Other']",Black,"[0, 4, 5]",3,tl
3362,"Help at Medical and Other reported, green.","['Medical', 'Other']",Yellow,"[3, 5]",1,tl
3363,"Tulong! Rollover, critical ang pasahero! Padala agad!",['Accident'],Red,[2],2,fil
3364,"Gas leak reported, minor lang at Urgent.","['Natural Disaster', 'Other']",Black,"[4, 5]",3,fil
3365,"Walang pulso, deceased na. pls",['Medical'],Black,[3],3,fil
3366,"Urgent at May nagnakaw ng cellphone, nakita na namin ang suspect.","['Crime', 'Medical', 'Natural Disaster']",Black,"[1, 3, 4]",3,fil
3367,"Sunog sa factory, maraming workers pa sa loob at Crime plus Medical, green.","['Crime', 'Fire', 'Medical']",Red,"[1, 0, 3]",2,fil
3368,"May namatay sa aksidente, wala nang pulso at Help.","['Accident', 'Medical']",Black,"[2, 3]",3,fil
3369,"Help at Malakas na sunog, hindi makahinga ang mga tao.","['Crime', 'Fire', 'Other']",Black,"[1, 0, 5]",3,fil
3370,"Sir Malubhang banggaan, may hindi humihinga at Overdose, not breathing.","['Accident', 'Medical']",Red,"[2, 3]",2,fil
3371,"Other and Fire reported, yellow at Help.","['Fire', 'Natural Disaster', 'Other']",Yellow,"[0, 4, 5]",1,tl
3372,"Crime plus Medical, black at Sir May sunog sa bahay, kailangan ng fire truck.","['Crime', 'Fire', 'Medical']",Black,"[1, 0, 3]",3,fil
3373,"Flash flood, maraming hindi makalabas at May accident at medical, green.","['Accident', 'Medical', 'Natural Disaster']",Red,"[2, 3, 4]",2,fil
3374,"Diabetic, low sugar lang, na-revive na. ASAP. pls",['Medical'],Green,[3],0,fil
3375,"Tulong at Natural Disaster and Medical reported, black.","['Accident', 'Medical', 'Natural Disaster']",Black,"[2, 3, 4]",3,fil
3376,"Help! May other at accident, red!","['Other', 'Accident']",Red,"[5, 2]",2,tl
3377,"May nag-attempt ng break-in, na-scare off na at Help.","['Crime', 'Medical']",Black,"[1, 3]",3,fil
3378,"Structure fire, may bata na naiwan at Missing person found deceased.","['Fire', 'Other']",Black,"[0, 5]",3,fil
3379,"May accident at other, green at Fire and Natural Disaster reported, black.","['Accident', 'Fire', 'Natural Disaster', 'Other']",Black,"[2, 0, 4, 5]",3,fil
3380,"Urgent at Suspicious package, nag-evacuate na.","['Fire', 'Natural Disaster', 'Other']",Black,"[0, 4, 5]",3,tl
3381,"Robbery, may baril ang suspect at May usok sa kusina pero walang apoy pa, safe naman.","['Crime', 'Fire']",Yellow,"[1, 0]",1,fil
3382,"Fatal stabbing, victim pronounced dead at Accident plus Other, red.","['Accident', 'Crime', 'Other']",Black,"[2, 1, 5]",3,tl
3383,"May other at accident, yellow at Diabetic, low sugar lang, na-revive na.","['Accident', 'Medical', 'Other']",Yellow,"[2, 3, 5]",1,fil
3384,"Boss Bagyo wasak ang bubong, may injured at Building burning, may tao pa sa loob.","['Fire', 'Natural Disaster']",Yellow,"[0, 4]",1,fil
3385,"May fire at other, green at Emergency.","['Crime', 'Fire', 'Other']",Black,"[1, 0, 5]",3,tl
3386,"Nasagasaan, patay na po at Boss Baha mataas na, may tao na trap sa bubong.","['Accident', 'Natural Disaster']",Black,"[2, 4]",3,fil
3387,"May nagnakaw ng cellphone, nakita na namin ang suspect at Severe bleeding, malakas ang dugo.","['Crime', 'Medical']",Red,"[1, 3]",2,fil
3388,"Fatal crash, driver deceased at Urgent.","['Accident', 'Crime']",Black,"[2, 1]",3,tl
3389,"Ma'am Riot sa rally, may nasugatan at Sir Baha na, tumataas ang tubig.","['Natural Disaster', 'Other']",Yellow,"[4, 5]",1,fil
3390,"Help at Medical and Accident reported, black.","['Accident', 'Medical', 'Natural Disaster']",Black,"[2, 3, 4]",3,tl
3391,"Ma'am May stroke victim, kailangan agad ng hospital at Motor nadulas pero ok lang, minor lang.","['Accident', 'Medical']",Yellow,"[2, 3]",1,fil
3392,"May nagnakaw ng cellphone, nakita na namin ang suspect at May bata nawawala pa, kailangan ng tulong.","['Crime', 'Other']",Yellow,"[1, 5]",1,fil
3393,"Urgent! May medical at crime, black. Please respond. pls","['Medical', 'Crime']",Black,"[3, 1]",3,fil
3394,"Medical plus Natural Disaster, yellow! ASAP!","['Medical', 'Natural Disaster']",Yellow,"[3, 4]",1,fil
3395,"Medical plus Accident, yellow at Sir May nagnakaw ng cellphone, nakita na namin ang suspect.","['Accident', 'Crime', 'Medical']",Yellow,"[2, 1, 3]",1,fil
3396,"Tulong at Crime plus Other, green.","['Crime', 'Other']",Red,"[1, 5]",2,tl
3397,"Sir Sunog sa bodega, malakas na ang apoy at Crime plus Medical, green.","['Crime', 'Fire', 'Medical']",Yellow,"[1, 0, 3]",1,fil
3398,"May accident at medical, green at Other plus Natural Disaster, black.","['Accident', 'Medical', 'Natural Disaster', 'Other']",Black,"[2, 3, 4, 5]",3,fil
3399,"Urgent! May crime at other, black. ASAP. pls","['Crime', 'Other']",Black,"[1, 5]",3,fil
3400,"Other plus Fire, red at Urgent.","['Fire', 'Medical', 'Natural Disaster', 'Other']",Red,"[0, 3, 4, 5]",2,tl
3401,"May accident at fire, red at May stroke victim, kailangan agad ng hospital.","['Accident', 'Fire', 'Medical']",Red,"[2, 0, 3]",2,fil
3402,"Urgent at May accident at crime, red.","['Accident', 'Crime', 'Other']",Red,"[2, 1, 5]",2,tl
3403,"Sunog sa factory, maraming workers pa sa loob at Nakita ang bangkay sa ilog.","['Fire', 'Other']",Black,"[0, 5]",3,fil
3404,"Ma'am Lindol kanina, may mga nasugatan sa landslide at Urgent.","['Accident', 'Crime', 'Natural Disaster']",Black,"[2, 1, 4]",3,fil
3405,"Urgent at Flooding, need evacuation.","['Natural Disaster', 'Other']",Yellow,"[4, 5]",1,tl
3406,"May fire at other, red at Help.","['Accident', 'Fire', 'Medical', 'Other']",Red,"[2, 0, 3, 5]",2,tl
3407,"May patay sa sunog, hindi na humihinga at Tulong.","['Fire', 'Natural Disaster']",Black,"[0, 4]",3,fil
3408,"Urgent! Accident plus Other, red!","['Accident', 'Other']",Red,"[2, 5]",2,tl
3409,"Help! May natural disaster at other, red!","['Natural Disaster', 'Other']",Red,"[4, 5]",2,fil
3410,"Boss Walang pulso, deceased na. Bilisan.",['Medical'],Black,[3],3,fil
3411,"Help! Other plus Fire, green. ASAP. pls","['Other', 'Fire']",Green,"[5, 0]",0,tl
3412,Ma'am Malakas ang ulan pero ok pa naman at Urgent.,"['Accident', 'Crime', 'Natural Disaster']",Black,"[2, 1, 4]",3,fil
3413,"Storm damage sa bubong, minor lang. pls",['Natural Disaster'],Green,[4],0,fil
3414,"May fire at medical, red. Please respond. pls","['Fire', 'Medical']",Red,"[0, 3]",2,fil
3415,"Sir Baha mataas na, may tao na trap sa bubong at Urgent.","['Accident', 'Natural Disaster', 'Other']",Red,"[2, 4, 5]",2,fil
3416,"Ma'am Riot sa rally, may nasugatan at Boss Holdap may baril, may nasaktan.","['Crime', 'Other']",Red,"[1, 5]",2,fil
3417,"Riot sa rally, may nasugatan. pls",['Other'],Yellow,[5],1,fil
3418,"Sir Sunog sa bodega, malakas na ang apoy! Bilisan po!",['Fire'],Yellow,[0],1,fil
3419,"Help! Natural Disaster plus Other, black! Please respond!","['Natural Disaster', 'Other']",Black,"[4, 5]",3,fil
3420,"Boss Sunog sa bodega, malakas na ang apoy at May fire at natural disaster, yellow.","['Fire', 'Natural Disaster']",Yellow,"[0, 4]",1,fil
3421,"Other and Fire reported, green at Boss May sumakit ang ulo, minor lang.","['Fire', 'Medical', 'Other']",Green,"[0, 3, 5]",0,fil
3422,"Help! Fire victim, no pulse na po!",['Fire'],Black,[0],3,fil
3423,"Crime and Accident reported, yellow at Ma'am Severe bleeding, malakas ang dugo.","['Accident', 'Crime', 'Medical']",Red,"[2, 1, 3]",2,fil
3424,"May fire at natural disaster, yellow at Fire plus Other, green.","['Fire', 'Natural Disaster', 'Other']",Yellow,"[0, 4, 5]",1,fil
3425,"Urgent! Landslide victim, deceased na. pls",['Natural Disaster'],Black,[4],3,tl
3426,"Diabetic, low sugar lang, na-revive na at Crime and Medical reported, black.","['Crime', 'Medical']",Black,"[1, 3]",3,fil
3427,"Sunog sa basurahan lang, konti na lang. Bilisan po. pls",['Fire'],Green,[0],0,fil
3428,"Sir Motor crash, severe bleeding ang rider at Ma'am May namatay sa baha, nakita ang bangkay.","['Accident', 'Natural Disaster']",Black,"[2, 4]",3,fil
3429,"May natural disaster at other, green at Urgent.","['Accident', 'Crime', 'Natural Disaster', 'Other']",Green,"[2, 1, 4, 5]",0,fil
3430,"Fatal crash, driver deceased at Sir Gas leak malakas, may nahimatay.","['Accident', 'Other']",Black,"[2, 5]",3,fil
3431,"Sir Nasunog ang bahay, may namatay na. Bilisan po. pls",['Fire'],Black,[0],3,fil
3432,"Ma'am Flash flood, maraming hindi makalabas! Padala agad!",['Natural Disaster'],Red,[4],2,fil
3433,"Urgent! May accident at crime, yellow! Please respond!","['Accident', 'Crime']",Yellow,"[2, 1]",1,fil
3434,"Fire plus Accident, yellow. ASAP. pls","['Fire', 'Accident']",Yellow,"[0, 2]",1,tl
3435,"Suspicious package, nag-evacuate na at Help.","['Crime', 'Other']",Yellow,"[1, 5]",1,tl
3436,"May crime at fire, yellow at Sir Malubhang banggaan, may hindi humihinga.","['Accident', 'Crime', 'Fire']",Red,"[2, 1, 0]",2,fil
3437,"Urgent! Crime plus Accident, black. ASAP. pls","['Crime', 'Accident']",Black,"[1, 2]",3,tl
3438,Boss Nakita ang bangkay sa ilog at Tulong.,"['Crime', 'Other']",Black,"[1, 5]",3,fil
3439,"Minor collision sa kalsada, gasgas lang at Urgent.","['Accident', 'Crime', 'Medical']",Green,"[2, 1, 3]",0,fil
3440,"Medical plus Natural Disaster, yellow at Emergency.","['Medical', 'Natural Disaster']",Red,"[3, 4]",2,fil
3441,"Tulong! Stampede sa concert, maraming nasaktan! Bilisan po. pls",['Other'],Red,[5],2,fil
3442,"Ma'am Baha na, tumataas ang tubig at Urgent.","['Accident', 'Fire', 'Natural Disaster']",Yellow,"[2, 0, 4]",1,fil
3443,"Accident and Fire reported, red at Other plus Fire, red.","['Accident', 'Fire', 'Other']",Red,"[2, 0, 5]",2,tl
3444,"Tulong at Brownout, walang kuryente.","['Accident', 'Other']",Yellow,"[2, 5]",1,fil
3445,"Motor naaksidente, nasugatan ang driver at Accident and Fire reported, red.","['Accident', 'Fire']",Red,"[2, 0]",2,fil
3446,"Urgent! Hit and run, victim needs treatment!",['Accident'],Yellow,[2],1,tl
3447,"Urgent! Natural Disaster plus Medical, black. Please respond. pls","['Natural Disaster', 'Medical']",Black,"[4, 3]",3,fil
3448,"Help! Accident plus Natural Disaster, green. pls","['Accident', 'Natural Disaster']",Green,"[2, 4]",0,fil
3449,"Medical and Natural Disaster reported, green at Tulong.","['Accident', 'Medical', 'Natural Disaster']",Yellow,"[2, 3, 4]",1,fil
3450,"Help! May crime at fire, black! Please respond!","['Crime', 'Fire']",Black,"[1, 0]",3,fil
3451,"Urgent! Crime and Accident reported, black! ASAP!","['Crime', 'Accident']",Black,"[1, 2]",3,fil
3452,"May accident at fire, yellow at Help.","['Accident', 'Crime', 'Fire']",Black,"[2, 1, 0]",3,tl
3453,"Help! Shooting incident, severe bleeding! Please respond!",['Crime'],Red,[1],2,fil
3454,"Help! Accident and Medical reported, yellow! ASAP!","['Accident', 'Medical']",Yellow,"[2, 3]",1,fil
3455,"Boss May namatay sa aksidente, wala nang pulso at May baha pero mababa pa.","['Accident', 'Natural Disaster']",Black,"[2, 4]",3,fil
3456,"Fire victim, no pulse na po at Crime plus Medical, black.","['Crime', 'Fire', 'Medical']",Black,"[1, 0, 3]",3,fil
3457,"Storm damage sa bubong, minor lang at Sir May sunog sa bahay, kailangan ng fire truck.","['Fire', 'Natural Disaster']",Yellow,"[0, 4]",1,fil
3458,"Boss May namatay sa baha, nakita ang bangkay at Building burning, may tao pa sa loob.","['Fire', 'Natural Disaster']",Black,"[0, 4]",3,fil
3459,"CPR failed, pronounced dead at Urgent.","['Crime', 'Medical', 'Natural Disaster']",Black,"[1, 3, 4]",3,tl
3460,"Tulong at Severe bleeding, malakas ang dugo.","['Fire', 'Medical']",Red,"[0, 3]",2,fil
3461,"Crime plus Accident, green at May natural disaster at crime, yellow.","['Accident', 'Crime', 'Natural Disaster']",Yellow,"[2, 1, 4]",1,fil
3462,Boss Malakas ang ulan pero ok pa naman! Padala agad!,['Natural Disaster'],Green,[4],0,fil
3463,"Sir Hindi humihinga ang tao, CPR needed at Ma'am Sunog sa basurahan lang, konti na lang.","['Fire', 'Medical']",Red,"[0, 3]",2,fil
3464,"Sir Baha na, tumataas ang tubig at Kitchen fire, napatay na namin.","['Fire', 'Natural Disaster']",Yellow,"[0, 4]",1,fil
3465,"Other plus Accident, yellow at Fire plus Accident, green.","['Accident', 'Fire', 'Other']",Yellow,"[2, 0, 5]",1,tl
3466,"Medical and Crime reported, green! ASAP!","['Medical', 'Crime']",Green,"[3, 1]",0,fil
3467,"May fire at other, red at Urgent.","['Fire', 'Natural Disaster', 'Other']",Black,"[0, 4, 5]",3,tl
3468,"Boss Bagyo wasak ang bubong, may injured at Hindi humihinga ang tao, CPR needed.","['Medical', 'Natural Disaster']",Red,"[3, 4]",2,fil
3469,"Medical plus Fire, red at Accident plus Crime, red.","['Accident', 'Crime', 'Fire', 'Medical']",Red,"[2, 1, 0, 3]",2,tl
3470,"CPR failed, pronounced dead at May sunog sa bahay, may tao na trap sa loob.","['Fire', 'Medical']",Black,"[0, 3]",3,fil
3471,"Fire and Medical reported, red at Boss Sunog sa bodega, malakas na ang apoy.","['Fire', 'Medical']",Red,"[0, 3]",2,fil
3472,"Ma'am Malubhang banggaan, may hindi humihinga! Padala agad. pls",['Accident'],Red,[2],2,fil
3473,"Tulong at May stroke victim, kailangan agad ng hospital.","['Medical', 'Natural Disaster']",Yellow,"[3, 4]",1,fil
3474,"Ma'am Landslide, may na-bury na tao! Bilisan.",['Natural Disaster'],Red,[4],2,fil
3475,"Boss May patay sa sunog, hindi na humihinga! pls!",['Fire'],Black,[0],3,fil
3476,"Mild allergic reaction, stable na. ASAP. pls",['Medical'],Green,[3],0,fil
3477,Sir May baha pero mababa pa!,['Natural Disaster'],Green,[4],0,tl
3478,"Accident plus Crime, green at May sunog sa bahay, may tao na trap sa loob.","['Accident', 'Crime', 'Fire']",Red,"[2, 1, 0]",2,fil
3479,"Urgent at House fire, need help.","['Accident', 'Fire', 'Other']",Red,"[2, 0, 5]",2,tl
3480,"May nag-attempt ng break-in, na-scare off na!",['Crime'],Green,[1],0,fil
3481,"Boss Nasusunog yung tindahan, may nasugatan at Emergency.","['Fire', 'Other']",Red,"[0, 5]",2,fil
3482,"Accident and Medical reported, yellow at Mild allergic reaction, stable na.","['Accident', 'Medical']",Yellow,"[2, 3]",1,fil
3483,"Sir May sunog sa bahay, kailangan ng fire truck! Bilisan po!",['Fire'],Yellow,[0],1,fil
3484,"Other and Fire reported, green! ASAP!","['Other', 'Fire']",Green,"[5, 0]",0,fil
3485,"Urgent! Motor nadulas pero ok lang, minor lang! ASAP!",['Accident'],Green,[2],0,fil
3486,"Urgent! Crime plus Other, black!","['Crime', 'Other']",Black,"[1, 5]",3,tl
3487,"Urgent! May medical at natural disaster, red! Please respond!","['Medical', 'Natural Disaster']",Red,"[3, 4]",2,fil
3488,"Sir Baha na, tumataas ang tubig at Ma'am Rollover, critical ang pasahero.","['Accident', 'Natural Disaster']",Red,"[2, 4]",2,fil
3489,"Crime and Other reported, yellow! ASAP!","['Crime', 'Other']",Yellow,"[1, 5]",1,fil
3490,"Crime and Medical reported, black at Other plus Accident, black.","['Accident', 'Crime', 'Medical', 'Other']",Black,"[2, 1, 3, 5]",3,tl
3491,"Gas leak malakas, may nahimatay at Nakawan sa sari-sari store, minor lang.","['Crime', 'Other']",Red,"[1, 5]",2,fil
3492,"Help! May accident at other, green. ASAP. pls","['Accident', 'Other']",Green,"[2, 5]",0,fil
3493,"Suspicious package, nag-evacuate na at Shooting incident, severe bleeding.","['Crime', 'Other']",Red,"[1, 5]",2,fil
3494,"Help at Medical and Crime reported, red.","['Crime', 'Medical']",Red,"[1, 3]",2,tl
3495,"Landslide, may na-bury na tao at Help.","['Fire', 'Natural Disaster']",Black,"[0, 4]",3,fil
3496,"Fire and Medical reported, red at Diabetic, low sugar lang, na-revive na.","['Fire', 'Medical']",Red,"[0, 3]",2,fil
3497,"Crime and Fire reported, yellow at May bugbog, nasugatan ang biktima.","['Crime', 'Fire']",Yellow,"[1, 0]",1,fil
3498,"Crime and Other reported, yellow at Tulong.","['Accident', 'Crime', 'Other']",Red,"[2, 1, 5]",2,fil
3499,"Car crash, may injured! Please respond!",['Accident'],Yellow,[2],1,fil
3500,"Help at Sir Hindi humihinga ang tao, CPR needed.","['Medical', 'Other']",Red,"[3, 5]",2,fil
3501,"Fire and Other reported, black. Please respond. pls","['Fire', 'Other']",Black,"[0, 5]",3,tl
3502,"Emergency at May other at fire, black.","['Fire', 'Other']",Black,"[0, 5]",3,tl
3503,Ma'am Malakas ang ulan pero ok pa naman at Boss Nakita ang bangkay sa ilog.,"['Natural Disaster', 'Other']",Black,"[4, 5]",3,fil
3504,"May fire at other, yellow! Please respond!","['Fire', 'Other']",Yellow,"[0, 5]",1,fil
3505,"Sir Rollover, critical ang pasahero at Urgent.","['Accident', 'Medical', 'Other']",Red,"[2, 3, 5]",2,fil
3506,"Urgent! CPR failed, pronounced dead!",['Medical'],Black,[3],3,tl
3507,"Pinatay ang biktima, deceased na. pls",['Crime'],Black,[1],3,fil
3508,"Help! House fire, need help! ASAP. pls",['Fire'],Yellow,[0],1,tl
3509,"May nag-attempt ng break-in, na-scare off na at May patay sa sunog, hindi na humihinga.","['Crime', 'Fire']",Black,"[1, 0]",3,fil
3510,"Urgent! Crime plus Fire, red. Please respond. pls","['Crime', 'Fire']",Red,"[1, 0]",2,tl
3511,"Urgent! Other and Natural Disaster reported, green!","['Other', 'Natural Disaster']",Green,"[5, 4]",0,fil
3512,"May fire at other, green. ASAP. pls","['Fire', 'Other']",Green,"[0, 5]",0,fil
3513,"Boss Sunog sa basurahan lang, konti na lang at Emergency.","['Fire', 'Medical']",Yellow,"[0, 3]",1,fil
3514,"May baha pero mababa pa at Boss Sunog sa basurahan lang, konti na lang.","['Fire', 'Natural Disaster']",Green,"[0, 4]",0,fil
3515,"Help! Natural Disaster and Crime reported, red. pls","['Natural Disaster', 'Crime']",Red,"[4, 1]",2,fil
3516,"Natural Disaster plus Other, black at Help.","['Natural Disaster', 'Other']",Black,"[4, 5]",3,fil
3517,"Emergency at Sunog sa bodega, malakas na ang apoy.","['Fire', 'Medical']",Black,"[0, 3]",3,fil
3518,"Help at Boss May namatay sa aksidente, wala nang pulso.","['Accident', 'Crime', 'Other']",Black,"[2, 1, 5]",3,fil
3519,"Help! May other at fire, black. Please respond. pls","['Other', 'Fire']",Black,"[5, 0]",3,fil
3520,"Urgent! Small fire sa labas, na-control na! Please respond!",['Fire'],Green,[0],0,fil
3521,"Urgent! Medical and Crime reported, yellow. Please respond. pls","['Medical', 'Crime']",Yellow,"[3, 1]",1,tl
3522,Boss Nakita ang bangkay sa ilog. pls,['Other'],Black,[5],3,fil
3523,"Sir May patay sa sunog, hindi na humihinga at Fire and Natural Disaster reported, black.","['Fire', 'Natural Disaster']",Black,"[0, 4]",3,fil
3524,"Boss Baha na, tumataas ang tubig. Padala agad. pls",['Natural Disaster'],Yellow,[4],1,fil
3525,"Urgent! Other and Medical reported, green! ASAP!","['Other', 'Medical']",Green,"[5, 3]",0,fil
3526,"Medical plus Accident, yellow! ASAP!","['Medical', 'Accident']",Yellow,"[3, 2]",1,tl
3527,"Fire plus Natural Disaster, yellow! ASAP!","['Fire', 'Natural Disaster']",Yellow,"[0, 4]",1,fil
3528,"Car crash, may injured. pls",['Accident'],Yellow,[2],1,tl
3529,"Urgent! Crime and Other reported, yellow. Please respond. pls","['Crime', 'Other']",Yellow,"[1, 5]",1,tl
3530,"Boss Holdap may baril, may nasaktan at Accident plus Crime, black.","['Accident', 'Crime']",Black,"[2, 1]",3,fil
3531,"Emergency at Sir May nagnakaw ng cellphone, nakita na namin ang suspect.","['Crime', 'Fire']",Yellow,"[1, 0]",1,fil
3532,"Urgent! May other at accident, green! Please respond!","['Other', 'Accident']",Green,"[5, 2]",0,fil
3533,"Urgent at May patay sa sunog, hindi na humihinga.","['Accident', 'Fire']",Black,"[2, 0]",3,fil
3534,"Ma'am Brownout, walang kuryente at Fire and Crime reported, green.","['Crime', 'Fire', 'Other']",Green,"[1, 0, 5]",0,fil
3535,"Elderly collapsed, needs treatment soon! Please respond!",['Medical'],Yellow,[3],1,tl
3536,"Crime plus Fire, red at Missing person, hinahanap pa.","['Crime', 'Fire', 'Other']",Red,"[1, 0, 5]",2,fil
3537,"Holdap sa jeep, may nasaksak at Urgent.","['Crime', 'Natural Disaster', 'Other']",Yellow,"[1, 4, 5]",1,fil
3538,"Help! Medical and Natural Disaster reported, green. Please respond. pls","['Medical', 'Natural Disaster']",Green,"[3, 4]",0,fil
3539,Sir May baha pero mababa pa at Sir Nakita ang bangkay sa ilog.,"['Natural Disaster', 'Other']",Black,"[4, 5]",3,fil
3540,"Tulong! Nakawan sa sari-sari store, minor lang!",['Crime'],Green,[1],0,fil
3541,"Urgent at Accident plus Fire, yellow.","['Accident', 'Fire']",Yellow,"[2, 0]",1,tl
3542,"Boss May sunog sa bahay, kailangan ng fire truck at Urgent.","['Accident', 'Fire', 'Medical']",Yellow,"[2, 0, 3]",1,fil
3543,"Urgent at Holdap sa jeep, may nasaksak.","['Crime', 'Other']",Red,"[1, 5]",2,fil
3544,"Boss Bagyo wasak ang bubong, may injured! Padala agad!",['Natural Disaster'],Yellow,[4],1,fil
3545,"Fire and Other reported, black at Urgent.","['Accident', 'Fire', 'Other']",Black,"[2, 0, 5]",3,tl
3546,"Boss Assault, kailangan ng ambulance. Bilisan.",['Crime'],Yellow,[1],1,fil
3547,"Help! May other at fire, black! ASAP!","['Other', 'Fire']",Black,"[5, 0]",3,fil
3548,"Emergency! Heart attack, stable pa pero urgent. pls",['Medical'],Yellow,[3],1,tl
3549,"May medical at fire, yellow at Urgent.","['Crime', 'Fire', 'Medical']",Red,"[1, 0, 3]",2,tl
3550,"Urgent at Medical plus Crime, yellow.","['Crime', 'Medical', 'Natural Disaster']",Yellow,"[1, 3, 4]",1,tl
3551,"May accident at fire, yellow! Please respond!","['Accident', 'Fire']",Yellow,"[2, 0]",1,fil
3552,"Sir Nakita ang bangkay sa ilog at Medical plus Natural Disaster, black.","['Medical', 'Natural Disaster', 'Other']",Black,"[3, 4, 5]",3,fil
3553,"May other at crime, red at Help.","['Crime', 'Other']",Red,"[1, 5]",2,tl
3554,"Medical and Accident reported, black at Medical plus Fire, red.","['Accident', 'Fire', 'Medical']",Black,"[2, 0, 3]",3,tl
3555,"Urgent! Storm surge, kailangan ng rescue! Please respond!",['Natural Disaster'],Yellow,[4],1,fil
3556,"Help! Fire and Other reported, black!","['Fire', 'Other']",Black,"[0, 5]",3,tl
3557,"Help at May sunog sa bahay, may tao na trap sa loob.","['Crime', 'Fire']",Red,"[1, 0]",2,fil
3558,"Sir May namatay sa baha, nakita ang bangkay! Bilisan po!",['Natural Disaster'],Black,[4],3,fil
3559,"Help at May binaril, malubha.","['Crime', 'Fire', 'Other']",Red,"[1, 0, 5]",2,fil
3560,"Fatal stabbing, victim pronounced dead!",['Crime'],Black,[1],3,tl
3561,"Urgent! Fire plus Natural Disaster, red. pls","['Fire', 'Natural Disaster']",Red,"[0, 4]",2,fil
3562,"May baha pero mababa pa at Boss May usok sa kusina pero walang apoy pa, safe naman.","['Fire', 'Natural Disaster']",Green,"[0, 4]",0,fil
3563,"Urgent at Walang pulso, deceased na.","['Crime', 'Medical', 'Other']",Black,"[1, 3, 5]",3,fil
3564,"Flooding, need evacuation. pls",['Natural Disaster'],Yellow,[4],1,tl
3565,"Medical and Natural Disaster reported, yellow! Please respond!","['Medical', 'Natural Disaster']",Yellow,"[3, 4]",1,fil
3566,"May crime at other, red at Help.","['Accident', 'Crime', 'Natural Disaster', 'Other']",Red,"[2, 1, 4, 5]",2,tl
3567,"Heart attack, unconscious! pls",['Medical'],Red,[3],2,tl
3568,"Riot sa rally, may nasugatan at Urgent.","['Accident', 'Fire', 'Other']",Yellow,"[2, 0, 5]",1,fil
3569,"Medical plus Natural Disaster, yellow. Please respond. pls","['Medical', 'Natural Disaster']",Yellow,"[3, 4]",1,fil
3570,"Fire plus Natural Disaster, yellow at Bangga ng kotse sa parking, walang sugat.","['Accident', 'Fire', 'Natural Disaster']",Yellow,"[2, 0, 4]",1,fil
3571,"May hostage sa tindahan, stable pa naman at Flooding, need evacuation.","['Crime', 'Natural Disaster']",Yellow,"[1, 4]",1,fil
3572,"Missing person found deceased at Medical and Natural Disaster reported, green.","['Medical', 'Natural Disaster', 'Other']",Black,"[3, 4, 5]",3,fil
3573,"Bagyo wasak ang bubong, may injured at Medical and Accident reported, black.","['Accident', 'Medical', 'Natural Disaster']",Black,"[2, 3, 4]",3,fil
3574,"Crime and Other reported, green at Urgent.","['Crime', 'Other']",Green,"[1, 5]",0,tl
3575,"Medical plus Fire, red at Boss Sunog sa basurahan lang, konti na lang.","['Fire', 'Medical']",Red,"[0, 3]",2,fil
3576,"Mild allergic reaction, stable na at Bagyo wasak ang bubong, may injured.","['Medical', 'Natural Disaster']",Yellow,"[3, 4]",1,fil
3577,"May crime at accident, black at Help.","['Accident', 'Crime', 'Fire', 'Natural Disaster']",Black,"[2, 1, 0, 4]",3,tl
3578,"Help at Medical and Natural Disaster reported, green.","['Crime', 'Medical', 'Natural Disaster', 'Other']",Black,"[1, 3, 4, 5]",3,fil
3579,"Other and Medical reported, yellow at Urgent.","['Fire', 'Medical', 'Other']",Yellow,"[0, 3, 5]",1,tl
3580,"Fire and Other reported, black at Other and Fire reported, green.","['Fire', 'Other']",Black,"[0, 5]",3,tl
3581,Nakita ang bangkay sa ilog at Help.,"['Fire', 'Medical', 'Other']",Black,"[0, 3, 5]",3,fil
3582,"Urgent at Sir Walang pulso, deceased na.","['Accident', 'Fire', 'Medical']",Black,"[2, 0, 3]",3,fil
3583,"Emergency! Suspicious package, nag-evacuate na! Bilisan po!",['Other'],Yellow,[5],1,fil
3584,"May fire at other, green at May nahihirapang huminga, asthmatic.","['Fire', 'Medical', 'Other']",Yellow,"[0, 3, 5]",1,fil
3585,"May bugbog, nasugatan ang biktima at Severe bleeding, malakas ang dugo.","['Crime', 'Medical']",Red,"[1, 3]",2,fil
3586,"Medical and Other reported, green at Urgent.","['Accident', 'Fire', 'Medical', 'Other']",Green,"[2, 0, 3, 5]",0,tl
3587,"Help! Natural Disaster plus Other, green. Please respond. pls","['Natural Disaster', 'Other']",Green,"[4, 5]",0,fil
3588,"Fire sa apartment, people trapped inside at Help.","['Fire', 'Medical', 'Other']",Red,"[0, 3, 5]",2,tl
3589,"Urgent! Other plus Fire, red. pls","['Other', 'Fire']",Red,"[5, 0]",2,tl
3590,"Nasagasaan, patay na po at Robbery, may baril ang suspect.","['Accident', 'Crime']",Black,"[2, 1]",3,fil
3591,"Other plus Accident, black. Please respond. pls","['Other', 'Accident']",Black,"[5, 2]",3,tl
3592,"May accident at crime, red at Baha na, tumataas ang tubig.","['Accident', 'Crime', 'Natural Disaster']",Red,"[2, 1, 4]",2,fil
3593,"Fire and Other reported, yellow at May accident at other, yellow.","['Accident', 'Fire', 'Other']",Yellow,"[2, 0, 5]",1,fil
3594,"Fire plus Natural Disaster, red at Urgent.","['Accident', 'Fire', 'Natural Disaster', 'Other']",Red,"[2, 0, 4, 5]",2,fil
3595,"Ma'am Lindol kanina, may mga nasugatan sa landslide at Help.","['Fire', 'Natural Disaster']",Red,"[0, 4]",2,fil
3596,"Help! Crime and Natural Disaster reported, green. ASAP. pls","['Crime', 'Natural Disaster']",Green,"[1, 4]",0,fil
3597,"Sunog sa factory, maraming workers pa sa loob at May fire at medical, red.","['Fire', 'Medical']",Red,"[0, 3]",2,fil
3598,"Holdap sa jeep, may nasaksak. pls",['Crime'],Yellow,[1],1,fil
3599,"Truck accident, people trapped at Urgent.","['Accident', 'Medical', 'Natural Disaster']",Black,"[2, 3, 4]",3,tl
3600,"Help at Boss Sunog sa basurahan lang, konti na lang.","['Accident', 'Fire', 'Medical']",Red,"[2, 0, 3]",2,fil
3601,"Natural Disaster plus Medical, black at Ma'am Riot sa rally, may nasugatan.","['Medical', 'Natural Disaster', 'Other']",Black,"[3, 4, 5]",3,fil
3602,"Urgent! Fatal stabbing, victim pronounced dead. pls",['Crime'],Black,[1],3,tl
3603,"Tulong! Jeep tumama sa poste, may pasahero na nasaktan. pls",['Accident'],Yellow,[2],1,fil
3604,"Boss May nanganak na, critical at Emergency.","['Fire', 'Medical']",Red,"[0, 3]",2,fil
3605,"May natural disaster at crime, yellow. ASAP. pls","['Natural Disaster', 'Crime']",Yellow,"[4, 1]",1,fil
3606,"Sir Gas leak malakas, may nahimatay at Help.","['Accident', 'Crime', 'Other']",Black,"[2, 1, 5]",3,fil
3607,"Help! May crime at other, red! ASAP!","['Crime', 'Other']",Red,"[1, 5]",2,fil
3608,"Ma'am Sunog sa basurahan lang, konti na lang at Ma'am Rollover, critical ang pasahero.","['Accident', 'Fire']",Red,"[2, 0]",2,fil
3609,"Sir May stroke victim, kailangan agad ng hospital at Emergency.","['Medical', 'Other']",Yellow,"[3, 5]",1,fil
3610,"Mild allergic reaction, stable na at Other and Crime reported, yellow.","['Crime', 'Medical', 'Other']",Yellow,"[1, 3, 5]",1,fil
3611,"May sunog sa bahay, may tao na trap sa loob at May crime at fire, green.","['Crime', 'Fire']",Red,"[1, 0]",2,fil
3612,"Help! Fire plus Medical, red! ASAP!","['Fire', 'Medical']",Red,"[0, 3]",2,tl
3613,"May fire at medical, red at Medical and Natural Disaster reported, green.","['Fire', 'Medical', 'Natural Disaster']",Red,"[0, 3, 4]",2,fil
3614,"May natural disaster at crime, red at Sir Nakita ang bangkay sa ilog.","['Crime', 'Natural Disaster', 'Other']",Black,"[1, 4, 5]",3,fil
3615,"Sir Assault, kailangan ng ambulance..",['Crime'],Yellow,[1],1,fil
3616,"May other at natural disaster, black at Minor collision sa kalsada, gasgas lang.","['Accident', 'Natural Disaster', 'Other']",Black,"[2, 4, 5]",3,fil
3617,"Malakas ang ulan pero ok pa naman at May nahihirapang huminga, asthmatic.","['Medical', 'Natural Disaster']",Yellow,"[3, 4]",1,fil
3618,"Nakawan sa sari-sari store, minor lang at Malubhang banggaan, may hindi humihinga.","['Accident', 'Crime']",Red,"[2, 1]",2,fil
3619,"Truck nasagasaan ang tao, kailangan ng ambulance. pls",['Accident'],Yellow,[2],1,fil
3620,"Help! May medical at natural disaster, yellow. ASAP. pls","['Medical', 'Natural Disaster']",Yellow,"[3, 4]",1,fil
3621,"Help! Fatal stabbing, victim pronounced dead. pls",['Crime'],Black,[1],3,tl
3622,"Ma'am Malakas ang ulan pero ok pa naman at Other plus Fire, green.","['Fire', 'Natural Disaster', 'Other']",Green,"[0, 4, 5]",0,fil
3623,"Sir Rollover, critical ang pasahero! Bilisan po!",['Accident'],Red,[2],2,fil
3624,"Urgent at May accident at medical, green.","['Accident', 'Fire', 'Medical', 'Natural Disaster']",Black,"[2, 0, 3, 4]",3,tl
3625,"Other plus Accident, black at Urgent.","['Accident', 'Fire', 'Other']",Black,"[2, 0, 5]",3,tl
3626,"Medical plus Crime, red at May hostage sa tindahan, stable pa naman.","['Crime', 'Medical']",Red,"[1, 3]",2,fil
3627,"Other and Crime reported, yellow at Emergency.","['Crime', 'Medical', 'Other']",Black,"[1, 3, 5]",3,tl
3628,"May baha pero mababa pa at May stroke victim, kailangan agad ng hospital.","['Medical', 'Natural Disaster']",Yellow,"[3, 4]",1,fil
3629,"Urgent! Natural Disaster and Crime reported, red! Please respond!","['Natural Disaster', 'Crime']",Red,"[4, 1]",2,fil
3630,"Help! Crime and Other reported, black!","['Crime', 'Other']",Black,"[1, 5]",3,tl
3631,Missing person found deceased at Tulong.,"['Accident', 'Other']",Black,"[2, 5]",3,tl
3632,"Sir Riot sa rally, may nasugatan at Baha mataas na, may tao na trap sa bubong.","['Natural Disaster', 'Other']",Red,"[4, 5]",2,fil
3633,Lost child found na po!,['Other'],Green,[5],0,fil
3634,"Boss Nakita ang bangkay sa ilog at Car accident, no injuries reported.","['Accident', 'Other']",Black,"[2, 5]",3,fil
3635,"Boss Nakita ang bangkay sa ilog at Heart attack, stable pa pero urgent.","['Medical', 'Other']",Black,"[3, 5]",3,fil
3636,"Help at Ma'am Pinatay ang biktima, deceased na.","['Accident', 'Crime', 'Other']",Black,"[2, 1, 5]",3,fil
3637,"Tulong at Motor nadulas pero ok lang, minor lang.","['Accident', 'Crime']",Green,"[2, 1]",0,fil
3638,"Urgent! Accident plus Fire, yellow. Please respond. pls","['Accident', 'Fire']",Yellow,"[2, 0]",1,tl
3639,"May usok sa kusina pero walang apoy pa, safe naman at Help.","['Crime', 'Fire', 'Medical']",Red,"[1, 0, 3]",2,fil
3640,"May binaril, malubha! pls",['Crime'],Red,[1],2,fil
3641,"Medical and Fire reported, yellow at May baha pero mababa pa.","['Fire', 'Medical', 'Natural Disaster']",Yellow,"[0, 3, 4]",1,fil
3642,"Urgent at Boss May stroke victim, kailangan agad ng hospital.","['Accident', 'Fire', 'Medical']",Yellow,"[2, 0, 3]",1,fil
3643,"Holdap may baril, may nasaktan at Sir Malakas ang ulan pero ok pa naman.","['Crime', 'Natural Disaster']",Red,"[1, 4]",2,fil
3644,"May other at natural disaster, black at Urgent.","['Natural Disaster', 'Other']",Black,"[4, 5]",3,fil
3645,"Ma'am Hindi humihinga ang tao, CPR needed at Tulong.","['Accident', 'Medical']",Red,"[2, 3]",2,fil
3646,"Landslide victim, deceased na at Emergency.","['Natural Disaster', 'Other']",Black,"[4, 5]",3,tl
3647,"Accident plus Crime, black at Stampede sa concert, maraming nasaktan.","['Accident', 'Crime', 'Other']",Black,"[2, 1, 5]",3,fil
3648,"Help! Other plus Fire, red. Please respond. pls","['Other', 'Fire']",Red,"[5, 0]",2,tl
3649,"May hostage sa tindahan, stable pa naman at Fatal crash, driver deceased.","['Accident', 'Crime']",Black,"[2, 1]",3,fil
3650,"Boss May namatay sa aksidente, wala nang pulso! Padala agad!",['Accident'],Black,[2],3,fil
3651,"Help! Crime plus Medical, red. ASAP. pls","['Crime', 'Medical']",Red,"[1, 3]",2,tl
3652,"Natural Disaster and Medical reported, black at Natural Disaster plus Accident, yellow.","['Accident', 'Medical', 'Natural Disaster']",Black,"[2, 3, 4]",3,fil
3653,"Urgent at May bata nawawala pa, kailangan ng tulong.","['Accident', 'Medical', 'Other']",Red,"[2, 3, 5]",2,fil
3654,"Urgent! Accident plus Crime, black! ASAP!","['Accident', 'Crime']",Black,"[2, 1]",3,tl
3655,"Help! May fire at accident, yellow!","['Fire', 'Accident']",Yellow,"[0, 2]",1,tl
3656,"Sir May nagnakaw ng cellphone, nakita na namin ang suspect at Urgent.","['Crime', 'Fire']",Red,"[1, 0]",2,fil
3657,"Earthquake, building collapse, people trapped at Minor collision sa kalsada, gasgas lang.","['Accident', 'Natural Disaster']",Red,"[2, 4]",2,fil
3658,"Sir Motor crash, severe bleeding ang rider at Urgent.","['Accident', 'Fire']",Red,"[2, 0]",2,fil
3659,"Sir Holdap may baril, may nasaktan at Urgent.","['Crime', 'Natural Disaster', 'Other']",Black,"[1, 4, 5]",3,fil
3660,"Natural Disaster and Fire reported, green at Urgent.","['Fire', 'Medical', 'Natural Disaster']",Green,"[0, 3, 4]",0,fil
3661,"Fire plus Medical, red at Crime plus Fire, black.","['Crime', 'Fire', 'Medical']",Black,"[1, 0, 3]",3,tl
3662,"Urgent! Medical and Natural Disaster reported, red! Please respond!","['Medical', 'Natural Disaster']",Red,"[3, 4]",2,fil
3663,"May nahihirapang huminga, asthmatic at Emergency.","['Accident', 'Medical']",Red,"[2, 3]",2,fil
3664,"Help! Fire and Accident reported, red. pls","['Fire', 'Accident']",Red,"[0, 2]",2,tl
3665,"Sir May bugbog, nasugatan ang biktima at May patay sa sunog, hindi na humihinga.","['Crime', 'Fire']",Black,"[1, 0]",3,fil
3666,"May medical at crime, black at Urgent.","['Crime', 'Medical', 'Natural Disaster']",Black,"[1, 3, 4]",3,tl
3667,"Suspicious package, nag-evacuate na..",['Other'],Yellow,[5],1,tl
3668,"May fire at natural disaster, yellow! Please respond!","['Fire', 'Natural Disaster']",Yellow,"[0, 4]",1,fil
3669,"Help! May accident at other, yellow. pls","['Accident', 'Other']",Yellow,"[2, 5]",1,tl
3670,"Accident plus Crime, black at Ma'am May nahimatay pero nagising na, ok na.","['Accident', 'Crime', 'Medical']",Black,"[2, 1, 3]",3,fil
3671,"May nanganak na, critical at Urgent.","['Accident', 'Medical', 'Other']",Red,"[2, 3, 5]",2,fil
3672,"Boss May stroke victim, kailangan agad ng hospital! pls!",['Medical'],Yellow,[3],1,fil
3673,"Ma'am May namatay sa aksidente, wala nang pulso at Tulong.","['Accident', 'Natural Disaster']",Black,"[2, 4]",3,fil
3674,"Sir Landslide, may na-bury na tao at Heart attack, stable pa pero urgent.","['Medical', 'Natural Disaster']",Red,"[3, 4]",2,fil
3675,"Crime plus Medical, green at Urgent.","['Crime', 'Fire', 'Medical']",Red,"[1, 0, 3]",2,tl
3676,"Sir May bugbog, nasugatan ang biktima at Suspicious package, nag-evacuate na.","['Crime', 'Other']",Yellow,"[1, 5]",1,fil
3677,"Crime and Medical reported, black at Motor crash, severe bleeding ang rider.","['Accident', 'Crime', 'Medical']",Black,"[2, 1, 3]",3,fil
3678,"Urgent! May natural disaster at other, green!","['Natural Disaster', 'Other']",Green,"[4, 5]",0,fil
3679,"Bangga ng kotse sa parking, walang sugat. Bilisan po. pls",['Accident'],Green,[2],0,fil
3680,"Ma'am Nasusunog yung tindahan, may nasugatan at Help.","['Crime', 'Fire', 'Other']",Black,"[1, 0, 5]",3,fil
3681,"Crime plus Accident, green at Urgent.","['Accident', 'Crime', 'Natural Disaster']",Green,"[2, 1, 4]",0,tl
3682,"Crime plus Accident, green at Assault, kailangan ng ambulance.","['Accident', 'Crime']",Yellow,"[2, 1]",1,fil
3683,"Medical and Accident reported, black! ASAP!","['Medical', 'Accident']",Black,"[3, 2]",3,fil
3684,"Ma'am Malubhang banggaan, may hindi humihinga at Other and Natural Disaster reported, red.","['Accident', 'Natural Disaster', 'Other']",Red,"[2, 4, 5]",2,fil
3685,"Help! Overdose, not breathing! Please respond. pls",['Medical'],Red,[3],2,fil
3686,"Ma'am Nasusunog yung tindahan, may nasugatan. Padala agad. pls",['Fire'],Yellow,[0],1,fil
3687,"Car accident, no injuries reported at Medical and Natural Disaster reported, green.","['Accident', 'Medical', 'Natural Disaster']",Green,"[2, 3, 4]",0,fil
3688,"Urgent! Car crash, may injured!",['Accident'],Yellow,[2],1,tl
3689,"Ma'am May namatay sa aksidente, wala nang pulso at Urgent.","['Accident', 'Natural Disaster', 'Other']",Black,"[2, 4, 5]",3,fil
3690,"Help! Crime and Fire reported, red. ASAP. pls","['Crime', 'Fire']",Red,"[1, 0]",2,fil
3691,"Kitchen fire, napatay na namin at Urgent.","['Crime', 'Fire']",Black,"[1, 0]",3,tl
3692,"May crime at fire, green at Boss May sumakit ang ulo, minor lang.","['Crime', 'Fire', 'Medical']",Green,"[1, 0, 3]",0,fil
3693,"Ma'am Motor naaksidente, nasugatan ang driver at Mild allergic reaction, stable na.","['Accident', 'Medical']",Yellow,"[2, 3]",1,fil
3694,"Missing person, hinahanap pa at Accident plus Crime, green.","['Accident', 'Crime', 'Other']",Yellow,"[2, 1, 5]",1,fil
3695,"May fire at medical, red at Emergency.","['Accident', 'Fire', 'Medical']",Red,"[2, 0, 3]",2,tl
3696,"Help at Ma'am Nakawan sa sari-sari store, minor lang.","['Crime', 'Other']",Red,"[1, 5]",2,fil
3697,"Fire and Other reported, black at Ma'am May nagnakaw ng cellphone, nakita na namin ang suspect.","['Crime', 'Fire', 'Other']",Black,"[1, 0, 5]",3,fil
3698,"Hindi humihinga ang tao, CPR needed at Robbery, may baril ang suspect.","['Crime', 'Medical']",Red,"[1, 3]",2,fil
3699,"Help at Crime and Other reported, yellow.","['Crime', 'Other']",Red,"[1, 5]",2,tl
3700,"Urgent at Crime plus Medical, red.","['Accident', 'Crime', 'Medical']",Red,"[2, 1, 3]",2,tl
3701,"Help! Accident plus Fire, yellow! ASAP!","['Accident', 'Fire']",Yellow,"[2, 0]",1,tl
3702,"Accident plus Fire, red at Emergency.","['Accident', 'Fire', 'Other']",Red,"[2, 0, 5]",2,tl
3703,"Jeep tumama sa poste, may pasahero na nasaktan at Urgent.","['Accident', 'Fire', 'Natural Disaster']",Yellow,"[2, 0, 4]",1,fil
3704,"Sir Holdap sa jeep, may nasaksak at Help.","['Accident', 'Crime']",Black,"[2, 1]",3,fil
3705,"Help! May accident at fire, red! Please respond!","['Accident', 'Fire']",Red,"[2, 0]",2,fil
3706,"Riot sa rally, may nasugatan at Emergency.","['Crime', 'Other']",Red,"[1, 5]",2,fil
3707,"Help at Fire plus Accident, black.","['Accident', 'Fire', 'Medical', 'Natural Disaster']",Black,"[2, 0, 3, 4]",3,tl
3708,"Help! May medical at crime, red. pls","['Medical', 'Crime']",Red,"[3, 1]",2,tl
3709,Sir Nakita ang bangkay sa ilog! Bilisan po!,['Other'],Black,[5],3,fil
3710,"Emergency! Holdap may baril, may nasaktan! Bilisan po. pls",['Crime'],Red,[1],2,fil
3711,"Urgent at Ma'am Rollover, critical ang pasahero.","['Accident', 'Other']",Red,"[2, 5]",2,fil
3712,"May medical at crime, black at Walang pulso, deceased na.","['Crime', 'Medical']",Black,"[1, 3]",3,fil
3713,"Help! Other and Crime reported, yellow. pls","['Other', 'Crime']",Yellow,"[5, 1]",1,tl
3714,"Help! May natural disaster at other, red. pls","['Natural Disaster', 'Other']",Red,"[4, 5]",2,fil
3715,"May medical at natural disaster, red at Emergency.","['Crime', 'Medical', 'Natural Disaster']",Black,"[1, 3, 4]",3,fil
3716,"Accident plus Other, red. Please respond. pls","['Accident', 'Other']",Red,"[2, 5]",2,tl
3717,"Help! May fire at medical, red. ASAP. pls","['Fire', 'Medical']",Red,"[0, 3]",2,fil
3718,"Mild allergic reaction, stable na. Please respond. pls",['Medical'],Green,[3],0,fil
3719,"May baha pero mababa pa at Sir Hostage situation, may kutsilyo.","['Crime', 'Natural Disaster']",Red,"[1, 4]",2,tl
3720,"Help at Stampede sa concert, maraming nasaktan.","['Crime', 'Fire', 'Other']",Red,"[1, 0, 5]",2,fil
3721,"Urgent! May natural disaster at crime, red. ASAP. pls","['Natural Disaster', 'Crime']",Red,"[4, 1]",2,fil
3722,"Ma'am Flash flood, maraming hindi makalabas at Crime plus Other, green.","['Crime', 'Natural Disaster', 'Other']",Red,"[1, 4, 5]",2,fil
3723,Sir May baha pero mababa pa at Emergency.,"['Accident', 'Natural Disaster']",Red,"[2, 4]",2,tl
3724,"Boss Nasusunog yung tindahan, may nasugatan! Bilisan po!",['Fire'],Yellow,[0],1,fil
3725,"Nakawan sa sari-sari store, minor lang at Boss May namatay sa baha, nakita ang bangkay.","['Crime', 'Natural Disaster']",Black,"[1, 4]",3,fil
3726,"Urgent! Crime plus Medical, green! Please respond!","['Crime', 'Medical']",Green,"[1, 3]",0,tl
3727,"Medical plus Accident, yellow at Severe bleeding, malakas ang dugo.","['Accident', 'Medical']",Red,"[2, 3]",2,fil
3728,"May fire at medical, red at Bagyo wasak ang bubong, may injured.","['Fire', 'Medical', 'Natural Disaster']",Red,"[0, 3, 4]",2,fil
3729,"Help! Crime and Medical reported, red! Please respond!","['Crime', 'Medical']",Red,"[1, 3]",2,tl
3730,"Help at Nasusunog yung tindahan, may nasugatan.","['Fire', 'Natural Disaster']",Black,"[0, 4]",3,fil
3731,"Sir May bata nawawala, nakita na! pls!",['Other'],Green,[5],0,fil
3732,"Fire and Accident reported, red at Medical and Natural Disaster reported, green.","['Accident', 'Fire', 'Medical', 'Natural Disaster']",Red,"[2, 0, 3, 4]",2,fil
3733,"Sir Malubhang banggaan, may hindi humihinga at Tulong.","['Accident', 'Medical']",Red,"[2, 3]",2,fil
3734,"Urgent! Fatal stabbing, victim pronounced dead!",['Crime'],Black,[1],3,tl
3735,"Sir May patay sa sunog, hindi na humihinga! pls!",['Fire'],Black,[0],3,fil
3736,"Car accident, no injuries reported. pls",['Accident'],Green,[2],0,tl
3737,"May natural disaster at crime, yellow at May namatay sa baha, nakita ang bangkay.","['Crime', 'Natural Disaster']",Black,"[1, 4]",3,fil
3738,"Help at Boss May sumakit ang ulo, minor lang.","['Crime', 'Medical', 'Other']",Green,"[1, 3, 5]",0,fil
3739,"Help! Natural Disaster plus Accident, red!","['Natural Disaster', 'Accident']",Red,"[4, 2]",2,fil
3740,"Medical and Fire reported, yellow at Fatal stabbing, victim pronounced dead.","['Crime', 'Fire', 'Medical']",Black,"[1, 0, 3]",3,fil
3741,"Ma'am Hindi humihinga ang tao, CPR needed at May bata nawawala, nakita na.","['Medical', 'Other']",Red,"[3, 5]",2,fil
3742,"Crime and Fire reported, red. Please respond. pls","['Crime', 'Fire']",Red,"[1, 0]",2,tl
3743,"Nasagasaan, patay na po. pls",['Accident'],Black,[2],3,fil
3744,"Brownout, walang kuryente at Motor nadulas pero ok lang, minor lang.","['Accident', 'Other']",Green,"[2, 5]",0,fil
3745,"Emergency at Sunog sa basurahan lang, konti na lang.","['Crime', 'Fire']",Red,"[1, 0]",2,fil
3746,"May medical at fire, yellow. ASAP. pls","['Medical', 'Fire']",Yellow,"[3, 0]",1,fil
3747,"Urgent! May fire at medical, red. Please respond. pls","['Fire', 'Medical']",Red,"[0, 3]",2,fil
3748,"Fire and Natural Disaster reported, black. Please respond. pls","['Fire', 'Natural Disaster']",Black,"[0, 4]",3,fil
3749,"Natural Disaster and Fire reported, green at Suspicious package, nag-evacuate na.","['Fire', 'Natural Disaster', 'Other']",Yellow,"[0, 4, 5]",1,fil
3750,"Boss Holdap may baril, may nasaktan at Sir Walang pulso, deceased na.","['Crime', 'Medical']",Black,"[1, 3]",3,fil
3751,"Fire plus Other, yellow. ASAP. pls","['Fire', 'Other']",Yellow,"[0, 5]",1,tl
3752,"Help at May bata nawawala, nakita na.","['Fire', 'Natural Disaster', 'Other']",Green,"[0, 4, 5]",0,fil
3753,"Crime plus Other, green at Emergency.","['Crime', 'Fire', 'Other']",Yellow,"[1, 0, 5]",1,tl
3754,"Urgent! Crime and Fire reported, yellow. Please respond. pls","['Crime', 'Fire']",Yellow,"[1, 0]",1,tl
3755,"Tulong! Lindol kanina, may mga nasugatan sa landslide!",['Natural Disaster'],Yellow,[4],1,fil
3756,"Help at May crime at natural disaster, red.","['Crime', 'Fire', 'Natural Disaster']",Red,"[1, 0, 4]",2,fil
3757,"Boss Nasagasaan, patay na. Padala agad.",['Accident'],Black,[2],3,fil
3758,"Other plus Fire, green at Fire plus Accident, yellow.","['Accident', 'Fire', 'Other']",Yellow,"[2, 0, 5]",1,tl
3759,Boss Malakas ang ulan pero ok pa naman. Padala agad. pls,['Natural Disaster'],Green,[4],0,fil
3760,"Urgent! May crime at fire, black. Please respond. pls","['Crime', 'Fire']",Black,"[1, 0]",3,fil
3761,"Sir May usok sa kusina pero walang apoy pa, safe naman! Bilisan po!",['Fire'],Green,[0],0,fil
3762,"May hostage sa tindahan, stable pa naman at CPR failed, pronounced dead.","['Crime', 'Medical']",Black,"[1, 3]",3,fil
3763,"Emergency at Other plus Accident, yellow.","['Accident', 'Medical', 'Other']",Black,"[2, 3, 5]",3,tl
3764,"Urgent! Natural Disaster plus Fire, black. Please respond. pls","['Natural Disaster', 'Fire']",Black,"[4, 0]",3,fil
3765,"Ma'am Motor naaksidente, nasugatan ang driver at Nasunog ang bahay, may namatay na.","['Accident', 'Fire']",Black,"[2, 0]",3,fil
3766,"Urgent at May binaril, malubha.","['Crime', 'Natural Disaster']",Red,"[1, 4]",2,fil
3767,"Medical and Crime reported, red! Please respond!","['Medical', 'Crime']",Red,"[3, 1]",2,tl
3768,"Boss May patay sa sunog, hindi na humihinga. pls. pls",['Fire'],Black,[0],3,fil
3769,"Sunog sa factory, maraming workers pa sa loob at Assault, kailangan ng ambulance.","['Crime', 'Fire']",Red,"[1, 0]",2,fil
3770,"Urgent! Other plus Fire, red! ASAP!","['Other', 'Fire']",Red,"[5, 0]",2,tl
3771,"Sir Sunog sa factory, maraming workers pa sa loob at Seizure, kailangan ng ambulance.","['Fire', 'Medical']",Red,"[0, 3]",2,fil
3772,"Urgent at Crime plus Fire, red.","['Crime', 'Fire', 'Other']",Red,"[1, 0, 5]",2,tl
3773,"Nasagasaan, patay na po at Crime and Other reported, yellow.","['Accident', 'Crime', 'Other']",Black,"[2, 1, 5]",3,fil
3774,"Sir Baha na, tumataas ang tubig! Padala agad!",['Natural Disaster'],Yellow,[4],1,fil
3775,"Help! Crime plus Fire, black. ASAP. pls","['Crime', 'Fire']",Black,"[1, 0]",3,tl
3776,"Help at Crime plus Accident, green.","['Accident', 'Crime', 'Other']",Yellow,"[2, 1, 5]",1,tl
3777,"May stroke victim, kailangan agad ng hospital..",['Medical'],Yellow,[3],1,fil
3778,"Ma'am Hindi humihinga ang tao, CPR needed at Fatal stabbing, victim pronounced dead.","['Crime', 'Medical']",Black,"[1, 3]",3,fil
3779,"Help! Other and Medical reported, black!","['Other', 'Medical']",Black,"[5, 3]",3,tl
3780,"Fire plus Natural Disaster, yellow at Emergency.","['Fire', 'Natural Disaster']",Yellow,"[0, 4]",1,fil
3781,"May fire at other, red at Emergency.","['Fire', 'Other']",Red,"[0, 5]",2,tl
3782,"Urgent! Truck accident, people trapped! ASAP. pls",['Accident'],Red,[2],2,tl
3783,"Tulong at Ma'am May nahimatay pero nagising na, ok na.","['Medical', 'Other']",Yellow,"[3, 5]",1,fil
3784,"Help at Other and Fire reported, yellow.","['Fire', 'Medical', 'Natural Disaster', 'Other']",Yellow,"[0, 3, 4, 5]",1,tl
3785,"Fire sa apartment, people trapped inside at May bata nawawala, nakita na.","['Fire', 'Other']",Red,"[0, 5]",2,fil
3786,"Diabetic, low sugar lang, na-revive na at Car crash, may injured.","['Accident', 'Medical']",Yellow,"[2, 3]",1,fil
3787,"May accident at fire, red at Heart attack, stable pa pero urgent.","['Accident', 'Fire', 'Medical']",Red,"[2, 0, 3]",2,tl
3788,"Sunog sa basurahan lang, konti na lang at May crime at other, red.","['Crime', 'Fire', 'Other']",Red,"[1, 0, 5]",2,fil
3789,"Help! Fatal crash, driver deceased. pls",['Accident'],Black,[2],3,tl
3790,"Help! Fire victim, no pulse na. Please respond.",['Fire'],Black,[0],3,fil
3791,"Ma'am Landslide, may na-bury na tao at Help.","['Accident', 'Crime', 'Natural Disaster']",Black,"[2, 1, 4]",3,fil
3792,"Holdap sa jeep, may nasaksak. Bilisan.",['Crime'],Yellow,[1],1,fil
3793,"Sir May usok sa kusina pero walang apoy pa, safe naman at Boss May namatay sa baha, nakita ang bangkay.","['Fire', 'Natural Disaster']",Black,"[0, 4]",3,fil
3794,"Help! Fire and Crime reported, black. pls","['Fire', 'Crime']",Black,"[0, 1]",3,tl
3795,"Urgent! Crime and Accident reported, yellow! Please respond!","['Crime', 'Accident']",Yellow,"[1, 2]",1,tl
3796,"Sir Sunog sa factory, maraming workers pa sa loob at Urgent.","['Accident', 'Fire', 'Natural Disaster']",Red,"[2, 0, 4]",2,fil
3797,"Sir May baha pero mababa pa at Nasagasaan, patay na po.","['Accident', 'Natural Disaster']",Black,"[2, 4]",3,fil
3798,"Help! Overdose, not breathing! ASAP!",['Medical'],Red,[3],2,fil
3799,"Urgent at Boss May namatay sa baha, nakita ang bangkay.","['Crime', 'Natural Disaster']",Black,"[1, 4]",3,fil
3800,"Crime plus Other, green at Truck accident, people trapped.","['Accident', 'Crime', 'Other']",Red,"[2, 1, 5]",2,tl
3801,"Tulong! Nasusunog yung tindahan, may nasugatan. pls",['Fire'],Yellow,[0],1,fil
3802,"Urgent! May fire at other, green. pls","['Fire', 'Other']",Green,"[0, 5]",0,tl
3803,"Stabbing, critical condition at Riot sa rally, may nasugatan.","['Crime', 'Other']",Red,"[1, 5]",2,fil
3804,"Tulong at Ma'am May nahihirapang huminga, asthmatic.","['Medical', 'Natural Disaster']",Yellow,"[3, 4]",1,fil
3805,"Tulong! Walang pulso, deceased na! pls!",['Medical'],Black,[3],3,fil
3806,"Help at Truck nasagasaan ang tao, kailangan ng ambulance.","['Accident', 'Medical', 'Natural Disaster']",Yellow,"[2, 3, 4]",1,fil
3807,"Overdose, not breathing at Earthquake, building collapse, people trapped.","['Medical', 'Natural Disaster']",Red,"[3, 4]",2,tl
3808,"Gas leak malakas, may nahimatay at Boss May sumakit ang ulo, minor lang.","['Medical', 'Other']",Red,"[3, 5]",2,fil
3809,Lost child found na po at Urgent.,"['Crime', 'Medical', 'Other']",Black,"[1, 3, 5]",3,fil
3810,"May fire at accident, red at Help.","['Accident', 'Fire']",Red,"[2, 0]",2,tl
3811,"Natural Disaster and Crime reported, red at Urgent.","['Crime', 'Natural Disaster', 'Other']",Red,"[1, 4, 5]",2,fil
3812,"Mild allergic reaction, stable na at May accident at crime, red.","['Accident', 'Crime', 'Medical']",Red,"[2, 1, 3]",2,fil
3813,"Sir May patay sa sunog, hindi na humihinga at Accident and Fire reported, red.","['Accident', 'Fire']",Black,"[2, 0]",3,fil
3814,"Emergency at Ma'am Nasunog ang bahay, may namatay na.","['Fire', 'Medical']",Black,"[0, 3]",3,fil
3815,"May fire at natural disaster, yellow at Sir May baha pero mababa pa.","['Fire', 'Natural Disaster']",Yellow,"[0, 4]",1,fil
3816,"May baha pero mababa pa at Ma'am Malubhang banggaan, may hindi humihinga.","['Accident', 'Natural Disaster']",Red,"[2, 4]",2,fil
3817,"Help at May sunog sa bahay, kailangan ng fire truck.","['Fire', 'Natural Disaster']",Yellow,"[0, 4]",1,fil
3818,"Urgent at Fire and Other reported, yellow.","['Fire', 'Medical', 'Other']",Yellow,"[0, 3, 5]",1,tl
3819,"Help! May crime at fire, green. Please respond. pls","['Crime', 'Fire']",Green,"[1, 0]",0,fil
3820,"Ma'am Nasusunog yung tindahan, may nasugatan! Padala agad!",['Fire'],Yellow,[0],1,fil
3821,"Help! Fire plus Accident, green! Please respond!","['Fire', 'Accident']",Green,"[0, 2]",0,tl
3822,"Urgent! May accident at other, yellow!","['Accident', 'Other']",Yellow,"[2, 5]",1,tl
3823,"Ma'am Hindi humihinga ang tao, CPR needed at Ma'am Flash flood, maraming hindi makalabas.","['Medical', 'Natural Disaster']",Red,"[3, 4]",2,fil
3824,"Urgent! Fire and Other reported, black!","['Fire', 'Other']",Black,"[0, 5]",3,tl
3825,"Help! Crime plus Natural Disaster, red. Please respond. pls","['Crime', 'Natural Disaster']",Red,"[1, 4]",2,fil
3826,"Fire and Crime reported, black at Urgent.","['Crime', 'Fire']",Black,"[1, 0]",3,tl
3827,"Sir Lindol kanina, may mga nasugatan sa landslide! Padala agad!",['Natural Disaster'],Yellow,[4],1,fil
3828,"Stabbing, critical condition at Urgent.","['Crime', 'Medical']",Red,"[1, 3]",2,tl
3829,"Fire plus Accident, green. Please respond. pls","['Fire', 'Accident']",Green,"[0, 2]",0,tl
3830,"Assault, kailangan ng ambulance!",['Crime'],Yellow,[1],1,fil
3831,"Heart attack, unconscious at Medical plus Crime, red.","['Crime', 'Medical']",Red,"[1, 3]",2,tl
3832,"May other at accident, yellow at May natural disaster at other, green.","['Accident', 'Natural Disaster', 'Other']",Yellow,"[2, 4, 5]",1,fil
3833,"Urgent! Other and Medical reported, green!","['Other', 'Medical']",Green,"[5, 3]",0,tl
3834,"May fire at natural disaster, yellow at Sir May stroke victim, kailangan agad ng hospital.","['Fire', 'Medical', 'Natural Disaster']",Yellow,"[0, 3, 4]",1,fil
3835,"May patay sa sunog, hindi na humihinga at Help.","['Fire', 'Other']",Black,"[0, 5]",3,fil
3836,"Help at House fire, need help.","['Fire', 'Natural Disaster']",Red,"[0, 4]",2,tl
3837,"Urgent! Natural Disaster plus Fire, black!","['Natural Disaster', 'Fire']",Black,"[4, 0]",3,fil
3838,"Urgent! May natural disaster at crime, black. ASAP. pls","['Natural Disaster', 'Crime']",Black,"[4, 1]",3,fil
3839,"May other at crime, red. Please respond. pls","['Other', 'Crime']",Red,"[5, 1]",2,fil
3840,"Other plus Accident, green. ASAP. pls","['Other', 'Accident']",Green,"[5, 2]",0,tl
3841,"Accident plus Other, red at May accident at fire, red.","['Accident', 'Fire', 'Other']",Red,"[2, 0, 5]",2,tl
3842,"May natural disaster at other, green. Please respond. pls","['Natural Disaster', 'Other']",Green,"[4, 5]",0,fil
3843,"Hindi humihinga ang tao, CPR needed! pls!",['Medical'],Red,[3],2,fil
3844,"Holdap sa jeep, may nasaksak at May fire at natural disaster, yellow.","['Crime', 'Fire', 'Natural Disaster']",Yellow,"[1, 0, 4]",1,fil
3845,"Urgent! May accident at fire, black. Please respond. pls","['Accident', 'Fire']",Black,"[2, 0]",3,fil
3846,"Help! May other at fire, black!","['Other', 'Fire']",Black,"[5, 0]",3,tl
3847,"Medical and Crime reported, red at Boss May sunog sa bahay, kailangan ng fire truck.","['Crime', 'Fire', 'Medical']",Red,"[1, 0, 3]",2,fil
3848,"Medical plus Natural Disaster, yellow. ASAP. pls","['Medical', 'Natural Disaster']",Yellow,"[3, 4]",1,fil
3849,"Hostage situation, may kutsilyo at Suspicious package, nag-evacuate na.","['Crime', 'Other']",Red,"[1, 5]",2,fil
3850,"Crime plus Other, green. Please respond. pls","['Crime', 'Other']",Green,"[1, 5]",0,tl
3851,"Boss Nakita ang bangkay sa ilog at Natural Disaster plus Medical, black.","['Medical', 'Natural Disaster', 'Other']",Black,"[3, 4, 5]",3,fil
3852,"Help! Structure fire, may bata na naiwan! Please respond!",['Fire'],Red,[0],2,fil
3853,"Fire and Natural Disaster reported, black at Tulong.","['Crime', 'Fire', 'Natural Disaster']",Black,"[1, 0, 4]",3,fil
3854,"Truck nasagasaan ang tao, kailangan ng ambulance at Accident plus Crime, black.","['Accident', 'Crime']",Black,"[2, 1]",3,fil
3855,"Help! May natural disaster at other, green!","['Natural Disaster', 'Other']",Green,"[4, 5]",0,fil
3856,"Urgent at Sir May usok sa kusina pero walang apoy pa, safe naman.","['Accident', 'Fire']",Red,"[2, 0]",2,fil
3857,"Fire plus Accident, green at Fire and Medical reported, red.","['Accident', 'Fire', 'Medical']",Red,"[2, 0, 3]",2,tl
3858,"May fire at medical, red at Help.","['Crime', 'Fire', 'Medical']",Black,"[1, 0, 3]",3,tl
3859,"Emergency at Crime and Other reported, green.","['Crime', 'Medical', 'Other']",Yellow,"[1, 3, 5]",1,tl
3860,"Robbery, may baril ang suspect!",['Crime'],Yellow,[1],1,fil
3861,"Emergency at Other plus Fire, red.","['Fire', 'Other']",Red,"[0, 5]",2,tl
3862,"May nahimatay pero nagising na, ok na!",['Medical'],Green,[3],0,fil
3863,"Help! May accident at medical, red!","['Accident', 'Medical']",Red,"[2, 3]",2,tl
3864,"Help at Jeep tumama sa poste, may pasahero na nasaktan.","['Accident', 'Fire', 'Natural Disaster']",Yellow,"[2, 0, 4]",1,fil
3865,"Rollover, critical ang pasahero at Ma'am Riot sa rally, may nasugatan.","['Accident', 'Other']",Red,"[2, 5]",2,fil
3866,"Fire and Accident reported, red at Sir Malubhang banggaan, may hindi humihinga.","['Accident', 'Fire']",Red,"[2, 0]",2,fil
3867,"Sir Walang pulso, deceased na at May fire at other, green.","['Fire', 'Medical', 'Other']",Black,"[0, 3, 5]",3,fil
3868,"Sir Riot, may baril!.",['Other'],Red,[5],2,tl
3869,"Fire plus Accident, yellow at May accident at other, green.","['Accident', 'Fire', 'Other']",Yellow,"[2, 0, 5]",1,tl
3870,"Tulong! Assault, kailangan ng ambulance. pls",['Crime'],Yellow,[1],1,fil
3871,"Boss Holdap sa jeep, may nasaksak at Crime plus Medical, green.","['Crime', 'Medical']",Yellow,"[1, 3]",1,fil
3872,"Emergency at Medical plus Natural Disaster, black.","['Medical', 'Natural Disaster', 'Other']",Black,"[3, 4, 5]",3,fil
3873,"Other plus Accident, green at Lost child found na po.","['Accident', 'Other']",Green,"[2, 5]",0,fil
3874,"May accident at medical, green at May accident at medical, red.","['Accident', 'Medical']",Red,"[2, 3]",2,tl
3875,"Urgent at Accident plus Other, yellow.","['Accident', 'Fire', 'Other']",Red,"[2, 0, 5]",2,tl
3876,"Medical plus Accident, yellow at Tulong.","['Accident', 'Medical']",Yellow,"[2, 3]",1,tl
3877,"Gas leak reported, minor lang. pls",['Other'],Green,[5],0,fil
3878,"Ma'am May nahimatay pero nagising na, ok na! Padala agad!",['Medical'],Green,[3],0,fil
3879,"Robbery, may baril ang suspect at Crime and Fire reported, red.","['Crime', 'Fire']",Red,"[1, 0]",2,fil
3880,"Urgent! Fire and Medical reported, red! Please respond!","['Fire', 'Medical']",Red,"[0, 3]",2,tl
3881,"Urgent! CPR failed, pronounced dead! ASAP!",['Medical'],Black,[3],3,tl
3882,"House fire, need help! Please respond!",['Fire'],Yellow,[0],1,tl
3883,"May accident at crime, red at Accident plus Fire, red.","['Accident', 'Crime', 'Fire']",Red,"[2, 1, 0]",2,tl
3884,"Help! Natural Disaster plus Accident, black. ASAP. pls","['Natural Disaster', 'Accident']",Black,"[4, 2]",3,fil
3885,"Brownout, walang kuryente at Help.","['Medical', 'Other']",Green,"[3, 5]",0,fil
3886,"Ma'am Malubhang banggaan, may hindi humihinga at Boss Holdap sa jeep, may nasaksak.","['Accident', 'Crime']",Red,"[2, 1]",2,fil
3887,"May natural disaster at other, green at Pinatay ang biktima, deceased na.","['Crime', 'Natural Disaster', 'Other']",Black,"[1, 4, 5]",3,fil
3888,"Urgent at Medical plus Accident, yellow.","['Accident', 'Fire', 'Medical']",Red,"[2, 0, 3]",2,tl
3889,"Help at Fire plus Natural Disaster, yellow.","['Accident', 'Fire', 'Natural Disaster']",Yellow,"[2, 0, 4]",1,fil
3890,"Crime and Fire reported, yellow at May fire at other, yellow.","['Crime', 'Fire', 'Other']",Yellow,"[1, 0, 5]",1,fil
3891,"Ma'am Rollover, critical ang pasahero! Padala agad. pls",['Accident'],Red,[2],2,fil
3892,"Boss May namatay sa baha, nakita ang bangkay..",['Natural Disaster'],Black,[4],3,fil
3893,"May patay sa shooting, wala nang pulso at Ma'am Nasunog ang bahay, may namatay na.","['Crime', 'Fire']",Black,"[1, 0]",3,fil
3894,"Ma'am Malubhang banggaan, may hindi humihinga at Crime and Fire reported, yellow.","['Accident', 'Crime', 'Fire']",Red,"[2, 1, 0]",2,fil
3895,"Truck nasagasaan ang tao, kailangan ng ambulance. Bilisan po. pls",['Accident'],Yellow,[2],1,fil
3896,"Fatal stabbing, victim pronounced dead! Please respond!",['Crime'],Black,[1],3,fil
3897,"Ma'am Hindi humihinga ang tao, CPR needed! Padala agad. pls",['Medical'],Red,[3],2,fil
3898,"Urgent! Accident plus Other, yellow. ASAP. pls","['Accident', 'Other']",Yellow,"[2, 5]",1,tl
3899,"Elderly collapsed, needs treatment soon at Ma'am Landslide, may na-bury na tao.","['Medical', 'Natural Disaster']",Red,"[3, 4]",2,fil
3900,"Accident and Fire reported, red at Tulong.","['Accident', 'Fire']",Red,"[2, 0]",2,fil
3901,"Ma'am Severe bleeding, malakas ang dugo at Tulong.","['Medical', 'Natural Disaster']",Black,"[3, 4]",3,fil
3902,"Boss May patay sa shooting, wala nang pulso at Medical and Crime reported, black.","['Crime', 'Medical']",Black,"[1, 3]",3,fil
3903,"Urgent! Natural Disaster plus Fire, black! ASAP!","['Natural Disaster', 'Fire']",Black,"[4, 0]",3,fil
3904,"Crime plus Medical, red at Landslide, may na-bury na tao.","['Crime', 'Medical', 'Natural Disaster']",Red,"[1, 3, 4]",2,fil
3905,"Urgent! Medical and Fire reported, yellow. Please respond. pls","['Medical', 'Fire']",Yellow,"[3, 0]",1,tl
3906,"Urgent! Natural Disaster and Other reported, yellow! Please respond!","['Natural Disaster', 'Other']",Yellow,"[4, 5]",1,fil
3907,"Help at Other and Medical reported, yellow.","['Accident', 'Fire', 'Medical', 'Other']",Red,"[2, 0, 3, 5]",2,tl
3908,"Minor collision sa kalsada, gasgas lang. Bilisan po. pls",['Accident'],Green,[2],0,fil
3909,"May crime at natural disaster, black at Tulong.","['Crime', 'Natural Disaster']",Black,"[1, 4]",3,fil
3910,"Emergency! May bata nawawala pa, kailangan ng tulong. pls",['Other'],Yellow,[5],1,fil
3911,"Urgent! May natural disaster at other, red. pls","['Natural Disaster', 'Other']",Red,"[4, 5]",2,fil
3912,"Help! May natural disaster at accident, green!","['Natural Disaster', 'Accident']",Green,"[4, 2]",0,fil
3913,"Ma'am Flash flood, maraming hindi makalabas at Other and Natural Disaster reported, red.","['Natural Disaster', 'Other']",Red,"[4, 5]",2,fil
3914,"Emergency at Baha na, tumataas ang tubig.","['Crime', 'Natural Disaster']",Red,"[1, 4]",2,fil
3915,"Ma'am Pinatay ang biktima, deceased na at Emergency.","['Crime', 'Fire']",Black,"[1, 0]",3,fil
3916,"Help! Accident plus Other, red! Please respond!","['Accident', 'Other']",Red,"[2, 5]",2,tl
3917,"Medical and Crime reported, green at Tulong.","['Crime', 'Medical']",Green,"[1, 3]",0,fil
3918,"Boss May sumakit ang ulo, minor lang at Sir Gas leak malakas, may nahimatay.","['Medical', 'Other']",Red,"[3, 5]",2,fil
3919,"Fatal crash, driver deceased at Medical plus Other, yellow.","['Accident', 'Medical', 'Other']",Black,"[2, 3, 5]",3,tl
3920,"May fire at accident, yellow at Pinatay ang biktima, deceased na.","['Accident', 'Crime', 'Fire']",Black,"[2, 1, 0]",3,fil
3921,"Sunog sa basurahan lang, konti na lang at Tulong.","['Crime', 'Fire']",Green,"[1, 0]",0,fil
3922,"Emergency at May accident at other, yellow.","['Accident', 'Fire', 'Other']",Yellow,"[2, 0, 5]",1,tl
3923,"Sunog sa basurahan lang, konti na lang at May crime at fire, green.","['Crime', 'Fire']",Green,"[1, 0]",0,fil
3924,"Fatal crash, driver deceased! ASAP!",['Accident'],Black,[2],3,tl
3925,"Missing person, hinahanap pa. pls",['Other'],Yellow,[5],1,fil
3926,"Ma'am Hindi humihinga ang tao, CPR needed! Padala agad!",['Medical'],Red,[3],2,fil
3927,"Ma'am Rollover, critical ang pasahero at Tulong.","['Accident', 'Fire']",Red,"[2, 0]",2,fil
3928,"Help at Fire sa apartment, people trapped inside.","['Accident', 'Crime', 'Fire']",Red,"[2, 1, 0]",2,tl
3929,"Emergency! No signs of life, patay na. Bilisan.",['Medical'],Black,[3],3,fil
3930,"Urgent! Medical and Fire reported, yellow! Please respond!","['Medical', 'Fire']",Yellow,"[3, 0]",1,tl
3931,"Boss Assault, kailangan ng ambulance at Sir Rollover, critical ang pasahero.","['Accident', 'Crime']",Red,"[2, 1]",2,fil
3932,"Ma'am Flash flood, maraming hindi makalabas at Ma'am May namatay sa aksidente, wala nang pulso.","['Accident', 'Natural Disaster']",Black,"[2, 4]",3,fil
3933,"Other plus Accident, green at Boss May patay sa shooting, wala nang pulso.","['Accident', 'Crime', 'Other']",Black,"[2, 1, 5]",3,fil
3934,"Tulong! May namatay sa baha, nakita ang bangkay! Bilisan po!",['Natural Disaster'],Black,[4],3,fil
3935,"Urgent! Storm surge, kailangan ng rescue! ASAP!",['Natural Disaster'],Yellow,[4],1,fil
3936,"Urgent at Elderly collapsed, needs treatment soon.","['Medical', 'Natural Disaster']",Yellow,"[3, 4]",1,tl
3937,"Natural Disaster and Fire reported, green. ASAP. pls","['Natural Disaster', 'Fire']",Green,"[4, 0]",0,fil
3938,"Landslide, may na-bury na tao at Tulong.","['Fire', 'Natural Disaster']",Black,"[0, 4]",3,fil
3939,"Sir Malubhang banggaan, may hindi humihinga at Other plus Fire, green.","['Accident', 'Fire', 'Other']",Red,"[2, 0, 5]",2,fil
3940,"Help! Crime plus Other, black!","['Crime', 'Other']",Black,"[1, 5]",3,tl
3941,"Fire and Natural Disaster reported, black. ASAP. pls","['Fire', 'Natural Disaster']",Black,"[0, 4]",3,fil
3942,Boss May baha pero mababa pa at Urgent.,"['Accident', 'Fire', 'Natural Disaster']",Yellow,"[2, 0, 4]",1,tl
3943,"Tulong at Suspicious package, nag-evacuate na.","['Accident', 'Other']",Black,"[2, 5]",3,fil
3944,"Ma'am May patay sa shooting, wala nang pulso at Ma'am Riot sa rally, may nasugatan.","['Crime', 'Other']",Black,"[1, 5]",3,fil
3945,"Tulong at Landslide victim, deceased na.","['Crime', 'Natural Disaster']",Black,"[1, 4]",3,fil
3946,"Help! Natural Disaster and Fire reported, green. Please respond. pls","['Natural Disaster', 'Fire']",Green,"[4, 0]",0,fil
3947,"Other and Crime reported, yellow at Help.","['Crime', 'Other']",Red,"[1, 5]",2,tl
3948,"Motor naaksidente, nasugatan ang driver at Suspicious package, nag-evacuate na.","['Accident', 'Other']",Yellow,"[2, 5]",1,fil
3949,"Petty theft reported, suspect fled at Urgent.","['Crime', 'Natural Disaster']",Red,"[1, 4]",2,tl
3950,"Sir Landslide, may na-bury na tao at Crime and Accident reported, yellow.","['Accident', 'Crime', 'Natural Disaster']",Red,"[2, 1, 4]",2,fil
3951,"Heart attack, stable pa pero urgent at Motor naaksidente, nasugatan ang driver.","['Accident', 'Medical']",Yellow,"[2, 3]",1,fil
3952,"Lindol kanina, may mga nasugatan sa landslide at Natural Disaster plus Accident, yellow.","['Accident', 'Natural Disaster']",Yellow,"[2, 4]",1,fil
3953,"Fatal crash, driver deceased at May bata nawawala pa, kailangan ng tulong.","['Accident', 'Other']",Black,"[2, 5]",3,fil
3954,"Urgent! Accident and Medical reported, yellow. pls","['Accident', 'Medical']",Yellow,"[2, 3]",1,tl
3955,"Urgent at Sir Riot sa rally, may nasugatan.","['Crime', 'Medical', 'Other']",Yellow,"[1, 3, 5]",1,fil
3956,"Ma'am Severe bleeding, malakas ang dugo at Emergency.","['Crime', 'Medical']",Red,"[1, 3]",2,fil
3957,"May namatay sa aksidente, wala nang pulso at Boss May patay sa shooting, wala nang pulso.","['Accident', 'Crime']",Black,"[2, 1]",3,fil
3958,"Elderly collapsed, needs treatment soon at Emergency.","['Crime', 'Medical']",Red,"[1, 3]",2,tl
3959,"Boss May binaril, malubha at Kitchen fire, napatay na namin.","['Crime', 'Fire']",Red,"[1, 0]",2,fil
3960,"Urgent at Natural Disaster plus Medical, black.","['Medical', 'Natural Disaster', 'Other']",Black,"[3, 4, 5]",3,fil
3961,"Help! May medical at fire, yellow! Please respond!","['Medical', 'Fire']",Yellow,"[3, 0]",1,fil
3962,"Rollover, critical ang pasahero at Help.","['Accident', 'Crime', 'Other']",Red,"[2, 1, 5]",2,fil
3963,"May bata nawawala, nakita na at Minor collision sa kalsada, gasgas lang.","['Accident', 'Other']",Green,"[2, 5]",0,fil
3964,"Natural Disaster plus Other, black at Stampede sa concert, maraming nasaktan.","['Natural Disaster', 'Other']",Black,"[4, 5]",3,fil
3965,"Structure fire, may bata na naiwan at Help.","['Crime', 'Fire', 'Medical']",Black,"[1, 0, 3]",3,fil
3966,"Stabbing, critical condition at Tulong.","['Accident', 'Crime']",Red,"[2, 1]",2,tl
3967,"Tulong at Crime plus Natural Disaster, red.","['Crime', 'Natural Disaster']",Red,"[1, 4]",2,fil
3968,"Crime and Accident reported, black! ASAP!","['Crime', 'Accident']",Black,"[1, 2]",3,fil
3969,"May accident at other, yellow at Help.","['Accident', 'Fire', 'Other']",Yellow,"[2, 0, 5]",1,tl
3970,"Crime and Fire reported, red at May other at accident, yellow.","['Accident', 'Crime', 'Fire', 'Other']",Red,"[2, 1, 0, 5]",2,fil
3971,"Ma'am Sunog sa basurahan lang, konti na lang at Assault, kailangan ng ambulance.","['Crime', 'Fire']",Yellow,"[1, 0]",1,fil
3972,"Crime plus Other, green at Fire and Accident reported, yellow.","['Accident', 'Crime', 'Fire', 'Other']",Yellow,"[2, 1, 0, 5]",1,tl
3973,"Help! May hostage sa tindahan, stable pa naman!",['Crime'],Yellow,[1],1,fil
3974,"Sir Gas leak malakas, may nahimatay at Walang pulso, deceased na.","['Medical', 'Other']",Black,"[3, 5]",3,fil
3975,"Help! Medical and Accident reported, red. ASAP. pls","['Medical', 'Accident']",Red,"[3, 2]",2,fil
3976,"Medical plus Natural Disaster, black at Medical and Other reported, green.","['Medical', 'Natural Disaster', 'Other']",Black,"[3, 4, 5]",3,fil
3977,"Help! Crime plus Fire, red. pls","['Crime', 'Fire']",Red,"[1, 0]",2,tl
3978,"Emergency at Fire plus Other, green.","['Fire', 'Other']",Red,"[0, 5]",2,tl
3979,"Help at Nasagasaan, patay na po.","['Accident', 'Crime', 'Medical']",Black,"[2, 1, 3]",3,fil
3980,"Medical plus Crime, red at Ma'am Flash flood, maraming hindi makalabas.","['Crime', 'Medical', 'Natural Disaster']",Red,"[1, 3, 4]",2,fil
3981,"Help! Medical and Crime reported, green. pls","['Medical', 'Crime']",Green,"[3, 1]",0,tl
3982,"Help at Accident and Medical reported, yellow.","['Accident', 'Fire', 'Medical']",Yellow,"[2, 0, 3]",1,tl
3983,"Stabbing, critical condition at Fire sa apartment, people trapped inside.","['Crime', 'Fire']",Red,"[1, 0]",2,fil
3984,"Sir Holdap may baril, may nasaktan at May natural disaster at crime, black.","['Crime', 'Natural Disaster']",Black,"[1, 4]",3,fil
3985,"Bangga ng kotse sa parking, walang sugat! Bilisan po!",['Accident'],Green,[2],0,fil
3986,"Sir Sunog sa bodega, malakas na ang apoy at Emergency.","['Fire', 'Other']",Yellow,"[0, 5]",1,fil
3987,"Emergency! Rollover, critical ang pasahero! pls!",['Accident'],Red,[2],2,fil
3988,"May accident at medical, green at May other at accident, red.","['Accident', 'Medical', 'Other']",Red,"[2, 3, 5]",2,tl
3989,"Urgent at Sir Baha mataas na, may tao na trap sa bubong.","['Fire', 'Natural Disaster']",Black,"[0, 4]",3,fil
3990,"Urgent at Crime plus Accident, black.","['Accident', 'Crime', 'Fire']",Black,"[2, 1, 0]",3,tl
3991,"Medical plus Natural Disaster, black at May fire at accident, red.","['Accident', 'Fire', 'Medical', 'Natural Disaster']",Black,"[2, 0, 3, 4]",3,fil
3992,"Urgent at May fire at other, red.","['Crime', 'Fire', 'Other']",Black,"[1, 0, 5]",3,tl
3993,"Fire plus Accident, yellow! ASAP!","['Fire', 'Accident']",Yellow,"[0, 2]",1,tl
3994,"Tulong at Flooding, need evacuation.","['Natural Disaster', 'Other']",Red,"[4, 5]",2,tl
3995,"Medical plus Crime, red. Please respond. pls","['Medical', 'Crime']",Red,"[3, 1]",2,tl
3996,"Crime plus Fire, black! Please respond!","['Crime', 'Fire']",Black,"[1, 0]",3,tl
3997,"Urgent! Accident plus Other, red. pls","['Accident', 'Other']",Red,"[2, 5]",2,tl
3998,"Other plus Accident, green at Stampede sa concert, maraming nasaktan.","['Accident', 'Other']",Red,"[2, 5]",2,fil
3999,"Urgent at May stroke victim, kailangan agad ng hospital.","['Accident', 'Medical']",Red,"[2, 3]",2,fil
4000,"Other and Natural Disaster reported, red! Please respond!","['Other', 'Natural Disaster']",Red,"[5, 4]",2,fil
4001,"Robbery, may baril ang suspect at May fire at natural disaster, yellow.","['Crime', 'Fire', 'Natural Disaster']",Yellow,"[1, 0, 4]",1,fil
4002,"Boss May nanganak na, critical at Other plus Fire, green.","['Fire', 'Medical', 'Other']",Red,"[0, 3, 5]",2,fil
4003,"May crime at other, red at Tulong.","['Crime', 'Fire', 'Other']",Red,"[1, 0, 5]",2,fil
4004,"Emergency! Pinatay ang biktima, deceased na. pls",['Crime'],Black,[1],3,fil
4005,"Boss Hindi humihinga ang tao, CPR needed at Tulong.","['Medical', 'Natural Disaster']",Black,"[3, 4]",3,fil
4006,"May crime at natural disaster, black at Ma'am Brownout, walang kuryente.","['Crime', 'Natural Disaster', 'Other']",Black,"[1, 4, 5]",3,fil
4007,"Urgent! CPR failed, pronounced dead. ASAP. pls",['Medical'],Black,[3],3,tl
4008,"Tulong at Car crash, may injured.","['Accident', 'Crime']",Red,"[2, 1]",2,fil
4009,"Help at May nanganak na, critical.","['Crime', 'Fire', 'Medical']",Black,"[1, 0, 3]",3,fil
4010,Urgent at May smoke sa bahay pero minor lang po.,"['Fire', 'Other']",Yellow,"[0, 5]",1,fil
4011,"May smoke sa bahay pero minor lang po at Medical plus Natural Disaster, black.","['Fire', 'Medical', 'Natural Disaster']",Black,"[0, 3, 4]",3,fil
4012,"Urgent at Natural Disaster and Fire reported, black.","['Accident', 'Fire', 'Natural Disaster']",Black,"[2, 0, 4]",3,fil
4013,"Help at Truck accident, people trapped.","['Accident', 'Fire']",Red,"[2, 0]",2,tl
4014,"CPR failed, pronounced dead at Fire and Medical reported, red.","['Fire', 'Medical']",Black,"[0, 3]",3,tl
4015,"No signs of life, patay na po at Urgent.","['Fire', 'Medical', 'Other']",Black,"[0, 3, 5]",3,fil
4016,"Sir May baha pero mababa pa at Sir May stroke victim, kailangan agad ng hospital.","['Medical', 'Natural Disaster']",Yellow,"[3, 4]",1,fil
4017,"Help at Sir May bata nawawala pa, kailangan ng tulong.","['Natural Disaster', 'Other']",Red,"[4, 5]",2,fil
4018,"May nahihirapang huminga, asthmatic at Tulong.","['Accident', 'Medical']",Red,"[2, 3]",2,fil
4019,"May nanganak na, critical at Ma'am Flash flood, maraming hindi makalabas.","['Medical', 'Natural Disaster']",Red,"[3, 4]",2,fil
4020,"Emergency! Sunog sa factory, maraming workers pa sa loob! Bilisan po. pls",['Fire'],Red,[0],2,fil
4021,"Emergency at May accident at fire, yellow.","['Accident', 'Fire', 'Other']",Yellow,"[2, 0, 5]",1,tl
4022,"Ma'am May nagnakaw ng cellphone, nakita na namin ang suspect at Urgent.","['Crime', 'Fire', 'Medical']",Red,"[1, 0, 3]",2,fil
4023,"Nasagasaan, patay na po at May accident at crime, red.","['Accident', 'Crime']",Black,"[2, 1]",3,fil
4024,"Ma'am Minor collision sa kalsada, gasgas lang at May accident at other, yellow.","['Accident', 'Other']",Yellow,"[2, 5]",1,fil
4025,"Malakas na sunog, hindi makahinga ang mga tao at Crime and Other reported, green.","['Crime', 'Fire', 'Other']",Red,"[1, 0, 5]",2,fil
4026,"Accident plus Crime, green at Tulong.","['Accident', 'Crime']",Yellow,"[2, 1]",1,tl
4027,"Missing person found deceased at Natural Disaster plus Accident, yellow.","['Accident', 'Natural Disaster', 'Other']",Black,"[2, 4, 5]",3,fil
4028,"Ma'am Rollover, critical ang pasahero! Padala agad!",['Accident'],Red,[2],2,fil
4029,"Fire plus Other, yellow at Tulong.","['Crime', 'Fire', 'Other']",Yellow,"[1, 0, 5]",1,tl
4030,"Urgent at Ma'am Assault, kailangan ng ambulance.","['Crime', 'Natural Disaster']",Black,"[1, 4]",3,fil
4031,"Medical and Crime reported, red at Urgent.","['Crime', 'Fire', 'Medical', 'Natural Disaster']",Red,"[1, 0, 3, 4]",2,tl
4032,"Urgent at Boss Sunog sa bodega, malakas na ang apoy.","['Accident', 'Fire']",Red,"[2, 0]",2,fil
4033,"Urgent! May natural disaster at other, green. pls","['Natural Disaster', 'Other']",Green,"[4, 5]",0,fil
4034,"Help at Other and Fire reported, green.","['Crime', 'Fire', 'Medical', 'Other']",Yellow,"[1, 0, 3, 5]",1,tl
4035,"Brownout, walang kuryente at May other at fire, black.","['Fire', 'Other']",Black,"[0, 5]",3,fil
4036,"Help! May medical at crime, black! ASAP!","['Medical', 'Crime']",Black,"[3, 1]",3,fil
4037,"Urgent! May medical at fire, yellow. pls","['Medical', 'Fire']",Yellow,"[3, 0]",1,tl
4038,"Sir May bata nawawala pa, kailangan ng tulong at Help.","['Fire', 'Natural Disaster', 'Other']",Black,"[0, 4, 5]",3,fil
4039,"Ma'am May patay sa shooting, wala nang pulso at Help.","['Accident', 'Crime', 'Medical']",Black,"[2, 1, 3]",3,fil
4040,"May crime at other, red! Please respond!","['Crime', 'Other']",Red,"[1, 5]",2,fil
4041,"Medical and Crime reported, black at Sir Hindi humihinga ang tao, CPR needed.","['Crime', 'Medical']",Black,"[1, 3]",3,fil
4042,"Sir Sunog sa bodega, malakas na ang apoy at Crime and Accident reported, yellow.","['Accident', 'Crime', 'Fire']",Yellow,"[2, 1, 0]",1,fil
4043,"Missing person found deceased at Diabetic, low sugar lang, na-revive na.","['Medical', 'Other']",Black,"[3, 5]",3,fil
4044,"Boss May stroke victim, kailangan agad ng hospital at Boss May patay sa sunog, hindi na humihinga.","['Fire', 'Medical']",Black,"[0, 3]",3,fil
4045,"Minor collision sa kalsada, gasgas lang at Fire plus Natural Disaster, yellow.","['Accident', 'Fire', 'Natural Disaster']",Yellow,"[2, 0, 4]",1,fil
4046,"Landslide victim, deceased na!",['Natural Disaster'],Black,[4],3,tl
4047,"Help! Natural Disaster and Other reported, yellow! Please respond!","['Natural Disaster', 'Other']",Yellow,"[4, 5]",1,fil
4048,Boss May baha pero mababa pa! Padala agad!,['Natural Disaster'],Green,[4],0,tl
4049,"May namatay sa aksidente, wala nang pulso at Sir May usok sa kusina pero walang apoy pa, safe naman.","['Accident', 'Fire']",Black,"[2, 0]",3,fil
4050,"May other at fire, black! ASAP!","['Other', 'Fire']",Black,"[5, 0]",3,fil
4051,"Car accident, no injuries reported at Help.","['Accident', 'Crime']",Yellow,"[2, 1]",1,tl
4052,"Urgent at Sir May bata nawawala, nakita na.","['Accident', 'Medical', 'Other']",Yellow,"[2, 3, 5]",1,fil
4053,"May accident at other, green at Urgent.","['Accident', 'Natural Disaster', 'Other']",Green,"[2, 4, 5]",0,tl
4054,"Sunog sa bodega, malakas na ang apoy at Urgent.","['Accident', 'Fire', 'Other']",Red,"[2, 0, 5]",2,fil
4055,"Sir May usok sa kusina pero walang apoy pa, safe naman at Boss Nakita ang bangkay sa ilog.","['Fire', 'Other']",Black,"[0, 5]",3,fil
4056,"Other plus Accident, yellow at May accident at fire, yellow.","['Accident', 'Fire', 'Other']",Yellow,"[2, 0, 5]",1,tl
4057,"Urgent! Crime and Accident reported, black. ASAP. pls","['Crime', 'Accident']",Black,"[1, 2]",3,fil
4058,"Urgent! Medical and Crime reported, green!","['Medical', 'Crime']",Green,"[3, 1]",0,tl
4059,"Natural Disaster and Crime reported, red at Ma'am May namatay sa aksidente, wala nang pulso.","['Accident', 'Crime', 'Natural Disaster']",Black,"[2, 1, 4]",3,fil
4060,"May fire at other, green at Sir Sunog sa factory, maraming workers pa sa loob.","['Fire', 'Other']",Red,"[0, 5]",2,fil
4061,"Help! Other and Medical reported, green! Please respond!","['Other', 'Medical']",Green,"[5, 3]",0,tl
4062,"Sir Baha na, tumataas ang tubig!",['Natural Disaster'],Yellow,[4],1,fil
4063,"Tulong! Baha na, tumataas ang tubig. Bilisan po. pls",['Natural Disaster'],Yellow,[4],1,fil
4064,"Boss Nasusunog yung tindahan, may nasugatan. pls",['Fire'],Yellow,[0],1,fil
4065,"Help! Accident plus Crime, red! Please respond!","['Accident', 'Crime']",Red,"[2, 1]",2,tl
4066,"Help! Medical and Natural Disaster reported, yellow! Please respond!","['Medical', 'Natural Disaster']",Yellow,"[3, 4]",1,fil
4067,"Accident plus Crime, green! ASAP!","['Accident', 'Crime']",Green,"[2, 1]",0,tl
4068,"Help! Crime plus Other, green. pls","['Crime', 'Other']",Green,"[1, 5]",0,tl
4069,"Natural Disaster plus Medical, black at Sir Holdap sa jeep, may nasaksak.","['Crime', 'Medical', 'Natural Disaster']",Black,"[1, 3, 4]",3,fil
4070,"Crime and Accident reported, yellow at Malubhang banggaan, may hindi humihinga.","['Accident', 'Crime']",Red,"[2, 1]",2,fil
4071,"Boss Holdap sa jeep, may nasaksak at Tulong.","['Crime', 'Medical']",Black,"[1, 3]",3,fil
4072,"Medical and Fire reported, yellow at Sir Hindi humihinga ang tao, CPR needed.","['Fire', 'Medical']",Red,"[0, 3]",2,fil
4073,"Natural Disaster plus Accident, yellow. Please respond. pls","['Natural Disaster', 'Accident']",Yellow,"[4, 2]",1,fil
4074,"Tulong! Sunog sa factory, maraming workers pa sa loob! Padala agad!",['Fire'],Red,[0],2,fil
4075,"Fire plus Other, green! Please respond!","['Fire', 'Other']",Green,"[0, 5]",0,tl
4076,"Accident plus Fire, yellow at Tulong.","['Accident', 'Fire']",Black,"[2, 0]",3,tl
4077,"Mild allergic reaction, stable na! Please respond!",['Medical'],Green,[3],0,fil
4078,"Help! Natural Disaster plus Fire, black. pls","['Natural Disaster', 'Fire']",Black,"[4, 0]",3,fil
4079,"Ma'am May namatay sa aksidente, wala nang pulso. Padala agad. pls",['Accident'],Black,[2],3,fil
4080,"Tulong! Sunog sa factory, maraming workers pa sa loob! Padala agad. pls",['Fire'],Red,[0],2,fil
4081,"May other at accident, green at Help.","['Accident', 'Crime', 'Other']",Green,"[2, 1, 5]",0,tl
4082,"Gas leak malakas, may nahimatay at Sir May patay sa sunog, hindi na humihinga.","['Fire', 'Other']",Black,"[0, 5]",3,fil
4083,"Fire and Accident reported, red at Natural Disaster and Fire reported, yellow.","['Accident', 'Fire', 'Natural Disaster']",Red,"[2, 0, 4]",2,fil
4084,"Ma'am Flash flood, maraming hindi makalabas! pls",['Natural Disaster'],Red,[4],2,fil
4085,"Urgent at May crime at other, green.","['Crime', 'Medical', 'Natural Disaster', 'Other']",Red,"[1, 3, 4, 5]",2,tl
4086,"Medical and Fire reported, yellow at Car accident, no injuries reported.","['Accident', 'Fire', 'Medical']",Yellow,"[2, 0, 3]",1,tl
4087,"Minor collision sa kalsada, gasgas lang at Ma'am Hindi humihinga ang tao, CPR needed.","['Accident', 'Medical']",Red,"[2, 3]",2,fil
4088,"Boss Hostage situation, may kutsilyo at Natural Disaster and Fire reported, green.","['Crime', 'Fire', 'Natural Disaster']",Red,"[1, 0, 4]",2,fil
4089,"Fire and Accident reported, yellow at Help.","['Accident', 'Crime', 'Fire', 'Medical']",Red,"[2, 1, 0, 3]",2,tl
4090,"May crime at natural disaster, black at Hindi humihinga ang tao, CPR needed.","['Crime', 'Medical', 'Natural Disaster']",Black,"[1, 3, 4]",3,fil
4091,"Urgent! Accident plus Crime, green. Please respond. pls","['Accident', 'Crime']",Green,"[2, 1]",0,tl
4092,"Tulong at Malubhang banggaan, may hindi humihinga.","['Accident', 'Fire']",Red,"[2, 0]",2,fil
4093,"Urgent at Ma'am May patay sa shooting, wala nang pulso.","['Accident', 'Crime', 'Other']",Black,"[2, 1, 5]",3,fil
4094,"Boss Malakas ang ulan pero ok pa naman at Elderly collapsed, needs treatment soon.","['Medical', 'Natural Disaster']",Yellow,"[3, 4]",1,fil
4095,"May accident at other, green at Tulong.","['Accident', 'Other']",Black,"[2, 5]",3,fil
4096,"Help at Boss Baha na, tumataas ang tubig.","['Crime', 'Natural Disaster', 'Other']",Black,"[1, 4, 5]",3,fil
4097,"Crime plus Other, black! ASAP!","['Crime', 'Other']",Black,"[1, 5]",3,tl
4098,"Help at Sir May bugbog, nasugatan ang biktima.","['Crime', 'Fire', 'Natural Disaster']",Yellow,"[1, 0, 4]",1,fil
4099,"Tulong at Fire victim, no pulse na po.","['Accident', 'Fire']",Black,"[2, 0]",3,fil
4100,"Urgent! Truck accident, people trapped! pls",['Accident'],Red,[2],2,tl
4101,"Urgent! Crime and Other reported, green. ASAP. pls","['Crime', 'Other']",Green,"[1, 5]",0,fil
4102,"May accident at medical, red at Fatal crash, driver deceased.","['Accident', 'Medical']",Black,"[2, 3]",3,tl
4103,"May accident at crime, red at Boss Nasagasaan, patay na po.","['Accident', 'Crime']",Black,"[2, 1]",3,fil
4104,"Help! Fire and Accident reported, yellow! Please respond!","['Fire', 'Accident']",Yellow,"[0, 2]",1,tl
4105,"Ma'am May namatay sa aksidente, wala nang pulso at Ma'am Flash flood, maraming hindi makalabas.","['Accident', 'Natural Disaster']",Black,"[2, 4]",3,fil
4106,"Fire plus Natural Disaster, yellow at Ma'am May nagnakaw ng cellphone, nakita na namin ang suspect.","['Crime', 'Fire', 'Natural Disaster']",Yellow,"[1, 0, 4]",1,fil
4107,"Ma'am May stroke victim, kailangan agad ng hospital. pls",['Medical'],Yellow,[3],1,fil
4108,"May bata nawawala pa, kailangan ng tulong at Truck nasagasaan ang tao, kailangan ng ambulance.","['Accident', 'Other']",Yellow,"[2, 5]",1,fil
4109,"Ma'am Brownout, walang kuryente at Seizure, kailangan ng ambulance.","['Medical', 'Other']",Yellow,"[3, 5]",1,fil
4110,"Other plus Accident, black at Other plus Fire, green.","['Accident', 'Fire', 'Other']",Black,"[2, 0, 5]",3,tl
4111,"Help! May accident at crime, yellow! ASAP!","['Accident', 'Crime']",Yellow,"[2, 1]",1,fil
4112,"Fire plus Medical, red at Help.","['Accident', 'Fire', 'Medical', 'Natural Disaster']",Red,"[2, 0, 3, 4]",2,tl
4113,"May medical at crime, black. Please respond. pls","['Medical', 'Crime']",Black,"[3, 1]",3,fil
4114,"Urgent! Crime plus Other, green. ASAP. pls","['Crime', 'Other']",Green,"[1, 5]",0,tl
4115,"Emergency at Ma'am May nahimatay pero nagising na, ok na.","['Crime', 'Medical']",Red,"[1, 3]",2,fil
4116,"May nahihirapang huminga, asthmatic at Fire plus Accident, yellow.","['Accident', 'Fire', 'Medical']",Yellow,"[2, 0, 3]",1,fil
4117,"Fatal stabbing, victim pronounced dead at Ma'am Malubhang banggaan, may hindi humihinga.","['Accident', 'Crime']",Black,"[2, 1]",3,fil
4118,"Minor collision sa kalsada, gasgas lang at Help.","['Accident', 'Medical']",Yellow,"[2, 3]",1,fil
4119,"Tulong! May sumakit ang ulo, minor lang! Padala agad!",['Medical'],Green,[3],0,fil
4120,"Ma'am Pinatay ang biktima, deceased na at Urgent.","['Accident', 'Crime', 'Other']",Black,"[2, 1, 5]",3,fil
4121,"Urgent! Medical and Natural Disaster reported, red! ASAP!","['Medical', 'Natural Disaster']",Red,"[3, 4]",2,fil
4122,"Accident plus Crime, green. ASAP. pls","['Accident', 'Crime']",Green,"[2, 1]",0,tl
4123,"Suspicious package, nag-evacuate na at Emergency.","['Accident', 'Other']",Red,"[2, 5]",2,tl
4124,"Help! May crime at fire, green. pls","['Crime', 'Fire']",Green,"[1, 0]",0,tl
4125,"Medical plus Other, yellow at Fire victim, no pulse na po.","['Fire', 'Medical', 'Other']",Black,"[0, 3, 5]",3,fil
4126,"Fire plus Natural Disaster, yellow at May accident at crime, red.","['Accident', 'Crime', 'Fire', 'Natural Disaster']",Red,"[2, 1, 0, 4]",2,fil
4127,"Ma'am Flash flood, maraming hindi makalabas at Sir Holdap may baril, may nasaktan.","['Crime', 'Natural Disaster']",Red,"[1, 4]",2,fil
4128,"Other plus Accident, yellow. Please respond. pls","['Other', 'Accident']",Yellow,"[5, 2]",1,tl
4129,"Natural Disaster and Crime reported, red at Boss Hostage situation, may kutsilyo.","['Crime', 'Natural Disaster']",Red,"[1, 4]",2,fil
4130,"Landslide victim, deceased na. pls",['Natural Disaster'],Black,[4],3,tl
4131,"Ma'am Sunog sa basurahan lang, konti na lang at Emergency.","['Fire', 'Medical']",Yellow,"[0, 3]",1,fil
4132,"Boss May nanganak na, critical! pls!",['Medical'],Red,[3],2,fil
4133,"Medical and Other reported, green at Crime and Fire reported, yellow.","['Crime', 'Fire', 'Medical', 'Other']",Yellow,"[1, 0, 3, 5]",1,tl
4134,"Help! Crime and Other reported, green! ASAP!","['Crime', 'Other']",Green,"[1, 5]",0,fil
4135,"Boss Walang pulso, deceased na at May accident at fire, yellow.","['Accident', 'Fire', 'Medical']",Black,"[2, 0, 3]",3,fil
4136,"May accident at other, green! Please respond!","['Accident', 'Other']",Green,"[2, 5]",0,fil
4137,"Jeep tumama sa poste, may pasahero na nasaktan at Medical plus Other, yellow.","['Accident', 'Medical', 'Other']",Yellow,"[2, 3, 5]",1,fil
4138,"Ma'am May nagnakaw ng cellphone, nakita na namin ang suspect. Bilisan.",['Crime'],Green,[1],0,fil
4139,"Gas leak malakas, may nahimatay at Help.","['Fire', 'Other']",Black,"[0, 5]",3,fil
4140,"Baha mataas na, may tao na trap sa bubong at May crime at fire, green.","['Crime', 'Fire', 'Natural Disaster']",Red,"[1, 0, 4]",2,fil
4141,"Help! Crime and Medical reported, green. ASAP. pls","['Crime', 'Medical']",Green,"[1, 3]",0,fil
4142,"Help! Fire plus Other, green! ASAP!","['Fire', 'Other']",Green,"[0, 5]",0,tl
4143,"May accident at fire, yellow at Emergency.","['Accident', 'Fire']",Yellow,"[2, 0]",1,tl
4144,"Other and Crime reported, yellow at Fire plus Other, yellow.","['Crime', 'Fire', 'Other']",Yellow,"[1, 0, 5]",1,tl
4145,"Overdose, not breathing at Other and Fire reported, yellow.","['Fire', 'Medical', 'Other']",Red,"[0, 3, 5]",2,fil
4146,"Emergency at Truck nasagasaan ang tao, kailangan ng ambulance.","['Accident', 'Other']",Red,"[2, 5]",2,fil
4147,"Boss Hindi humihinga ang tao, CPR needed at Boss Motor crash, severe bleeding ang rider.","['Accident', 'Medical']",Red,"[2, 3]",2,fil
4148,Missing person found deceased. pls,['Other'],Black,[5],3,tl
4149,"Overdose, not breathing at Boss May patay sa shooting, wala nang pulso.","['Crime', 'Medical']",Black,"[1, 3]",3,fil
4150,"Missing person found deceased at Crime and Fire reported, red.","['Crime', 'Fire', 'Other']",Black,"[1, 0, 5]",3,fil
4151,"Urgent at Sir Sunog sa bodega, malakas na ang apoy.","['Accident', 'Fire']",Yellow,"[2, 0]",1,fil
4152,Tulong at May smoke sa bahay pero minor lang po.,"['Accident', 'Fire']",Black,"[2, 0]",3,fil
4153,"May sumakit ang ulo, minor lang at Nasagasaan, patay na po.","['Accident', 'Medical']",Black,"[2, 3]",3,fil
4154,"Sir Holdap may baril, may nasaktan! pls",['Crime'],Red,[1],2,fil
4155,"Sir Baha na, tumataas ang tubig at Help.","['Accident', 'Crime', 'Natural Disaster']",Red,"[2, 1, 4]",2,fil
4156,"Natural Disaster and Fire reported, black! ASAP!","['Natural Disaster', 'Fire']",Black,"[4, 0]",3,fil
4157,"Nasagasaan, patay na po at Boss May patay sa shooting, wala nang pulso.","['Accident', 'Crime']",Black,"[2, 1]",3,fil
4158,"Sunog sa factory, maraming workers pa sa loob! Bilisan po!",['Fire'],Red,[0],2,fil
4159,"Boss May sumakit ang ulo, minor lang! pls!",['Medical'],Green,[3],0,fil
4160,"Natural Disaster plus Medical, black! Please respond!","['Natural Disaster', 'Medical']",Black,"[4, 3]",3,fil
4161,"Sir Baha na, tumataas ang tubig at Medical plus Other, yellow.","['Medical', 'Natural Disaster', 'Other']",Yellow,"[3, 4, 5]",1,fil
4162,"Tulong at Medical and Crime reported, black.","['Crime', 'Medical']",Black,"[1, 3]",3,fil
4163,"Tulong at Pinatay ang biktima, deceased na.","['Crime', 'Medical']",Black,"[1, 3]",3,fil
4164,"Help at Sir Assault, kailangan ng ambulance.","['Crime', 'Natural Disaster', 'Other']",Black,"[1, 4, 5]",3,fil
4165,"Medical and Other reported, green at Tulong.","['Fire', 'Medical', 'Other']",Red,"[0, 3, 5]",2,fil
4166,"Sir May baha pero mababa pa at Suspicious package, nag-evacuate na.","['Natural Disaster', 'Other']",Yellow,"[4, 5]",1,fil
4167,"Emergency! Stampede sa concert, maraming nasaktan! Bilisan po!",['Other'],Red,[5],2,fil
4168,"Missing person, hinahanap pa at Sir Hindi humihinga ang tao, CPR needed.","['Medical', 'Other']",Red,"[3, 5]",2,fil
4169,"May crime at natural disaster, red at Urgent.","['Crime', 'Natural Disaster']",Red,"[1, 4]",2,fil
4170,"May other at accident, green! ASAP!","['Other', 'Accident']",Green,"[5, 2]",0,fil
4171,"Fire and Medical reported, red! Please respond!","['Fire', 'Medical']",Red,"[0, 3]",2,tl
4172,"May natural disaster at crime, yellow at Hostage situation, may kutsilyo.","['Crime', 'Natural Disaster']",Red,"[1, 4]",2,fil
4173,"Urgent at Sir Bangga ng kotse sa parking, walang sugat.","['Accident', 'Medical', 'Other']",Green,"[2, 3, 5]",0,fil
4174,"Ma'am Motor naaksidente, nasugatan ang driver at May accident at medical, red.","['Accident', 'Medical']",Red,"[2, 3]",2,fil
4175,"Help at Boss Brownout, walang kuryente.","['Accident', 'Crime', 'Other']",Green,"[2, 1, 5]",0,fil
4176,"May sumakit ang ulo, minor lang at Urgent.","['Crime', 'Medical']",Black,"[1, 3]",3,fil
4177,"Medical and Natural Disaster reported, green at Elderly collapsed, needs treatment soon.","['Medical', 'Natural Disaster']",Yellow,"[3, 4]",1,fil
4178,"Natural Disaster and Fire reported, green at May patay sa shooting, wala nang pulso.","['Crime', 'Fire', 'Natural Disaster']",Black,"[1, 0, 4]",3,fil
4179,"Bangga ng kotse sa parking, walang sugat at May accident at crime, red.","['Accident', 'Crime']",Red,"[2, 1]",2,fil
4180,"Crime and Accident reported, yellow at Sir Baha na, tumataas ang tubig.","['Accident', 'Crime', 'Natural Disaster']",Yellow,"[2, 1, 4]",1,fil
4181,"Stabbing, critical condition at Medical and Crime reported, red.","['Crime', 'Medical']",Red,"[1, 3]",2,fil
4182,"Flash flood, maraming hindi makalabas! pls",['Natural Disaster'],Red,[4],2,fil
4183,"Help! May medical at other, yellow! ASAP!","['Medical', 'Other']",Yellow,"[3, 5]",1,fil
4184,"Boss Walang pulso, deceased na at Sir May usok sa kusina pero walang apoy pa, safe naman.","['Fire', 'Medical']",Black,"[0, 3]",3,fil
4185,"Other plus Fire, green at May patay sa shooting, wala nang pulso.","['Crime', 'Fire', 'Other']",Black,"[1, 0, 5]",3,fil
4186,"Ma'am Flash flood, maraming hindi makalabas at Medical plus Other, yellow.","['Medical', 'Natural Disaster', 'Other']",Red,"[3, 4, 5]",2,fil
4187,"Hit and run, victim needs treatment at Malakas na sunog, hindi makahinga ang mga tao.","['Accident', 'Fire']",Red,"[2, 0]",2,fil
4188,"Crime and Medical reported, black at Sunog sa factory, maraming workers pa sa loob.","['Crime', 'Fire', 'Medical']",Black,"[1, 0, 3]",3,fil
4189,"Help! Natural Disaster plus Accident, yellow. Please respond. pls","['Natural Disaster', 'Accident']",Yellow,"[4, 2]",1,fil
4190,"Tulong! May stroke victim, kailangan agad ng hospital..",['Medical'],Yellow,[3],1,fil
4191,"May accident at crime, red at Sir Baha na, tumataas ang tubig.","['Accident', 'Crime', 'Natural Disaster']",Red,"[2, 1, 4]",2,fil
4192,"Sir May bata nawawala, nakita na at Crime and Other reported, yellow.","['Crime', 'Other']",Yellow,"[1, 5]",1,fil
4193,"Help! Other plus Fire, red! Please respond!","['Other', 'Fire']",Red,"[5, 0]",2,tl
4194,"Sir May bata nawawala, nakita na at Emergency.","['Accident', 'Other']",Red,"[2, 5]",2,fil
4195,"Sir Motor crash, severe bleeding ang rider at Earthquake, building collapse, people trapped.","['Accident', 'Natural Disaster']",Red,"[2, 4]",2,fil
4196,"Urgent at Motor crash, severe bleeding ang rider.","['Accident', 'Crime', 'Natural Disaster']",Red,"[2, 1, 4]",2,fil
4197,"Accident plus Fire, red at May fire at natural disaster, yellow.","['Accident', 'Fire', 'Natural Disaster']",Red,"[2, 0, 4]",2,fil
4198,"Riot sa rally, may nasugatan!",['Other'],Yellow,[5],1,fil
4199,"Urgent at May medical at crime, black.","['Crime', 'Medical', 'Natural Disaster', 'Other']",Black,"[1, 3, 4, 5]",3,tl
4200,"Help at Medical and Fire reported, yellow.","['Fire', 'Medical', 'Natural Disaster']",Black,"[0, 3, 4]",3,tl
4201,"Structure fire, may bata na naiwan! pls",['Fire'],Red,[0],2,fil
4202,"May patay sa shooting, wala nang pulso!",['Crime'],Black,[1],3,fil
4203,"Nasusunog yung tindahan, may nasugatan at May accident at other, yellow.","['Accident', 'Fire', 'Other']",Yellow,"[2, 0, 5]",1,fil
4204,"Crime plus Medical, green. Please respond. pls","['Crime', 'Medical']",Green,"[1, 3]",0,tl
4205,"Pinatay ang biktima, deceased na at Tulong.","['Accident', 'Crime']",Black,"[2, 1]",3,fil
4206,"Help! House fire, need help! ASAP!",['Fire'],Yellow,[0],1,tl
4207,"Tulong at Sir Riot, may baril.","['Crime', 'Other']",Red,"[1, 5]",2,fil
4208,"May nag-attempt ng break-in, na-scare off na. Please respond. pls",['Crime'],Green,[1],0,fil
4209,"Tulong! Motor naaksidente, nasugatan ang driver! Bilisan po!",['Accident'],Yellow,[2],1,fil
4210,"Nakawan sa sari-sari store, minor lang at Help.","['Crime', 'Fire']",Black,"[1, 0]",3,fil
4211,"Fire victim, no pulse na po at Boss Motor crash, severe bleeding ang rider.","['Accident', 'Fire']",Black,"[2, 0]",3,fil
4212,"Medical plus Natural Disaster, black at Lindol kanina, may mga nasugatan sa landslide.","['Medical', 'Natural Disaster']",Black,"[3, 4]",3,fil
4213,"Crime plus Medical, black! ASAP!","['Crime', 'Medical']",Black,"[1, 3]",3,tl
4214,"Accident plus Fire, yellow at No signs of life, patay na po.","['Accident', 'Fire', 'Medical']",Black,"[2, 0, 3]",3,fil
4215,"Urgent at Small fire sa labas, na-control na.","['Crime', 'Fire']",Black,"[1, 0]",3,fil
4216,"May nagnakaw ng cellphone, nakita na namin ang suspect at May crime at fire, green.","['Crime', 'Fire']",Green,"[1, 0]",0,fil
4217,Emergency at Ma'am Malakas ang ulan pero ok pa naman.,"['Medical', 'Natural Disaster']",Yellow,"[3, 4]",1,fil
4218,"Medical plus Crime, red! ASAP!","['Medical', 'Crime']",Red,"[3, 1]",2,tl
4219,"Help! Crime plus Medical, red! ASAP!","['Crime', 'Medical']",Red,"[1, 3]",2,tl
4220,"Suspicious package, nag-evacuate na! pls!",['Other'],Yellow,[5],1,tl
4221,"Bangga ng kotse sa parking, walang sugat at Sir Gas leak malakas, may nahimatay.","['Accident', 'Other']",Red,"[2, 5]",2,fil
4222,"Boss Brownout, walang kuryente at Other and Fire reported, green.","['Fire', 'Other']",Green,"[0, 5]",0,fil
4223,"Urgent! Structure fire, may bata na naiwan! pls",['Fire'],Red,[0],2,fil
4224,"Medical and Crime reported, black! Please respond!","['Medical', 'Crime']",Black,"[3, 1]",3,tl
4225,"Ma'am Nasunog ang bahay, may namatay na at Urgent.","['Accident', 'Crime', 'Fire']",Black,"[2, 1, 0]",3,fil
4226,"Tulong at Crime and Medical reported, red.","['Accident', 'Crime', 'Medical']",Red,"[2, 1, 3]",2,fil
4227,"Urgent! May other at accident, green! ASAP!","['Other', 'Accident']",Green,"[5, 2]",0,fil
4228,"Baha na, tumataas ang tubig. pls",['Natural Disaster'],Yellow,[4],1,fil
4229,"Boss Motor crash, severe bleeding ang rider at Emergency.","['Accident', 'Fire']",Red,"[2, 0]",2,fil
4230,"Bagyo wasak ang bubong, may injured at Truck accident, people trapped.","['Accident', 'Natural Disaster']",Red,"[2, 4]",2,fil
4231,"Nasagasaan, patay na po at Sunog sa factory, maraming workers pa sa loob.","['Accident', 'Fire']",Black,"[2, 0]",3,fil
4232,"Tulong! Lindol kanina, may mga nasugatan sa landslide. pls",['Natural Disaster'],Yellow,[4],1,fil
4233,"Help at Other plus Fire, green.","['Fire', 'Natural Disaster', 'Other']",Yellow,"[0, 4, 5]",1,tl
4234,"Boss May baha pero mababa pa at May sunog sa bahay, may tao na trap sa loob.","['Fire', 'Natural Disaster']",Red,"[0, 4]",2,fil
4235,"Suspicious package, nag-evacuate na at Sir Motor crash, severe bleeding ang rider.","['Accident', 'Other']",Red,"[2, 5]",2,fil
4236,"Emergency! No signs of life, patay na po. Bilisan po. pls",['Medical'],Black,[3],3,fil
4237,"May sunog sa bahay, may tao na trap sa loob at Accident plus Crime, red.","['Accident', 'Crime', 'Fire']",Red,"[2, 1, 0]",2,fil
4238,"Boss Walang pulso, deceased na at Shooting incident, severe bleeding.","['Crime', 'Medical']",Black,"[1, 3]",3,fil
4239,"May natural disaster at other, green at Help.","['Crime', 'Natural Disaster', 'Other']",Black,"[1, 4, 5]",3,fil
4240,"Urgent! May fire at natural disaster, yellow! Please respond!","['Fire', 'Natural Disaster']",Yellow,"[0, 4]",1,fil
4241,"Tulong at Sir Baha na, tumataas ang tubig.","['Crime', 'Natural Disaster']",Yellow,"[1, 4]",1,fil
4242,"Urgent! May fire at medical, red! Please respond!","['Fire', 'Medical']",Red,"[0, 3]",2,fil
4243,"Sir May bata nawawala, nakita na..",['Other'],Green,[5],0,fil
4244,"Crime plus Fire, black at Medical plus Fire, red.","['Crime', 'Fire', 'Medical']",Black,"[1, 0, 3]",3,tl
4245,"Urgent! Accident and Fire reported, red. Please respond. pls","['Accident', 'Fire']",Red,"[2, 0]",2,tl
4246,"Fire and Other reported, yellow. Please respond. pls","['Fire', 'Other']",Yellow,"[0, 5]",1,tl
4247,"Crime plus Medical, red at Other plus Accident, black.","['Accident', 'Crime', 'Medical', 'Other']",Black,"[2, 1, 3, 5]",3,tl
4248,"May sunog sa bahay, kailangan ng fire truck at Urgent.","['Crime', 'Fire', 'Other']",Black,"[1, 0, 5]",3,fil
4249,"Crime and Fire reported, red at Elderly collapsed, needs treatment soon.","['Crime', 'Fire', 'Medical']",Red,"[1, 0, 3]",2,tl
4250,"Fire plus Accident, black at Emergency.","['Accident', 'Fire']",Black,"[2, 0]",3,tl
4251,"May accident at medical, green at Fire plus Medical, red.","['Accident', 'Fire', 'Medical']",Red,"[2, 0, 3]",2,tl
4252,"Brownout, walang kuryente at Hindi humihinga ang tao, CPR needed.","['Medical', 'Other']",Red,"[3, 5]",2,fil
4253,"May fire at other, green at Urgent.","['Crime', 'Fire', 'Natural Disaster', 'Other']",Red,"[1, 0, 4, 5]",2,tl
4254,"Help at Medical plus Natural Disaster, black.","['Accident', 'Fire', 'Medical', 'Natural Disaster']",Black,"[2, 0, 3, 4]",3,fil
4255,"Emergency! Jeep tumama sa poste, may pasahero na nasaktan. pls",['Accident'],Yellow,[2],1,fil
4256,"Help at May accident at fire, yellow.","['Accident', 'Fire', 'Other']",Red,"[2, 0, 5]",2,tl
4257,"Child missing, may suspect at May crime at fire, green.","['Crime', 'Fire', 'Other']",Red,"[1, 0, 5]",2,fil
4258,"Kitchen fire, napatay na namin at Help.","['Crime', 'Fire']",Yellow,"[1, 0]",1,tl
4259,"Fire plus Accident, yellow at Ma'am Hindi humihinga ang tao, CPR needed.","['Accident', 'Fire', 'Medical']",Red,"[2, 0, 3]",2,fil
4260,"Ma'am Flash flood, maraming hindi makalabas at Boss May usok sa kusina pero walang apoy pa, safe naman.","['Fire', 'Natural Disaster']",Red,"[0, 4]",2,fil
4261,"Natural Disaster and Fire reported, black at Sir Sunog sa bodega, malakas na ang apoy.","['Fire', 'Natural Disaster']",Black,"[0, 4]",3,fil
4262,"Boss May patay sa sunog, hindi na humihinga at Help.","['Fire', 'Medical', 'Natural Disaster']",Black,"[0, 3, 4]",3,fil
4263,"Assault, kailangan ng ambulance at May accident at other, yellow.","['Accident', 'Crime', 'Other']",Yellow,"[2, 1, 5]",1,fil
4264,"Urgent! Medical plus Accident, yellow. Please respond. pls","['Medical', 'Accident']",Yellow,"[3, 2]",1,tl
4265,"Help at Crime and Accident reported, yellow.","['Accident', 'Crime', 'Medical']",Yellow,"[2, 1, 3]",1,tl
4266,"Sir Sunog sa bodega, malakas na ang apoy at Ma'am Brownout, walang kuryente.","['Fire', 'Other']",Yellow,"[0, 5]",1,fil
4267,"Boss May patay sa shooting, wala nang pulso! pls!",['Crime'],Black,[1],3,fil
4268,"Crime and Fire reported, yellow at Shooting incident, severe bleeding.","['Crime', 'Fire']",Red,"[1, 0]",2,fil
4269,"Urgent at Natural Disaster and Fire reported, green.","['Crime', 'Fire', 'Natural Disaster']",Green,"[1, 0, 4]",0,fil
4270,"Help! Fire victim, no pulse na. ASAP.",['Fire'],Black,[0],3,fil
4271,"Help at Ma'am May stroke victim, kailangan agad ng hospital.","['Crime', 'Medical', 'Natural Disaster']",Yellow,"[1, 3, 4]",1,fil
4272,"Ma'am Motor naaksidente, nasugatan ang driver. Bilisan po. pls",['Accident'],Yellow,[2],1,fil
4273,"Ma'am May namatay sa baha, nakita ang bangkay at Urgent.","['Fire', 'Natural Disaster']",Black,"[0, 4]",3,fil
4274,"Urgent! Other and Fire reported, yellow! ASAP!","['Other', 'Fire']",Yellow,"[5, 0]",1,fil
4275,"May bata nawawala, nakita na! Bilisan po!",['Other'],Green,[5],0,fil
4276,"Help! May accident at crime, red. ASAP. pls","['Accident', 'Crime']",Red,"[2, 1]",2,fil
4277,"Storm damage sa bubong, minor lang at Tulong.","['Accident', 'Natural Disaster']",Black,"[2, 4]",3,fil
4278,"Sir Nasunog ang bahay, may namatay na at Baha mataas na, may tao na trap sa bubong.","['Fire', 'Natural Disaster']",Black,"[0, 4]",3,fil
4279,"Sir Hindi humihinga ang tao, CPR needed! pls",['Medical'],Red,[3],2,fil
4280,"Emergency at May other at accident, green.","['Accident', 'Other']",Yellow,"[2, 5]",1,tl
4281,"Minor collision sa kalsada, gasgas lang. Bilisan.",['Accident'],Green,[2],0,fil
4282,"Urgent! Stabbing, critical condition! ASAP!",['Crime'],Red,[1],2,fil
4283,"Urgent at May other at accident, yellow.","['Accident', 'Fire', 'Other']",Yellow,"[2, 0, 5]",1,tl
4284,"Urgent at Kitchen fire, napatay na namin.","['Fire', 'Other']",Black,"[0, 5]",3,tl
4285,"Natural Disaster plus Other, black at Brownout, walang kuryente.","['Natural Disaster', 'Other']",Black,"[4, 5]",3,fil
4286,"Urgent at Medical plus Natural Disaster, yellow.","['Fire', 'Medical', 'Natural Disaster']",Yellow,"[0, 3, 4]",1,fil
4287,"Ma'am Lindol kanina, may mga nasugatan sa landslide at Other plus Accident, green.","['Accident', 'Natural Disaster', 'Other']",Yellow,"[2, 4, 5]",1,fil
4288,"Help! Accident plus Fire, green! ASAP!","['Accident', 'Fire']",Green,"[2, 0]",0,tl
4289,"Boss May patay sa shooting, wala nang pulso..",['Crime'],Black,[1],3,fil
4290,"Ma'am Truck nasagasaan ang tao, kailangan ng ambulance. Bilisan po. pls",['Accident'],Yellow,[2],1,fil
4291,"May stroke victim, kailangan agad ng hospital at May natural disaster at crime, yellow.","['Crime', 'Medical', 'Natural Disaster']",Yellow,"[1, 3, 4]",1,fil
4292,"May namatay sa aksidente, wala nang pulso at May crime at natural disaster, black.","['Accident', 'Crime', 'Natural Disaster']",Black,"[2, 1, 4]",3,fil
4293,"Help! Crime plus Medical, green. pls","['Crime', 'Medical']",Green,"[1, 3]",0,tl
4294,"Other and Fire reported, green at Ma'am Minor collision sa kalsada, gasgas lang.","['Accident', 'Fire', 'Other']",Green,"[2, 0, 5]",0,fil
4295,"Rollover, critical ang pasahero at Nakawan sa sari-sari store, minor lang.","['Accident', 'Crime']",Red,"[2, 1]",2,fil
4296,"Help at Ma'am Landslide, may na-bury na tao.","['Natural Disaster', 'Other']",Black,"[4, 5]",3,fil
4297,"Help at Stabbing, critical condition.","['Accident', 'Crime', 'Fire']",Red,"[2, 1, 0]",2,tl
4298,"Help! Natural Disaster and Other reported, yellow. Please respond. pls","['Natural Disaster', 'Other']",Yellow,"[4, 5]",1,fil
4299,"May fire at accident, yellow at Urgent.","['Accident', 'Fire', 'Natural Disaster']",Yellow,"[2, 0, 4]",1,tl
4300,"Sir Sunog sa bodega, malakas na ang apoy. Bilisan po. pls",['Fire'],Yellow,[0],1,fil
4301,"Urgent! Medical and Accident reported, red! ASAP!","['Medical', 'Accident']",Red,"[3, 2]",2,fil
4302,"Tulong at May patay sa shooting, wala nang pulso.","['Accident', 'Crime']",Black,"[2, 1]",3,fil
4303,"Sir Assault, kailangan ng ambulance at Help.","['Accident', 'Crime', 'Other']",Red,"[2, 1, 5]",2,fil
4304,"Emergency at Fire victim, no pulse na po.","['Fire', 'Other']",Black,"[0, 5]",3,fil
4305,"Urgent! Accident plus Other, red. ASAP. pls","['Accident', 'Other']",Red,"[2, 5]",2,tl
4306,"Emergency at May crime at natural disaster, red.","['Crime', 'Natural Disaster']",Red,"[1, 4]",2,fil
4307,"Urgent at Ma'am May namatay sa aksidente, wala nang pulso.","['Accident', 'Crime', 'Medical']",Black,"[2, 1, 3]",3,fil
4308,"Fire plus Accident, black at Help.","['Accident', 'Fire', 'Other']",Black,"[2, 0, 5]",3,tl
4309,"Help at Boss Hindi humihinga ang tao, CPR needed.","['Accident', 'Fire', 'Medical']",Red,"[2, 0, 3]",2,fil
4310,"Medical and Crime reported, green at Other plus Fire, green.","['Crime', 'Fire', 'Medical', 'Other']",Green,"[1, 0, 3, 5]",0,tl
4311,"May stroke victim, kailangan agad ng hospital at Ma'am Minor collision sa kalsada, gasgas lang.","['Accident', 'Medical']",Yellow,"[2, 3]",1,fil
4312,"Gas leak malakas, may nahimatay at Accident and Medical reported, yellow.","['Accident', 'Medical', 'Other']",Red,"[2, 3, 5]",2,fil
4313,"Ma'am May namatay sa baha, nakita ang bangkay. pls",['Natural Disaster'],Black,[4],3,fil
4314,"Overdose, not breathing at Sir Sunog sa bodega, malakas na ang apoy.","['Fire', 'Medical']",Red,"[0, 3]",2,fil
4315,"Help! May fire at accident, red. pls","['Fire', 'Accident']",Red,"[0, 2]",2,tl
4316,"Urgent! May fire at medical, red! ASAP!","['Fire', 'Medical']",Red,"[0, 3]",2,fil
4317,"May nahihirapang huminga, asthmatic at Sir Sunog sa factory, maraming workers pa sa loob.","['Fire', 'Medical']",Red,"[0, 3]",2,fil
4318,"May accident at medical, red at Sir Gas leak malakas, may nahimatay.","['Accident', 'Medical', 'Other']",Red,"[2, 3, 5]",2,fil
4319,"Ma'am Landslide, may na-bury na tao at May medical at fire, yellow.","['Fire', 'Medical', 'Natural Disaster']",Red,"[0, 3, 4]",2,fil
4320,"Urgent! Medical and Accident reported, black! ASAP!","['Medical', 'Accident']",Black,"[3, 2]",3,fil
4321,"No signs of life, patay na po. pls. pls",['Medical'],Black,[3],3,fil
4322,"Suspicious package, nag-evacuate na at Natural Disaster and Fire reported, yellow.","['Fire', 'Natural Disaster', 'Other']",Yellow,"[0, 4, 5]",1,fil
4323,"Boss May usok sa kusina pero walang apoy pa, safe naman at May accident at fire, yellow.","['Accident', 'Fire']",Yellow,"[2, 0]",1,fil
4324,"Child missing, may suspect at Fire plus Accident, green.","['Accident', 'Fire', 'Other']",Red,"[2, 0, 5]",2,fil
4325,"Help! Other plus Fire, green!","['Other', 'Fire']",Green,"[5, 0]",0,tl
4326,"Accident plus Other, red! Please respond!","['Accident', 'Other']",Red,"[2, 5]",2,tl
4327,"Help! May natural disaster at accident, green. pls","['Natural Disaster', 'Accident']",Green,"[4, 2]",0,fil
4328,"Walang pulso, deceased na at Medical plus Fire, red.","['Fire', 'Medical']",Black,"[0, 3]",3,fil
4329,"May sumakit ang ulo, minor lang at Motor nadulas pero ok lang, minor lang.","['Accident', 'Medical']",Green,"[2, 3]",0,fil
4330,"Urgent at Fire plus Other, green.","['Accident', 'Fire', 'Other']",Green,"[2, 0, 5]",0,tl
4331,"Boss Brownout, walang kuryente. Bilisan.",['Other'],Green,[5],0,fil
4332,"Medical and Crime reported, red at May sumakit ang ulo, minor lang.","['Crime', 'Medical']",Red,"[1, 3]",2,fil
4333,"Nasusunog yung tindahan, may nasugatan at Urgent.","['Crime', 'Fire', 'Medical']",Red,"[1, 0, 3]",2,fil
4334,"Help! May accident at crime, yellow. pls","['Accident', 'Crime']",Yellow,"[2, 1]",1,tl
4335,"Ma'am Motor naaksidente, nasugatan ang driver at Hostage situation, may kutsilyo.","['Accident', 'Crime']",Red,"[2, 1]",2,fil
4336,"Urgent! Fire victim, no pulse na. Please respond.",['Fire'],Black,[0],3,fil
4337,"Ma'am May nahimatay pero nagising na, ok na at May nag-attempt ng break-in, na-scare off na.","['Crime', 'Medical']",Green,"[1, 3]",0,fil
4338,"Help! Missing person, hinahanap pa. ASAP. pls",['Other'],Yellow,[5],1,fil
4339,"Urgent! Medical plus Natural Disaster, black. Please respond. pls","['Medical', 'Natural Disaster']",Black,"[3, 4]",3,fil
4340,"Medical and Crime reported, red at May crime at other, red.","['Crime', 'Medical', 'Other']",Red,"[1, 3, 5]",2,fil
4341,"Sir May sunog sa bahay, kailangan ng fire truck at Fire plus Natural Disaster, yellow.","['Fire', 'Natural Disaster']",Yellow,"[0, 4]",1,fil
4342,"Boss Sunog sa factory, maraming workers pa sa loob at Sir Malubhang banggaan, may hindi humihinga.","['Accident', 'Fire']",Red,"[2, 0]",2,fil
4343,"Sir May usok sa kusina pero walang apoy pa, safe naman at Brownout, walang kuryente.","['Fire', 'Other']",Green,"[0, 5]",0,fil
4344,"Tulong at May binaril, malubha.","['Crime', 'Medical']",Black,"[1, 3]",3,fil
4345,"Medical and Fire reported, yellow at Boss May sunog sa bahay, may tao na trap sa loob.","['Fire', 'Medical']",Red,"[0, 3]",2,fil
4346,"Accident plus Other, yellow at Help.","['Accident', 'Crime', 'Medical', 'Other']",Red,"[2, 1, 3, 5]",2,tl
4347,"Help! Fire plus Other, yellow. pls","['Fire', 'Other']",Yellow,"[0, 5]",1,tl
4348,"Fatal stabbing, victim pronounced dead at Ma'am Riot sa rally, may nasugatan.","['Crime', 'Other']",Black,"[1, 5]",3,fil
4349,"Sir May patay sa sunog, hindi na humihinga at Help.","['Fire', 'Other']",Black,"[0, 5]",3,fil
4350,"Ma'am Brownout, walang kuryente at Help.","['Fire', 'Medical', 'Other']",Green,"[0, 3, 5]",0,fil
4351,"Seizure, kailangan ng ambulance!",['Medical'],Yellow,[3],1,fil
4352,"Sir Assault, kailangan ng ambulance. pls. pls",['Crime'],Yellow,[1],1,fil
4353,"Sir Gas leak malakas, may nahimatay at Other and Crime reported, yellow.","['Crime', 'Other']",Red,"[1, 5]",2,fil
4354,"Emergency at Medical plus Crime, red.","['Crime', 'Fire', 'Medical']",Red,"[1, 0, 3]",2,tl
4355,"Car crash, may injured at Tulong.","['Accident', 'Crime']",Yellow,"[2, 1]",1,fil
4356,"No signs of life, patay na po at Other and Medical reported, yellow.","['Medical', 'Other']",Black,"[3, 5]",3,fil
4357,"Ma'am Pinatay ang biktima, deceased na at Help.","['Crime', 'Fire']",Black,"[1, 0]",3,fil
4358,"Help! Fire plus Medical, red. ASAP. pls","['Fire', 'Medical']",Red,"[0, 3]",2,tl
4359,"Crime plus Other, green at Building burning, may tao pa sa loob.","['Crime', 'Fire', 'Other']",Yellow,"[1, 0, 5]",1,fil
4360,"Ma'am Flash flood, maraming hindi makalabas at Boss May patay sa shooting, wala nang pulso.","['Crime', 'Natural Disaster']",Black,"[1, 4]",3,fil
4361,"Ma'am Severe bleeding, malakas ang dugo! Bilisan po!",['Medical'],Red,[3],2,fil
4362,"Natural Disaster and Fire reported, green at Help.","['Fire', 'Medical', 'Natural Disaster', 'Other']",Black,"[0, 3, 4, 5]",3,fil
4363,"Ma'am Nasunog ang bahay, may namatay na. pls",['Fire'],Black,[0],3,fil
4364,"Tulong! May nagnakaw ng cellphone, nakita na namin ang suspect! Padala agad!",['Crime'],Green,[1],0,fil
4365,"Ma'am Landslide, may na-bury na tao at Building burning, may tao pa sa loob.","['Fire', 'Natural Disaster']",Red,"[0, 4]",2,fil
4366,"Boss May nanganak na, critical at Natural Disaster plus Medical, black.","['Medical', 'Natural Disaster']",Black,"[3, 4]",3,fil
4367,"Ma'am May bata nawawala pa, kailangan ng tulong..",['Other'],Yellow,[5],1,fil
4368,"Boss Baha mataas na, may tao na trap sa bubong at May other at accident, green.","['Accident', 'Natural Disaster', 'Other']",Red,"[2, 4, 5]",2,fil
4369,"May accident at crime, red. ASAP. pls","['Accident', 'Crime']",Red,"[2, 1]",2,fil
4370,"Crime plus Accident, black at Help.","['Accident', 'Crime', 'Natural Disaster']",Black,"[2, 1, 4]",3,tl
4371,"Tulong! Baha na, tumataas ang tubig! pls!",['Natural Disaster'],Yellow,[4],1,fil
4372,"Sir Gas leak malakas, may nahimatay at Emergency.","['Accident', 'Other']",Red,"[2, 5]",2,fil
4373,"Help! May natural disaster at fire, yellow. pls","['Natural Disaster', 'Fire']",Yellow,"[4, 0]",1,fil
4374,"May baha pero mababa pa at Boss Sunog sa factory, maraming workers pa sa loob.","['Fire', 'Natural Disaster']",Red,"[0, 4]",2,fil
4375,"May namatay sa baha, nakita ang bangkay at Boss May stroke victim, kailangan agad ng hospital.","['Medical', 'Natural Disaster']",Black,"[3, 4]",3,fil
4376,"Help! Crime plus Accident, black. ASAP. pls","['Crime', 'Accident']",Black,"[1, 2]",3,tl
4377,"Truck nasagasaan ang tao, kailangan ng ambulance at Fire plus Accident, yellow.","['Accident', 'Fire']",Yellow,"[2, 0]",1,fil
4378,"Tulong at Flash flood, maraming hindi makalabas.","['Accident', 'Natural Disaster']",Red,"[2, 4]",2,fil
4379,"Tulong! No signs of life, patay na po! Padala agad!",['Medical'],Black,[3],3,fil
4380,"Structure fire, may bata na naiwan at Tulong.","['Crime', 'Fire']",Red,"[1, 0]",2,fil
4381,"Urgent! Accident plus Crime, green! Please respond!","['Accident', 'Crime']",Green,"[2, 1]",0,tl
4382,"Help! Other and Accident reported, black!","['Other', 'Accident']",Black,"[5, 2]",3,tl
4383,"Urgent! Other plus Accident, green. pls","['Other', 'Accident']",Green,"[5, 2]",0,tl
4384,"Assault, kailangan ng ambulance at Elderly collapsed, needs treatment soon.","['Crime', 'Medical']",Yellow,"[1, 3]",1,fil
4385,May smoke sa bahay pero minor lang po at Urgent.,"['Accident', 'Crime', 'Fire']",Green,"[2, 1, 0]",0,fil
4386,"Flooding, need evacuation at House fire, need help.","['Fire', 'Natural Disaster']",Yellow,"[0, 4]",1,tl
4387,"Boss Malakas ang ulan pero ok pa naman at Child missing, may suspect.","['Natural Disaster', 'Other']",Red,"[4, 5]",2,fil
4388,"Boss Baha mataas na, may tao na trap sa bubong at Ma'am Severe bleeding, malakas ang dugo.","['Medical', 'Natural Disaster']",Red,"[3, 4]",2,fil
4389,"May crime at fire, green at Ma'am Nasusunog yung tindahan, may nasugatan.","['Crime', 'Fire']",Yellow,"[1, 0]",1,fil
4390,"Help at Crime and Medical reported, red.","['Crime', 'Medical', 'Natural Disaster']",Black,"[1, 3, 4]",3,tl
4391,"May accident at fire, yellow at Sir Bangga ng kotse sa parking, walang sugat.","['Accident', 'Fire']",Yellow,"[2, 0]",1,fil
4392,"Urgent! May other at natural disaster, black! Please respond!","['Other', 'Natural Disaster']",Black,"[5, 4]",3,fil
4393,"Sir Malubhang banggaan, may hindi humihinga at May fire at medical, red.","['Accident', 'Fire', 'Medical']",Red,"[2, 0, 3]",2,fil
4394,Boss Nakita ang bangkay sa ilog! Bilisan po!,['Other'],Black,[5],3,fil
4395,"Urgent at Other plus Accident, green.","['Accident', 'Crime', 'Medical', 'Other']",Green,"[2, 1, 3, 5]",0,tl
4396,"Sir Bangga ng kotse sa parking, walang sugat at Help.","['Accident', 'Fire']",Green,"[2, 0]",0,fil
4397,"Hostage situation, may kutsilyo at Urgent.","['Accident', 'Crime', 'Fire']",Red,"[2, 1, 0]",2,tl
4398,"Help! Crime and Other reported, yellow. pls","['Crime', 'Other']",Yellow,"[1, 5]",1,tl
4399,"Urgent! May fire at other, yellow. pls","['Fire', 'Other']",Yellow,"[0, 5]",1,tl
4400,"Hostage situation, may kutsilyo at Boss Sunog sa factory, maraming workers pa sa loob.","['Crime', 'Fire']",Red,"[1, 0]",2,fil
4401,"Other and Natural Disaster reported, red at Tulong.","['Accident', 'Natural Disaster', 'Other']",Red,"[2, 4, 5]",2,fil
4402,"Tulong! May nagnakaw ng cellphone, nakita na namin ang suspect. Padala agad. pls",['Crime'],Green,[1],0,fil
4403,"Natural Disaster plus Accident, red at Help.","['Accident', 'Medical', 'Natural Disaster']",Red,"[2, 3, 4]",2,fil
4404,"Fire plus Accident, yellow at Fatal stabbing, victim pronounced dead.","['Accident', 'Crime', 'Fire']",Black,"[2, 1, 0]",3,tl
4405,"Urgent! May accident at natural disaster, red! ASAP!","['Accident', 'Natural Disaster']",Red,"[2, 4]",2,fil
4406,"Crime and Other reported, green. ASAP. pls","['Crime', 'Other']",Green,"[1, 5]",0,fil
4407,"Medical plus Natural Disaster, black at May other at accident, red.","['Accident', 'Medical', 'Natural Disaster', 'Other']",Black,"[2, 3, 4, 5]",3,fil
4408,"Fire plus Other, yellow at Fire plus Medical, red.","['Fire', 'Medical', 'Other']",Red,"[0, 3, 5]",2,tl
4409,"Emergency at CPR failed, pronounced dead.","['Fire', 'Medical']",Black,"[0, 3]",3,tl
4410,"Urgent at Seizure, kailangan ng ambulance.","['Accident', 'Medical', 'Other']",Black,"[2, 3, 5]",3,fil
4411,"Medical plus Natural Disaster, yellow at Ma'am May namatay sa aksidente, wala nang pulso.","['Accident', 'Medical', 'Natural Disaster']",Black,"[2, 3, 4]",3,fil
4412,"Urgent! Accident plus Fire, yellow. pls","['Accident', 'Fire']",Yellow,"[2, 0]",1,tl
4413,"Ma'am Hindi humihinga ang tao, CPR needed at Sir May nagnakaw ng cellphone, nakita na namin ang suspect.","['Crime', 'Medical']",Red,"[1, 3]",2,fil
4414,"Assault, kailangan ng ambulance at Medical and Crime reported, red.","['Crime', 'Medical']",Red,"[1, 3]",2,fil
4415,"Boss Sunog sa factory, maraming workers pa sa loob! pls. pls",['Fire'],Red,[0],2,fil
4416,"Boss Assault, kailangan ng ambulance at Help.","['Crime', 'Medical', 'Other']",Yellow,"[1, 3, 5]",1,fil
4417,"Emergency at Other and Medical reported, black.","['Crime', 'Medical', 'Other']",Black,"[1, 3, 5]",3,tl
4418,"Urgent! Other plus Medical, green. ASAP. pls","['Other', 'Medical']",Green,"[5, 3]",0,tl
4419,"Shooting incident, severe bleeding at Emergency.","['Crime', 'Other']",Red,"[1, 5]",2,tl
4420,"Medical and Crime reported, red at Sir Holdap sa jeep, may nasaksak.","['Crime', 'Medical']",Red,"[1, 3]",2,fil
4421,"Natural Disaster and Fire reported, green at Emergency.","['Fire', 'Medical', 'Natural Disaster']",Black,"[0, 3, 4]",3,fil
4422,"Urgent at Earthquake, building collapse, people trapped.","['Fire', 'Natural Disaster', 'Other']",Red,"[0, 4, 5]",2,tl
4423,"Ma'am Landslide, may na-bury na tao at May other at fire, black.","['Fire', 'Natural Disaster', 'Other']",Black,"[0, 4, 5]",3,fil
4424,"Boss Hindi humihinga ang tao, CPR needed at May other at accident, red.","['Accident', 'Medical', 'Other']",Red,"[2, 3, 5]",2,fil
4425,"Urgent! Natural Disaster and Crime reported, red. Please respond. pls","['Natural Disaster', 'Crime']",Red,"[4, 1]",2,fil
4426,"Fire plus Natural Disaster, red at Tulong.","['Fire', 'Natural Disaster']",Red,"[0, 4]",2,fil
4427,"Brownout, walang kuryente at Accident and Fire reported, red.","['Accident', 'Fire', 'Other']",Red,"[2, 0, 5]",2,fil
4428,"Help! Other plus Fire, green! ASAP!","['Other', 'Fire']",Green,"[5, 0]",0,tl
4429,"Sir Holdap sa jeep, may nasaksak at Urgent.","['Crime', 'Fire', 'Natural Disaster']",Yellow,"[1, 0, 4]",1,fil
4430,"Crime and Other reported, yellow at Help.","['Accident', 'Crime', 'Natural Disaster', 'Other']",Red,"[2, 1, 4, 5]",2,tl
4431,"Storm damage sa bubong, minor lang. Please respond. pls",['Natural Disaster'],Green,[4],0,fil
4432,"May accident at medical, green. ASAP. pls","['Accident', 'Medical']",Green,"[2, 3]",0,fil
4433,"Ma'am Sunog sa basurahan lang, konti na lang!",['Fire'],Green,[0],0,fil
4434,"Natural Disaster and Fire reported, black. ASAP. pls","['Natural Disaster', 'Fire']",Black,"[4, 0]",3,fil
4435,"Boss May patay sa shooting, wala nang pulso. pls. pls",['Crime'],Black,[1],3,fil
4436,"Accident plus Other, red at Ma'am Nasusunog yung tindahan, may nasugatan.","['Accident', 'Fire', 'Other']",Red,"[2, 0, 5]",2,fil
4437,"Help! Child missing, may suspect! ASAP!",['Other'],Red,[5],2,fil
4438,"Crime plus Fire, black at May natural disaster at other, green.","['Crime', 'Fire', 'Natural Disaster', 'Other']",Black,"[1, 0, 4, 5]",3,fil
4439,Urgent at Missing person found deceased.,"['Accident', 'Fire', 'Other']",Black,"[2, 0, 5]",3,tl
4440,"May crime at fire, green at Fire and Medical reported, red.","['Crime', 'Fire', 'Medical']",Red,"[1, 0, 3]",2,fil
4441,"Urgent at Crime and Medical reported, red.","['Crime', 'Fire', 'Medical']",Red,"[1, 0, 3]",2,tl
4442,"May crime at natural disaster, black. ASAP. pls","['Crime', 'Natural Disaster']",Black,"[1, 4]",3,fil
4443,"May nanganak na, critical at Ma'am Truck nasagasaan ang tao, kailangan ng ambulance.","['Accident', 'Medical']",Red,"[2, 3]",2,fil
4444,"Other and Crime reported, yellow at Sir Malakas ang ulan pero ok pa naman.","['Crime', 'Natural Disaster', 'Other']",Yellow,"[1, 4, 5]",1,fil
4445,"May bata nawawala, nakita na. pls",['Other'],Green,[5],0,fil
4446,"Urgent! Accident and Fire reported, green!","['Accident', 'Fire']",Green,"[2, 0]",0,tl
4447,"Help! May other at fire, black! Please respond!","['Other', 'Fire']",Black,"[5, 0]",3,fil
4448,"Urgent! Crime and Other reported, black. Please respond. pls","['Crime', 'Other']",Black,"[1, 5]",3,tl
4449,"Emergency at Ma'am Hindi humihinga ang tao, CPR needed.","['Medical', 'Other']",Red,"[3, 5]",2,fil
4450,"Crime and Other reported, green! Please respond!","['Crime', 'Other']",Green,"[1, 5]",0,tl
4451,"Bagyo wasak ang bubong, may injured at Medical and Crime reported, red.","['Crime', 'Medical', 'Natural Disaster']",Red,"[1, 3, 4]",2,fil
4452,"Child missing, may suspect at Hindi humihinga ang tao, CPR needed.","['Medical', 'Other']",Red,"[3, 5]",2,fil
4453,"Tulong at Other and Crime reported, yellow.","['Accident', 'Crime', 'Other']",Yellow,"[2, 1, 5]",1,fil
4454,"Sir Sunog sa bodega, malakas na ang apoy at Boss Nakita ang bangkay sa ilog.","['Fire', 'Other']",Black,"[0, 5]",3,fil
4455,"Help at Sir May bata nawawala, nakita na.","['Crime', 'Other']",Green,"[1, 5]",0,fil
4456,"Tulong at Motor naaksidente, nasugatan ang driver.","['Accident', 'Medical']",Black,"[2, 3]",3,fil
4457,"Help! Crime and Medical reported, red. pls","['Crime', 'Medical']",Red,"[1, 3]",2,tl
4458,"Hit and run, victim needs treatment at Ma'am May nagnakaw ng cellphone, nakita na namin ang suspect.","['Accident', 'Crime']",Yellow,"[2, 1]",1,fil
4459,"May nag-attempt ng break-in, na-scare off na at May bata nawawala, nakita na.","['Crime', 'Other']",Green,"[1, 5]",0,fil
4460,"Help! Accident plus Fire, red. ASAP. pls","['Accident', 'Fire']",Red,"[2, 0]",2,tl
4461,"May sunog sa bahay, kailangan ng fire truck at May accident at crime, red.","['Accident', 'Crime', 'Fire']",Red,"[2, 1, 0]",2,fil
4462,"May medical at natural disaster, red at Sir Nasunog ang bahay, may namatay na.","['Fire', 'Medical', 'Natural Disaster']",Black,"[0, 3, 4]",3,fil
4463,"Urgent! Crime plus Accident, green!","['Crime', 'Accident']",Green,"[1, 2]",0,tl
4464,"May fire at other, green at Help.","['Crime', 'Fire', 'Other']",Red,"[1, 0, 5]",2,tl
4465,"Urgent! May fire at other, green!","['Fire', 'Other']",Green,"[0, 5]",0,tl
4466,"Crime plus Accident, green. ASAP. pls","['Crime', 'Accident']",Green,"[1, 2]",0,tl
4467,"Urgent! May crime at accident, black. ASAP. pls","['Crime', 'Accident']",Black,"[1, 2]",3,fil
4468,"Sir Sunog sa bodega, malakas na ang apoy at Boss Malakas ang ulan pero ok pa naman.","['Fire', 'Natural Disaster']",Yellow,"[0, 4]",1,fil
4469,"Emergency! Riot sa rally, may nasugatan!",['Other'],Yellow,[5],1,fil
4470,"Landslide, may na-bury na tao! pls",['Natural Disaster'],Red,[4],2,fil
4471,"May fire at natural disaster, yellow at Boss May stroke victim, kailangan agad ng hospital.","['Fire', 'Medical', 'Natural Disaster']",Yellow,"[0, 3, 4]",1,fil
4472,"Crime plus Fire, red at Urgent.","['Accident', 'Crime', 'Fire', 'Natural Disaster']",Red,"[2, 1, 0, 4]",2,tl
4473,"Ma'am Hindi humihinga ang tao, CPR needed at Emergency.","['Fire', 'Medical']",Red,"[0, 3]",2,fil
4474,"Nasusunog yung tindahan, may nasugatan at Landslide, may na-bury na tao.","['Fire', 'Natural Disaster']",Red,"[0, 4]",2,fil
4475,"Help! Crime plus Natural Disaster, red!","['Crime', 'Natural Disaster']",Red,"[1, 4]",2,fil
4476,"Ma'am Minor collision sa kalsada, gasgas lang. pls. pls",['Accident'],Green,[2],0,fil
4477,"Boss Bagyo wasak ang bubong, may injured at Help.","['Fire', 'Natural Disaster']",Yellow,"[0, 4]",1,fil
4478,"May crime at accident, black at Urgent.","['Accident', 'Crime']",Black,"[2, 1]",3,tl
4479,"May bugbog, nasugatan ang biktima at Urgent.","['Crime', 'Medical', 'Natural Disaster']",Yellow,"[1, 3, 4]",1,fil
4480,May smoke sa bahay pero minor lang. Please respond.,['Fire'],Green,[0],0,fil
4481,"Robbery, may baril ang suspect. ASAP. pls",['Crime'],Yellow,[1],1,fil
4482,"May nanganak na, critical at May accident at other, yellow.","['Accident', 'Medical', 'Other']",Red,"[2, 3, 5]",2,fil
4483,"Help! Other plus Fire, red! ASAP!","['Other', 'Fire']",Red,"[5, 0]",2,tl
4484,"Urgent at May bugbog, nasugatan ang biktima.","['Crime', 'Natural Disaster']",Yellow,"[1, 4]",1,fil
4485,"Urgent at Fire and Accident reported, red.","['Accident', 'Crime', 'Fire', 'Other']",Black,"[2, 1, 0, 5]",3,tl
4486,"Urgent at Fatal crash, driver deceased.","['Accident', 'Crime', 'Natural Disaster']",Black,"[2, 1, 4]",3,tl
4487,"May accident at medical, green at Motor nadulas pero ok lang, minor lang.","['Accident', 'Medical']",Green,"[2, 3]",0,fil
4488,"Ma'am Landslide, may na-bury na tao at Medical and Accident reported, black.","['Accident', 'Medical', 'Natural Disaster']",Black,"[2, 3, 4]",3,fil
4489,"Emergency! Hostage situation, may kutsilyo! Bilisan po. pls",['Crime'],Red,[1],2,fil
4490,"Boss Bagyo wasak ang bubong, may injured at Pinatay ang biktima, deceased na.","['Crime', 'Natural Disaster']",Black,"[1, 4]",3,fil
4491,"Help! Crime and Other reported, yellow. ASAP. pls","['Crime', 'Other']",Yellow,"[1, 5]",1,fil
4492,"Other and Fire reported, green. ASAP. pls","['Other', 'Fire']",Green,"[5, 0]",0,fil
4493,Emergency at Missing person found deceased.,"['Accident', 'Other']",Black,"[2, 5]",3,tl
4494,Help at Sir May baha pero mababa pa.,"['Accident', 'Natural Disaster']",Black,"[2, 4]",3,tl
4495,"Urgent at Boss May nanganak na, critical.","['Crime', 'Medical', 'Natural Disaster']",Red,"[1, 3, 4]",2,fil
4496,"May fire at other, green at Medical and Accident reported, black.","['Accident', 'Fire', 'Medical', 'Other']",Black,"[2, 0, 3, 5]",3,fil
4497,"May nagnakaw ng cellphone, nakita na namin ang suspect at Other plus Fire, green.","['Crime', 'Fire', 'Other']",Green,"[1, 0, 5]",0,fil
4498,"Tulong! May sunog sa bahay, may tao na trap sa loob! Bilisan po!",['Fire'],Red,[0],2,fil
4499,"Accident and Medical reported, yellow at Help.","['Accident', 'Medical', 'Natural Disaster']",Yellow,"[2, 3, 4]",1,tl
4500,"Seizure, kailangan ng ambulance at Emergency.","['Accident', 'Medical']",Red,"[2, 3]",2,fil
4501,"Urgent at Motor naaksidente, nasugatan ang driver.","['Accident', 'Medical', 'Natural Disaster']",Red,"[2, 3, 4]",2,fil
4502,"Emergency at Crime plus Accident, green.","['Accident', 'Crime']",Red,"[2, 1]",2,tl
4503,"Brownout, walang kuryente at Boss Sunog sa bodega, malakas na ang apoy.","['Fire', 'Other']",Yellow,"[0, 5]",1,fil
4504,"Ma'am Truck nasagasaan ang tao, kailangan ng ambulance. Bilisan.",['Accident'],Yellow,[2],1,fil
4505,"May baha pero mababa pa at Other plus Natural Disaster, black.","['Natural Disaster', 'Other']",Black,"[4, 5]",3,fil
4506,"Boss Holdap may baril, may nasaktan! pls",['Crime'],Red,[1],2,fil
4507,"May natural disaster at crime, red at Robbery, may baril ang suspect.","['Crime', 'Natural Disaster']",Red,"[1, 4]",2,fil
4508,"Boss Holdap may baril, may nasaktan at Car accident, no injuries reported.","['Accident', 'Crime']",Red,"[2, 1]",2,fil
4509,"May natural disaster at crime, black at Crime and Other reported, green.","['Crime', 'Natural Disaster', 'Other']",Black,"[1, 4, 5]",3,fil
4510,"Other and Fire reported, yellow at Structure fire, may bata na naiwan.","['Fire', 'Other']",Red,"[0, 5]",2,fil
4511,"Storm damage sa bubong, minor lang at Building burning, may tao pa sa loob.","['Fire', 'Natural Disaster']",Yellow,"[0, 4]",1,fil
4512,"May sunog sa bahay, may tao na trap sa loob at Diabetic, low sugar lang, na-revive na.","['Fire', 'Medical']",Red,"[0, 3]",2,fil
4513,"May natural disaster at other, green at Fire plus Other, green.","['Fire', 'Natural Disaster', 'Other']",Green,"[0, 4, 5]",0,fil
4514,"Bangga ng kotse sa parking, walang sugat. pls",['Accident'],Green,[2],0,fil
4515,"Fire and Medical reported, red at Crime and Other reported, green.","['Crime', 'Fire', 'Medical', 'Other']",Red,"[1, 0, 3, 5]",2,tl
4516,"Stabbing, critical condition! ASAP. pls",['Crime'],Red,[1],2,fil
4517,"May fire at other, green at Boss May sunog sa bahay, kailangan ng fire truck.","['Fire', 'Other']",Yellow,"[0, 5]",1,fil
4518,"Urgent! May natural disaster at accident, green. Please respond. pls","['Natural Disaster', 'Accident']",Green,"[4, 2]",0,fil
4519,"Help! Crime plus Accident, black! Please respond!","['Crime', 'Accident']",Black,"[1, 2]",3,tl
4520,"Natural Disaster and Crime reported, red at Crime and Fire reported, red.","['Crime', 'Fire', 'Natural Disaster']",Red,"[1, 0, 4]",2,fil
4521,"Help! Accident plus Other, red. pls","['Accident', 'Other']",Red,"[2, 5]",2,tl
4522,"Tulong at Minor collision sa kalsada, gasgas lang.","['Accident', 'Natural Disaster']",Black,"[2, 4]",3,fil
4523,"Urgent at Sunog sa basurahan lang, konti na lang.","['Crime', 'Fire', 'Other']",Green,"[1, 0, 5]",0,fil
4524,"Urgent at Ma'am Landslide, may na-bury na tao.","['Crime', 'Fire', 'Natural Disaster']",Black,"[1, 0, 4]",3,fil
4525,"Other plus Fire, red at Help.","['Crime', 'Fire', 'Other']",Red,"[1, 0, 5]",2,tl
4526,"Boss May nanganak na, critical at Help.","['Medical', 'Other']",Red,"[3, 5]",2,fil
4527,"Help! Medical and Crime reported, black. ASAP. pls","['Medical', 'Crime']",Black,"[3, 1]",3,fil
4528,"May accident at other, yellow at Baha mataas na, may tao na trap sa bubong.","['Accident', 'Natural Disaster', 'Other']",Red,"[2, 4, 5]",2,fil
4529,"May nag-attempt ng break-in, na-scare off na at Crime and Fire reported, red.","['Crime', 'Fire']",Red,"[1, 0]",2,fil
4530,"Fire and Natural Disaster reported, black! Please respond!","['Fire', 'Natural Disaster']",Black,"[0, 4]",3,fil
4531,"Fire and Crime reported, green at Medical plus Fire, red.","['Crime', 'Fire', 'Medical']",Red,"[1, 0, 3]",2,tl
4532,"Help at May crime at other, red.","['Crime', 'Fire', 'Other']",Red,"[1, 0, 5]",2,tl
4533,Missing person found deceased! ASAP!,['Other'],Black,[5],3,fil
4534,"Other and Medical reported, yellow! Please respond!","['Other', 'Medical']",Yellow,"[5, 3]",1,tl
4535,"Urgent at Natural Disaster plus Accident, yellow.","['Accident', 'Natural Disaster']",Yellow,"[2, 4]",1,fil
4536,"Fire victim, no pulse na po at Sir Baha mataas na, may tao na trap sa bubong.","['Fire', 'Natural Disaster']",Black,"[0, 4]",3,fil
4537,"Emergency! Nasagasaan, patay na po! Bilisan po!",['Accident'],Black,[2],3,fil
4538,"Truck accident, people trapped! pls",['Accident'],Red,[2],2,tl
4539,"Medical and Accident reported, black at Lost child found na po.","['Accident', 'Medical', 'Other']",Black,"[2, 3, 5]",3,fil
4540,"Sir Motor crash, severe bleeding ang rider at May patay sa shooting, wala nang pulso.","['Accident', 'Crime']",Black,"[2, 1]",3,fil
4541,"Walang pulso, deceased na at Boss Holdap may baril, may nasaktan.","['Crime', 'Medical']",Black,"[1, 3]",3,fil
4542,"Crime and Medical reported, black at Crime and Other reported, yellow.","['Crime', 'Medical', 'Other']",Black,"[1, 3, 5]",3,tl
4543,"May medical at fire, yellow at Ma'am Lindol kanina, may mga nasugatan sa landslide.","['Fire', 'Medical', 'Natural Disaster']",Yellow,"[0, 3, 4]",1,fil
4544,"Fire victim, no pulse na po!",['Fire'],Black,[0],3,fil
4545,"Boss May baha pero mababa pa at Sir Hindi humihinga ang tao, CPR needed.","['Medical', 'Natural Disaster']",Red,"[3, 4]",2,fil
4546,"Help at Crime plus Medical, black.","['Accident', 'Crime', 'Medical']",Black,"[2, 1, 3]",3,tl
4547,"Fire and Accident reported, red at Help.","['Accident', 'Fire', 'Other']",Red,"[2, 0, 5]",2,tl
4548,"May binaril, malubha at Crime plus Fire, black.","['Crime', 'Fire']",Black,"[1, 0]",3,fil
4549,"Medical and Crime reported, red! ASAP!","['Medical', 'Crime']",Red,"[3, 1]",2,fil
4550,"Sir Holdap sa jeep, may nasaksak at Truck nasagasaan ang tao, kailangan ng ambulance.","['Accident', 'Crime']",Yellow,"[2, 1]",1,fil
4551,Emergency at Nakita ang bangkay sa ilog.,"['Natural Disaster', 'Other']",Black,"[4, 5]",3,fil
4552,"Boss Sunog sa bodega, malakas na ang apoy at May nag-attempt ng break-in, na-scare off na.","['Crime', 'Fire']",Yellow,"[1, 0]",1,fil
4553,"Sir Lindol kanina, may mga nasugatan sa landslide at Help.","['Accident', 'Fire', 'Natural Disaster']",Red,"[2, 0, 4]",2,fil
4554,"Sir Motor crash, severe bleeding ang rider! pls",['Accident'],Red,[2],2,fil
4555,"Child missing, may suspect! pls",['Other'],Red,[5],2,fil
4556,"Help! Other plus Fire, red!","['Other', 'Fire']",Red,"[5, 0]",2,tl
4557,"Fatal crash, driver deceased. pls",['Accident'],Black,[2],3,tl
4558,"Robbery, may baril ang suspect at Ma'am Flash flood, maraming hindi makalabas.","['Crime', 'Natural Disaster']",Red,"[1, 4]",2,fil
4559,"Drowning victim, no pulse at Help.","['Accident', 'Fire', 'Natural Disaster']",Black,"[2, 0, 4]",3,tl
4560,"Ma'am Sunog sa basurahan lang, konti na lang at Urgent.","['Fire', 'Medical']",Red,"[0, 3]",2,fil
4561,"Ma'am Holdap sa jeep, may nasaksak at Natural Disaster plus Medical, black.","['Crime', 'Medical', 'Natural Disaster']",Black,"[1, 3, 4]",3,fil
4562,"House fire, need help! pls",['Fire'],Yellow,[0],1,tl
4563,"Truck nasagasaan ang tao, kailangan ng ambulance at May natural disaster at crime, red.","['Accident', 'Crime', 'Natural Disaster']",Red,"[2, 1, 4]",2,fil
4564,"Sunog sa factory, maraming workers pa sa loob at Ma'am Nakawan sa sari-sari store, minor lang.","['Crime', 'Fire']",Red,"[1, 0]",2,fil
4565,"Help! May crime at natural disaster, green! ASAP!","['Crime', 'Natural Disaster']",Green,"[1, 4]",0,fil
4566,"Help! May accident at crime, yellow!","['Accident', 'Crime']",Yellow,"[2, 1]",1,tl
4567,"May fire at other, green at May fire at accident, yellow.","['Accident', 'Fire', 'Other']",Yellow,"[2, 0, 5]",1,tl
4568,"Emergency at Sir Riot, may baril.","['Crime', 'Other']",Red,"[1, 5]",2,tl
4569,"May accident at medical, red at Ma'am Hindi humihinga ang tao, CPR needed.","['Accident', 'Medical']",Red,"[2, 3]",2,fil
4570,"Boss Hostage situation, may kutsilyo at Small fire sa labas, na-control na.","['Crime', 'Fire']",Red,"[1, 0]",2,fil
4571,"Other plus Fire, green at Fire plus Other, yellow.","['Fire', 'Other']",Yellow,"[0, 5]",1,tl
4572,"May bugbog, nasugatan ang biktima at Ma'am Severe bleeding, malakas ang dugo.","['Crime', 'Medical']",Red,"[1, 3]",2,fil
4573,"Sir Nasunog ang bahay, may namatay na at Boss May nanganak na, critical.","['Fire', 'Medical']",Black,"[0, 3]",3,fil
4574,"Gas leak reported, minor lang at Truck accident, people trapped.","['Accident', 'Other']",Red,"[2, 5]",2,fil
4575,"Overdose, not breathing at May other at accident, red.","['Accident', 'Medical', 'Other']",Red,"[2, 3, 5]",2,fil
4576,"Ma'am Motor naaksidente, nasugatan ang driver at Tulong.","['Accident', 'Fire']",Yellow,"[2, 0]",1,fil
4577,"No signs of life, patay na..",['Medical'],Black,[3],3,tl
4578,"Crime plus Other, green at Fire and Other reported, black.","['Crime', 'Fire', 'Other']",Black,"[1, 0, 5]",3,tl
4579,"Truck accident, people trapped at Accident plus Crime, black.","['Accident', 'Crime']",Black,"[2, 1]",3,tl
4580,"Urgent at May other at fire, black.","['Crime', 'Fire', 'Other']",Black,"[1, 0, 5]",3,tl
4581,"Ma'am Nasunog ang bahay, may namatay na at Medical and Accident reported, black.","['Accident', 'Fire', 'Medical']",Black,"[2, 0, 3]",3,fil
4582,"Shooting incident, severe bleeding at Crime and Accident reported, yellow.","['Accident', 'Crime']",Red,"[2, 1]",2,fil
4583,"Urgent! Other plus Fire, red! Please respond!","['Other', 'Fire']",Red,"[5, 0]",2,tl
4584,"Other plus Accident, yellow! Please respond!","['Other', 'Accident']",Yellow,"[5, 2]",1,tl
4585,"Tulong at Boss Sunog sa bodega, malakas na ang apoy.","['Accident', 'Fire']",Yellow,"[2, 0]",1,fil
4586,"Boss May sunog sa bahay, may tao na trap sa loob at Holdap sa jeep, may nasaksak.","['Crime', 'Fire']",Red,"[1, 0]",2,fil
4587,"Boss May usok sa kusina pero walang apoy pa, safe naman at Help.","['Crime', 'Fire', 'Medical']",Red,"[1, 0, 3]",2,fil
4588,"Overdose, not breathing at May baha pero mababa pa.","['Medical', 'Natural Disaster']",Red,"[3, 4]",2,fil
4589,"Accident plus Other, yellow at Natural Disaster and Fire reported, black.","['Accident', 'Fire', 'Natural Disaster', 'Other']",Black,"[2, 0, 4, 5]",3,fil
4590,"Urgent at May medical at natural disaster, red.","['Accident', 'Fire', 'Medical', 'Natural Disaster']",Red,"[2, 0, 3, 4]",2,fil
4591,"Tulong at Natural Disaster plus Accident, yellow.","['Accident', 'Crime', 'Natural Disaster']",Black,"[2, 1, 4]",3,fil
4592,"Fire and Crime reported, green at Help.","['Crime', 'Fire', 'Natural Disaster']",Red,"[1, 0, 4]",2,tl
4593,"Fatal stabbing, victim pronounced dead at Nasagasaan, patay na po.","['Accident', 'Crime']",Black,"[2, 1]",3,fil
4594,"Bagyo wasak ang bubong, may injured at Crime and Fire reported, red.","['Crime', 'Fire', 'Natural Disaster']",Red,"[1, 0, 4]",2,fil
4595,"Other plus Natural Disaster, black at Tulong.","['Accident', 'Natural Disaster', 'Other']",Black,"[2, 4, 5]",3,fil
4596,"Boss Holdap sa jeep, may nasaksak at Truck nasagasaan ang tao, kailangan ng ambulance.","['Accident', 'Crime']",Yellow,"[2, 1]",1,fil
4597,"Natural Disaster plus Fire, black. Please respond. pls","['Natural Disaster', 'Fire']",Black,"[4, 0]",3,fil
4598,"Urgent! Fire plus Natural Disaster, yellow! Please respond!","['Fire', 'Natural Disaster']",Yellow,"[0, 4]",1,fil
4599,"Hindi humihinga ang tao, CPR needed! pls",['Medical'],Red,[3],2,fil
4600,"Natural Disaster plus Other, black at Petty theft reported, suspect fled.","['Crime', 'Natural Disaster', 'Other']",Black,"[1, 4, 5]",3,fil
4601,"May crime at natural disaster, red at Baha na, tumataas ang tubig.","['Crime', 'Natural Disaster']",Red,"[1, 4]",2,fil
4602,"Urgent! Accident plus Other, red! ASAP!","['Accident', 'Other']",Red,"[2, 5]",2,tl
4603,"May other at accident, red at Urgent.","['Accident', 'Natural Disaster', 'Other']",Red,"[2, 4, 5]",2,tl
4604,"Crime plus Medical, red at Other plus Accident, green.","['Accident', 'Crime', 'Medical', 'Other']",Red,"[2, 1, 3, 5]",2,tl
4605,"Crime and Accident reported, black. ASAP. pls","['Crime', 'Accident']",Black,"[1, 2]",3,fil
4606,"Earthquake, building collapse, people trapped at Tulong.","['Crime', 'Natural Disaster']",Red,"[1, 4]",2,tl
4607,"Emergency! Suspicious package, nag-evacuate na! Padala agad!",['Other'],Yellow,[5],1,tl
4608,"Help! Crime plus Medical, black. pls","['Crime', 'Medical']",Black,"[1, 3]",3,tl
4609,"Urgent! Crime and Accident reported, yellow. ASAP. pls","['Crime', 'Accident']",Yellow,"[1, 2]",1,fil
4610,"May crime at accident, yellow at May binaril, malubha.","['Accident', 'Crime']",Red,"[2, 1]",2,fil
4611,"Sir Landslide, may na-bury na tao at Help.","['Accident', 'Crime', 'Natural Disaster']",Red,"[2, 1, 4]",2,fil
4612,"Help at Other and Medical reported, black.","['Crime', 'Medical', 'Natural Disaster', 'Other']",Black,"[1, 3, 4, 5]",3,tl
4613,"Sir Hindi humihinga ang tao, CPR needed at Fire and Natural Disaster reported, black.","['Fire', 'Medical', 'Natural Disaster']",Black,"[0, 3, 4]",3,fil
4614,"Child missing, may suspect! Please respond!",['Other'],Red,[5],2,fil
4615,"Boss May namatay sa baha, nakita ang bangkay. pls. pls",['Natural Disaster'],Black,[4],3,fil
4616,"Tulong at Fire plus Natural Disaster, red.","['Accident', 'Fire', 'Natural Disaster']",Red,"[2, 0, 4]",2,fil
4617,"Ma'am Riot sa rally, may nasugatan at May nag-attempt ng break-in, na-scare off na.","['Crime', 'Other']",Yellow,"[1, 5]",1,fil
4618,"Help! May other at natural disaster, black. ASAP. pls","['Other', 'Natural Disaster']",Black,"[5, 4]",3,fil
4619,"Urgent at CPR failed, pronounced dead.","['Crime', 'Medical', 'Other']",Black,"[1, 3, 5]",3,tl
4620,"May sunog sa bahay, may tao na trap sa loob at May sumakit ang ulo, minor lang.","['Fire', 'Medical']",Red,"[0, 3]",2,fil
4621,"May medical at fire, yellow at Missing person, hinahanap pa.","['Fire', 'Medical', 'Other']",Yellow,"[0, 3, 5]",1,fil
4622,"Other and Crime reported, yellow at May accident at medical, green.","['Accident', 'Crime', 'Medical', 'Other']",Yellow,"[2, 1, 3, 5]",1,fil
4623,"Sir Sunog sa factory, maraming workers pa sa loob! Bilisan po. pls",['Fire'],Red,[0],2,fil
4624,"Help! Other and Medical reported, green!","['Other', 'Medical']",Green,"[5, 3]",0,tl
4625,"Accident plus Crime, green at May other at fire, black.","['Accident', 'Crime', 'Fire', 'Other']",Black,"[2, 1, 0, 5]",3,tl
4626,"Sir Nakita ang bangkay sa ilog at Accident and Fire reported, red.","['Accident', 'Fire', 'Other']",Black,"[2, 0, 5]",3,fil
4627,"Bagyo wasak ang bubong, may injured!",['Natural Disaster'],Yellow,[4],1,fil
4628,"Help! May medical at other, yellow. pls","['Medical', 'Other']",Yellow,"[3, 5]",1,tl
4629,"Urgent at Natural Disaster and Crime reported, red.","['Accident', 'Crime', 'Natural Disaster']",Red,"[2, 1, 4]",2,fil
4630,"Tulong at Natural Disaster and Fire reported, yellow.","['Accident', 'Fire', 'Natural Disaster']",Yellow,"[2, 0, 4]",1,fil
4631,"Help! Medical plus Other, green. ASAP. pls","['Medical', 'Other']",Green,"[3, 5]",0,tl
4632,"Urgent! May nag-attempt ng break-in, na-scare off na! Please respond!",['Crime'],Green,[1],0,fil
4633,"Natural Disaster and Fire reported, green. Please respond. pls","['Natural Disaster', 'Fire']",Green,"[4, 0]",0,fil
4634,"Urgent! Fire and Medical reported, red. Please respond. pls","['Fire', 'Medical']",Red,"[0, 3]",2,tl
4635,"Ma'am Riot sa rally, may nasugatan at Sir May bugbog, nasugatan ang biktima.","['Crime', 'Other']",Yellow,"[1, 5]",1,fil
4636,"Medical and Natural Disaster reported, green at Walang pulso, deceased na.","['Medical', 'Natural Disaster']",Black,"[3, 4]",3,fil
4637,"Jeep tumama sa poste, may pasahero na nasaktan. pls",['Accident'],Yellow,[2],1,fil
4638,"Help! May medical at other, yellow. ASAP. pls","['Medical', 'Other']",Yellow,"[3, 5]",1,fil
4639,"Sir Sunog sa bodega, malakas na ang apoy..",['Fire'],Yellow,[0],1,fil
4640,"Emergency at Boss May patay sa shooting, wala nang pulso.","['Crime', 'Other']",Black,"[1, 5]",3,fil
4641,"Crime and Fire reported, yellow at Medical plus Natural Disaster, black.","['Crime', 'Fire', 'Medical', 'Natural Disaster']",Black,"[1, 0, 3, 4]",3,fil
4642,"Boss Sunog sa factory, maraming workers pa sa loob at Urgent.","['Fire', 'Other']",Black,"[0, 5]",3,fil
4643,"Crime plus Medical, green at Brownout, walang kuryente.","['Crime', 'Medical', 'Other']",Green,"[1, 3, 5]",0,fil
4644,"Truck nasagasaan ang tao, kailangan ng ambulance!",['Accident'],Yellow,[2],1,fil
4645,"Seizure, kailangan ng ambulance at Medical and Natural Disaster reported, green.","['Medical', 'Natural Disaster']",Yellow,"[3, 4]",1,fil
4646,"May bata nawawala, nakita na at Urgent.","['Accident', 'Other']",Yellow,"[2, 5]",1,fil
4647,"Help at Sir Motor crash, severe bleeding ang rider.","['Accident', 'Fire', 'Medical']",Red,"[2, 0, 3]",2,fil
4648,"May fire at other, red at Fire victim, no pulse na po.","['Fire', 'Other']",Black,"[0, 5]",3,fil
4649,"Help! Landslide victim, deceased na. pls",['Natural Disaster'],Black,[4],3,tl
4650,Sir May baha pero mababa pa. pls,['Natural Disaster'],Green,[4],0,tl
4651,"Fire plus Other, yellow at Ma'am May nahihirapang huminga, asthmatic.","['Fire', 'Medical', 'Other']",Yellow,"[0, 3, 5]",1,fil
4652,"Motor naaksidente, nasugatan ang driver at Urgent.","['Accident', 'Medical']",Red,"[2, 3]",2,fil
4653,"Other plus Fire, green at Urgent.","['Fire', 'Other']",Red,"[0, 5]",2,tl
4654,"Urgent at Lindol kanina, may mga nasugatan sa landslide.","['Fire', 'Natural Disaster']",Yellow,"[0, 4]",1,fil
4655,"Boss Baha na, tumataas ang tubig at Emergency.","['Crime', 'Natural Disaster']",Red,"[1, 4]",2,fil
4656,"May nag-attempt ng break-in, na-scare off na at Ma'am Flash flood, maraming hindi makalabas.","['Crime', 'Natural Disaster']",Red,"[1, 4]",2,fil
4657,"Sir Gas leak malakas, may nahimatay at May crime at fire, green.","['Crime', 'Fire', 'Other']",Red,"[1, 0, 5]",2,fil
4658,"May namatay sa aksidente, wala nang pulso. pls",['Accident'],Black,[2],3,fil
4659,"Sir May bugbog, nasugatan ang biktima..",['Crime'],Yellow,[1],1,fil
4660,"Motor crash, severe bleeding ang rider! pls",['Accident'],Red,[2],2,fil
4661,"Medical and Natural Disaster reported, yellow at Tulong.","['Accident', 'Medical', 'Natural Disaster']",Black,"[2, 3, 4]",3,fil
4662,"Car accident, no injuries reported at May medical at natural disaster, red.","['Accident', 'Medical', 'Natural Disaster']",Red,"[2, 3, 4]",2,fil
4663,"Urgent at Truck accident, people trapped.","['Accident', 'Medical', 'Natural Disaster']",Red,"[2, 3, 4]",2,tl
4664,"Malubhang banggaan, may hindi humihinga at Accident plus Crime, black.","['Accident', 'Crime']",Black,"[2, 1]",3,fil
4665,"Medical and Natural Disaster reported, green at Urgent.","['Medical', 'Natural Disaster']",Red,"[3, 4]",2,fil
4666,"Help at Natural Disaster plus Fire, black.","['Crime', 'Fire', 'Medical', 'Natural Disaster']",Black,"[1, 0, 3, 4]",3,fil
4667,"Urgent! Fatal crash, driver deceased. pls",['Accident'],Black,[2],3,tl
4668,"Urgent! Crime plus Medical, red! Please respond!","['Crime', 'Medical']",Red,"[1, 3]",2,tl
4669,"Help! Accident plus Crime, green. ASAP. pls","['Accident', 'Crime']",Green,"[2, 1]",0,tl
4670,"Ma'am Baha na, tumataas ang tubig at Holdap sa jeep, may nasaksak.","['Crime', 'Natural Disaster']",Yellow,"[1, 4]",1,fil
4671,"Ma'am May namatay sa aksidente, wala nang pulso at Ma'am Baha na, tumataas ang tubig.","['Accident', 'Natural Disaster']",Black,"[2, 4]",3,fil
4672,"Crime plus Fire, red! ASAP!","['Crime', 'Fire']",Red,"[1, 0]",2,tl
4673,"Help! Natural Disaster plus Other, green! ASAP!","['Natural Disaster', 'Other']",Green,"[4, 5]",0,fil
4674,"Medical and Other reported, green at Mild allergic reaction, stable na.","['Medical', 'Other']",Green,"[3, 5]",0,fil
4675,"Sir May patay sa sunog, hindi na humihinga. pls. pls",['Fire'],Black,[0],3,fil
4676,"Motor naaksidente, nasugatan ang driver at Medical and Accident reported, black.","['Accident', 'Medical']",Black,"[2, 3]",3,fil
4677,"Truck accident, people trapped at Robbery, may baril ang suspect.","['Accident', 'Crime']",Red,"[2, 1]",2,fil
4678,"May fire at medical, red at May accident at fire, yellow.","['Accident', 'Fire', 'Medical']",Red,"[2, 0, 3]",2,tl
4679,"Crime and Medical reported, red at Structure fire, may bata na naiwan.","['Crime', 'Fire', 'Medical']",Red,"[1, 0, 3]",2,fil
4680,"Tulong at May fire at natural disaster, yellow.","['Fire', 'Natural Disaster']",Yellow,"[0, 4]",1,fil
4681,"Severe bleeding, malakas ang dugo at Malakas ang ulan pero ok pa naman.","['Medical', 'Natural Disaster']",Red,"[3, 4]",2,fil
4682,"Urgent! May accident at fire, black. pls","['Accident', 'Fire']",Black,"[2, 0]",3,tl
4683,"Urgent at Crime and Accident reported, yellow.","['Accident', 'Crime', 'Fire']",Black,"[2, 1, 0]",3,tl
4684,"Tulong at May natural disaster at crime, yellow.","['Crime', 'Natural Disaster']",Red,"[1, 4]",2,fil
4685,"Flash flood, maraming hindi makalabas at Ma'am May bata nawawala pa, kailangan ng tulong.","['Natural Disaster', 'Other']",Red,"[4, 5]",2,fil
4686,"May namatay sa baha, nakita ang bangkay at Medical and Crime reported, red.","['Crime', 'Medical', 'Natural Disaster']",Black,"[1, 3, 4]",3,fil
4687,May baha pero mababa pa. pls,['Natural Disaster'],Green,[4],0,tl
4688,"May crime at fire, green at Ma'am Malubhang banggaan, may hindi humihinga.","['Accident', 'Crime', 'Fire']",Red,"[2, 1, 0]",2,fil
4689,"Accident plus Crime, black at Tulong.","['Accident', 'Crime', 'Medical']",Black,"[2, 1, 3]",3,tl
4690,"Boss May baha pero mababa pa at May natural disaster at crime, red.","['Crime', 'Natural Disaster']",Red,"[1, 4]",2,fil
4691,"Help at Landslide victim, deceased na.","['Medical', 'Natural Disaster', 'Other']",Black,"[3, 4, 5]",3,tl
4692,"Tulong at Truck accident, people trapped.","['Accident', 'Medical']",Red,"[2, 3]",2,tl
4693,"Natural Disaster and Crime reported, red at Fire plus Accident, yellow.","['Accident', 'Crime', 'Fire', 'Natural Disaster']",Red,"[2, 1, 0, 4]",2,fil
4694,"Urgent at May fire at accident, yellow.","['Accident', 'Fire']",Black,"[2, 0]",3,tl
4695,"Urgent! May other at accident, yellow. pls","['Other', 'Accident']",Yellow,"[5, 2]",1,tl
4696,"Urgent! Fire and Other reported, yellow! ASAP!","['Fire', 'Other']",Yellow,"[0, 5]",1,fil
4697,"Urgent! May natural disaster at crime, black. Please respond. pls","['Natural Disaster', 'Crime']",Black,"[4, 1]",3,fil
4698,"Structure fire, may bata na naiwan at Natural Disaster and Crime reported, red.","['Crime', 'Fire', 'Natural Disaster']",Red,"[1, 0, 4]",2,fil
4699,"Fire and Other reported, yellow at Tulong.","['Crime', 'Fire', 'Other']",Yellow,"[1, 0, 5]",1,fil
4700,"Other and Medical reported, yellow at May fire at medical, red.","['Fire', 'Medical', 'Other']",Red,"[0, 3, 5]",2,fil
4701,"Stampede sa concert, maraming nasaktan at Help.","['Crime', 'Fire', 'Other']",Red,"[1, 0, 5]",2,fil
4702,"Accident plus Crime, green at Fire plus Accident, black.","['Accident', 'Crime', 'Fire']",Black,"[2, 1, 0]",3,tl
4703,"May crime at accident, black at May nag-attempt ng break-in, na-scare off na.","['Accident', 'Crime']",Black,"[2, 1]",3,fil
4704,"Urgent at Boss Bagyo wasak ang bubong, may injured.","['Fire', 'Natural Disaster', 'Other']",Yellow,"[0, 4, 5]",1,fil
4705,"May other at accident, red at Elderly collapsed, needs treatment soon.","['Accident', 'Medical', 'Other']",Red,"[2, 3, 5]",2,tl
4706,"Seizure, kailangan ng ambulance at Tulong.","['Accident', 'Medical']",Red,"[2, 3]",2,fil
4707,"Sunog sa factory, maraming workers pa sa loob at Fire and Natural Disaster reported, black.","['Fire', 'Natural Disaster']",Black,"[0, 4]",3,fil
4708,"Boss Walang pulso, deceased na at Fire and Other reported, black.","['Fire', 'Medical', 'Other']",Black,"[0, 3, 5]",3,fil
4709,"Boss Holdap sa jeep, may nasaksak at Sir May bata nawawala, nakita na.","['Crime', 'Other']",Yellow,"[1, 5]",1,fil
4710,"Help at Accident and Fire reported, red.","['Accident', 'Crime', 'Fire']",Red,"[2, 1, 0]",2,tl
4711,"Sir Landslide, may na-bury na tao! Bilisan po. pls",['Natural Disaster'],Red,[4],2,fil
4712,"Help! Medical and Crime reported, black. Please respond. pls","['Medical', 'Crime']",Black,"[3, 1]",3,tl
4713,"Emergency at Medical plus Accident, yellow.","['Accident', 'Medical']",Yellow,"[2, 3]",1,tl
4714,"Riot, may baril at May nagnakaw ng cellphone, nakita na namin ang suspect.","['Crime', 'Other']",Red,"[1, 5]",2,fil
4715,"Help at Crime plus Accident, black.","['Accident', 'Crime', 'Fire', 'Other']",Black,"[2, 1, 0, 5]",3,tl
4716,"Help! Accident plus Natural Disaster, green!","['Accident', 'Natural Disaster']",Green,"[2, 4]",0,fil
4717,"Robbery, may baril ang suspect at May medical at crime, black.","['Crime', 'Medical']",Black,"[1, 3]",3,fil
4718,"Overdose, not breathing at May fire at other, green.","['Fire', 'Medical', 'Other']",Red,"[0, 3, 5]",2,fil
4719,"Boss May nanganak na, critical at Natural Disaster plus Other, black.","['Medical', 'Natural Disaster', 'Other']",Black,"[3, 4, 5]",3,fil
4720,"Urgent! May natural disaster at fire, yellow! Please respond!","['Natural Disaster', 'Fire']",Yellow,"[4, 0]",1,fil
4721,"Fire plus Other, green at Boss May sunog sa bahay, may tao na trap sa loob.","['Fire', 'Other']",Red,"[0, 5]",2,fil
4722,"Other and Fire reported, yellow! Please respond!","['Other', 'Fire']",Yellow,"[5, 0]",1,tl
4723,"Urgent at Sir Rollover, critical ang pasahero.","['Accident', 'Crime', 'Other']",Red,"[2, 1, 5]",2,fil
4724,"May accident at other, green at May accident at medical, green.","['Accident', 'Medical', 'Other']",Green,"[2, 3, 5]",0,tl
4725,"Ma'am Sunog sa basurahan lang, konti na lang at Ma'am Holdap sa jeep, may nasaksak.","['Crime', 'Fire']",Yellow,"[1, 0]",1,fil
4726,"Kitchen fire, napatay na namin at Severe bleeding, malakas ang dugo.","['Fire', 'Medical']",Red,"[0, 3]",2,fil
4727,"Severe bleeding, malakas ang dugo at Holdap sa jeep, may nasaksak.","['Crime', 'Medical']",Red,"[1, 3]",2,fil
4728,"Emergency at Car accident, no injuries reported.","['Accident', 'Medical']",Black,"[2, 3]",3,tl
4729,"May accident at fire, yellow at Gas leak reported, minor lang.","['Accident', 'Fire', 'Other']",Yellow,"[2, 0, 5]",1,fil
4730,"Urgent at Ma'am Minor collision sa kalsada, gasgas lang.","['Accident', 'Other']",Black,"[2, 5]",3,fil
4731,"Fire and Natural Disaster reported, black at Sir Landslide, may na-bury na tao.","['Fire', 'Natural Disaster']",Black,"[0, 4]",3,fil
4732,"Medical and Natural Disaster reported, green at House fire, need help.","['Fire', 'Medical', 'Natural Disaster']",Yellow,"[0, 3, 4]",1,fil
4733,"Help! May accident at medical, red. pls","['Accident', 'Medical']",Red,"[2, 3]",2,tl
4734,"Other and Medical reported, black! ASAP!","['Other', 'Medical']",Black,"[5, 3]",3,fil
4735,"Urgent at Crime plus Natural Disaster, red.","['Accident', 'Crime', 'Fire', 'Natural Disaster']",Red,"[2, 1, 0, 4]",2,fil
4736,"Urgent at Missing person, hinahanap pa.","['Crime', 'Fire', 'Other']",Black,"[1, 0, 5]",3,fil
4737,"May crime at natural disaster, black! ASAP!","['Crime', 'Natural Disaster']",Black,"[1, 4]",3,fil
4738,"Other plus Accident, green! ASAP!","['Other', 'Accident']",Green,"[5, 2]",0,tl
4739,"May other at accident, yellow at Boss May patay sa shooting, wala nang pulso.","['Accident', 'Crime', 'Other']",Black,"[2, 1, 5]",3,fil
4740,"May namatay sa baha, nakita ang bangkay at Help.","['Crime', 'Natural Disaster']",Black,"[1, 4]",3,fil
4741,"Urgent! May crime at other, green! Please respond!","['Crime', 'Other']",Green,"[1, 5]",0,fil
4742,"Help at Medical plus Accident, yellow.","['Accident', 'Fire', 'Medical']",Black,"[2, 0, 3]",3,tl
4743,Help! Missing person found deceased. Please respond. pls,['Other'],Black,[5],3,fil
4744,"Storm damage sa bubong, minor lang at Truck accident, people trapped.","['Accident', 'Natural Disaster']",Red,"[2, 4]",2,fil
4745,"May natural disaster at crime, yellow at May medical at fire, yellow.","['Crime', 'Fire', 'Medical', 'Natural Disaster']",Yellow,"[1, 0, 3, 4]",1,fil
4746,"May baha pero mababa pa at Other and Medical reported, black.","['Medical', 'Natural Disaster', 'Other']",Black,"[3, 4, 5]",3,fil
4747,"Sir Assault, kailangan ng ambulance at Landslide victim, deceased na.","['Crime', 'Natural Disaster']",Black,"[1, 4]",3,fil
4748,"May medical at fire, yellow at May natural disaster at crime, red.","['Crime', 'Fire', 'Medical', 'Natural Disaster']",Red,"[1, 0, 3, 4]",2,fil
4749,"Boss Hindi humihinga ang tao, CPR needed at Boss Brownout, walang kuryente.","['Medical', 'Other']",Red,"[3, 5]",2,fil
4750,"Urgent at Ma'am May stroke victim, kailangan agad ng hospital.","['Crime', 'Medical', 'Other']",Black,"[1, 3, 5]",3,fil
4751,"May binaril, malubha at Accident plus Fire, yellow.","['Accident', 'Crime', 'Fire']",Red,"[2, 1, 0]",2,fil
4752,"Urgent at Fire and Accident reported, yellow.","['Accident', 'Fire', 'Natural Disaster']",Black,"[2, 0, 4]",3,tl
4753,"Emergency at Boss May namatay sa baha, nakita ang bangkay.","['Accident', 'Natural Disaster']",Black,"[2, 4]",3,fil
4754,"May other at fire, black at Accident plus Other, yellow.","['Accident', 'Fire', 'Other']",Black,"[2, 0, 5]",3,tl
4755,"Tulong at May nag-attempt ng break-in, na-scare off na.","['Crime', 'Natural Disaster']",Black,"[1, 4]",3,fil
4756,"May crime at other, red at Boss Holdap may baril, may nasaktan.","['Crime', 'Other']",Red,"[1, 5]",2,fil
4757,"May natural disaster at other, green at Small fire sa labas, na-control na.","['Fire', 'Natural Disaster', 'Other']",Green,"[0, 4, 5]",0,fil
4758,"May accident at medical, green at May crime at fire, green.","['Accident', 'Crime', 'Fire', 'Medical']",Green,"[2, 1, 0, 3]",0,tl
4759,"May fire at other, red at Fatal stabbing, victim pronounced dead.","['Crime', 'Fire', 'Other']",Black,"[1, 0, 5]",3,fil
4760,"Sir Nasunog ang bahay, may namatay na at Heart attack, unconscious.","['Fire', 'Medical']",Black,"[0, 3]",3,fil
4761,"Truck accident, people trapped at Ma'am May stroke victim, kailangan agad ng hospital.","['Accident', 'Medical']",Red,"[2, 3]",2,fil
4762,"Help! Accident and Fire reported, green. Please respond. pls","['Accident', 'Fire']",Green,"[2, 0]",0,tl
4763,"Tulong! May namatay sa aksidente, wala nang pulso. pls. pls",['Accident'],Black,[2],3,fil
4764,"May accident at crime, red at Ma'am Flash flood, maraming hindi makalabas.","['Accident', 'Crime', 'Natural Disaster']",Red,"[2, 1, 4]",2,fil
4765,"Urgent! Fire plus Natural Disaster, red!","['Fire', 'Natural Disaster']",Red,"[0, 4]",2,fil
4766,"Urgent! Fire plus Natural Disaster, red. Please respond. pls","['Fire', 'Natural Disaster']",Red,"[0, 4]",2,fil
4767,"May crime at natural disaster, black at Help.","['Crime', 'Fire', 'Natural Disaster', 'Other']",Black,"[1, 0, 4, 5]",3,fil
4768,"Flooding, need evacuation!",['Natural Disaster'],Yellow,[4],1,tl
4769,"Crime and Accident reported, black at Sir May stroke victim, kailangan agad ng hospital.","['Accident', 'Crime', 'Medical']",Black,"[2, 1, 3]",3,fil
4770,"Brownout, walang kuryente at Ma'am May stroke victim, kailangan agad ng hospital.","['Medical', 'Other']",Yellow,"[3, 5]",1,fil
4771,"Help at Landslide, may na-bury na tao.","['Crime', 'Natural Disaster']",Red,"[1, 4]",2,fil
4772,"Help! May accident at crime, red! Please respond!","['Accident', 'Crime']",Red,"[2, 1]",2,fil
4773,"Urgent! May crime at natural disaster, red!","['Crime', 'Natural Disaster']",Red,"[1, 4]",2,fil
4774,"Nasusunog yung tindahan, may nasugatan at Sir Holdap sa jeep, may nasaksak.","['Crime', 'Fire']",Yellow,"[1, 0]",1,fil
4775,"Sir May stroke victim, kailangan agad ng hospital. pls",['Medical'],Yellow,[3],1,fil
4776,"May crime at natural disaster, black at Ma'am Baha na, tumataas ang tubig.","['Crime', 'Natural Disaster']",Black,"[1, 4]",3,fil
4777,"Ma'am May namatay sa aksidente, wala nang pulso! Padala agad!",['Accident'],Black,[2],3,fil
4778,"Help! Natural Disaster plus Medical, green!","['Natural Disaster', 'Medical']",Green,"[4, 3]",0,fil
4779,"Car accident, no injuries reported at Urgent.","['Accident', 'Natural Disaster', 'Other']",Green,"[2, 4, 5]",0,tl
4780,"May crime at fire, yellow at May crime at natural disaster, black.","['Crime', 'Fire', 'Natural Disaster']",Black,"[1, 0, 4]",3,fil
4781,Lost child found na po. pls,['Other'],Green,[5],0,fil
4782,"Brownout, walang kuryente at Medical and Accident reported, black.","['Accident', 'Medical', 'Other']",Black,"[2, 3, 5]",3,fil
4783,"Other and Medical reported, yellow at Tulong.","['Medical', 'Other']",Yellow,"[3, 5]",1,fil
4784,"May fire at natural disaster, yellow at Natural Disaster plus Accident, yellow.","['Accident', 'Fire', 'Natural Disaster']",Yellow,"[2, 0, 4]",1,fil
4785,"May accident at fire, red at May crime at natural disaster, black.","['Accident', 'Crime', 'Fire', 'Natural Disaster']",Black,"[2, 1, 0, 4]",3,fil
4786,"Boss May stroke victim, kailangan agad ng hospital at Natural Disaster and Fire reported, green.","['Fire', 'Medical', 'Natural Disaster']",Yellow,"[0, 3, 4]",1,fil
4787,"Natural Disaster plus Medical, black at Emergency.","['Accident', 'Medical', 'Natural Disaster']",Black,"[2, 3, 4]",3,fil
4788,"Mild allergic reaction, stable na at Medical and Crime reported, red.","['Crime', 'Medical']",Red,"[1, 3]",2,fil
4789,"Truck nasagasaan ang tao, kailangan ng ambulance at Crime and Medical reported, red.","['Accident', 'Crime', 'Medical']",Red,"[2, 1, 3]",2,fil
4790,"Mild allergic reaction, stable na! ASAP!",['Medical'],Green,[3],0,fil
4791,"Ma'am May nagnakaw ng cellphone, nakita na namin ang suspect at Boss Sunog sa bodega, malakas na ang apoy.","['Crime', 'Fire']",Yellow,"[1, 0]",1,fil
4792,"May fire at accident, yellow at Sir Gas leak malakas, may nahimatay.","['Accident', 'Fire', 'Other']",Red,"[2, 0, 5]",2,fil
4793,"Ma'am Baha na, tumataas ang tubig at May binaril, malubha.","['Crime', 'Natural Disaster']",Red,"[1, 4]",2,fil
4794,"Bagyo wasak ang bubong, may injured at Help.","['Natural Disaster', 'Other']",Red,"[4, 5]",2,fil
4795,"Medical and Natural Disaster reported, yellow at Accident plus Fire, red.","['Accident', 'Fire', 'Medical', 'Natural Disaster']",Red,"[2, 0, 3, 4]",2,fil
4796,"Urgent at Sir May sunog sa bahay, kailangan ng fire truck.","['Fire', 'Medical', 'Other']",Black,"[0, 3, 5]",3,fil
4797,"Ma'am Severe bleeding, malakas ang dugo! Bilisan.",['Medical'],Red,[3],2,fil
4798,"Urgent at Medical and Natural Disaster reported, yellow.","['Accident', 'Medical', 'Natural Disaster']",Black,"[2, 3, 4]",3,fil
4799,"Help at Boss May stroke victim, kailangan agad ng hospital.","['Crime', 'Medical', 'Other']",Yellow,"[1, 3, 5]",1,fil
4800,"May crime at fire, green. ASAP. pls","['Crime', 'Fire']",Green,"[1, 0]",0,fil
4801,"Boss May sunog sa bahay, may tao na trap sa loob! Bilisan po. pls",['Fire'],Red,[0],2,fil
4802,"Tulong at Gas leak malakas, may nahimatay.","['Natural Disaster', 'Other']",Black,"[4, 5]",3,fil
4803,"Urgent! May natural disaster at crime, yellow!","['Natural Disaster', 'Crime']",Yellow,"[4, 1]",1,fil
4804,"Ma'am Assault, kailangan ng ambulance at Boss May baha pero mababa pa.","['Crime', 'Natural Disaster']",Yellow,"[1, 4]",1,fil
4805,"Medical and Crime reported, red at Ma'am Motor naaksidente, nasugatan ang driver.","['Accident', 'Crime', 'Medical']",Red,"[2, 1, 3]",2,fil
4806,"Help! Crime plus Medical, green!","['Crime', 'Medical']",Green,"[1, 3]",0,tl
4807,"May accident at fire, red at Fire plus Accident, black.","['Accident', 'Fire']",Black,"[2, 0]",3,tl
4808,Sir Nakita ang bangkay sa ilog at Emergency.,"['Crime', 'Other']",Black,"[1, 5]",3,fil
4809,"Accident plus Other, red at Nasagasaan, patay na po.","['Accident', 'Other']",Black,"[2, 5]",3,fil
4810,"Flash flood, maraming hindi makalabas at Urgent.","['Crime', 'Fire', 'Natural Disaster']",Black,"[1, 0, 4]",3,fil
4811,"May accident at other, green at May medical at crime, black.","['Accident', 'Crime', 'Medical', 'Other']",Black,"[2, 1, 3, 5]",3,tl
4812,"May crime at accident, yellow at Medical plus Crime, red.","['Accident', 'Crime', 'Medical']",Red,"[2, 1, 3]",2,tl
4813,"May accident at medical, red at Fire and Accident reported, yellow.","['Accident', 'Fire', 'Medical']",Red,"[2, 0, 3]",2,fil
4814,"May other at accident, red at Emergency.","['Accident', 'Crime', 'Other']",Red,"[2, 1, 5]",2,tl
4815,"Building burning, may tao pa sa loob at Sir Bangga ng kotse sa parking, walang sugat.","['Accident', 'Fire']",Yellow,"[2, 0]",1,fil
4816,"Boss May sumakit ang ulo, minor lang at Urgent.","['Fire', 'Medical']",Yellow,"[0, 3]",1,fil
4817,"Urgent at Fire sa apartment, people trapped inside.","['Accident', 'Fire', 'Medical']",Red,"[2, 0, 3]",2,tl
4818,"Urgent! Natural Disaster and Fire reported, green. ASAP. pls","['Natural Disaster', 'Fire']",Green,"[4, 0]",0,fil
4819,"Sunog sa factory, maraming workers pa sa loob at Emergency.","['Crime', 'Fire']",Red,"[1, 0]",2,fil
4820,"Urgent! May fire at medical, red. ASAP. pls","['Fire', 'Medical']",Red,"[0, 3]",2,fil
4821,"Structure fire, may bata na naiwan! Please respond!",['Fire'],Red,[0],2,fil
4822,"Sir Sunog sa bodega, malakas na ang apoy at Other and Medical reported, yellow.","['Fire', 'Medical', 'Other']",Yellow,"[0, 3, 5]",1,fil
4823,"Fire and Natural Disaster reported, black at May patay sa shooting, wala nang pulso.","['Crime', 'Fire', 'Natural Disaster']",Black,"[1, 0, 4]",3,fil
4824,"May natural disaster at crime, red at May sumakit ang ulo, minor lang.","['Crime', 'Medical', 'Natural Disaster']",Red,"[1, 3, 4]",2,fil
4825,"Sir Baha na, tumataas ang tubig at Walang pulso, deceased na.","['Medical', 'Natural Disaster']",Black,"[3, 4]",3,fil
4826,"Hostage situation, may kutsilyo at May accident at crime, red.","['Accident', 'Crime']",Red,"[2, 1]",2,tl
4827,"Sir Bangga ng kotse sa parking, walang sugat at Tulong.","['Accident', 'Crime']",Green,"[2, 1]",0,fil
4828,"May nahihirapang huminga, asthmatic at Sir May sunog sa bahay, kailangan ng fire truck.","['Fire', 'Medical']",Yellow,"[0, 3]",1,fil
4829,"Sir Gas leak malakas, may nahimatay at Urgent.","['Fire', 'Natural Disaster', 'Other']",Red,"[0, 4, 5]",2,fil
4830,"Urgent! May natural disaster at crime, red. Please respond. pls","['Natural Disaster', 'Crime']",Red,"[4, 1]",2,fil
4831,"Urgent! May natural disaster at other, green. ASAP. pls","['Natural Disaster', 'Other']",Green,"[4, 5]",0,fil
4832,Lost child found na po at Help.,"['Accident', 'Natural Disaster', 'Other']",Red,"[2, 4, 5]",2,fil
4833,"May namatay sa aksidente, wala nang pulso. Padala agad. pls",['Accident'],Black,[2],3,fil
4834,"Fire and Crime reported, green at Accident plus Crime, black.","['Accident', 'Crime', 'Fire']",Black,"[2, 1, 0]",3,tl
4835,"Urgent! Crime plus Natural Disaster, red. Please respond. pls","['Crime', 'Natural Disaster']",Red,"[1, 4]",2,fil
4836,"Stampede sa concert, maraming nasaktan at Urgent.","['Accident', 'Medical', 'Other']",Red,"[2, 3, 5]",2,fil
4837,"Medical and Accident reported, black at Urgent.","['Accident', 'Crime', 'Medical']",Black,"[2, 1, 3]",3,tl
4838,"Emergency! Motor crash, severe bleeding ang rider! pls. pls",['Accident'],Red,[2],2,fil
4839,"Other plus Fire, green at Storm damage sa bubong, minor lang.","['Fire', 'Natural Disaster', 'Other']",Green,"[0, 4, 5]",0,fil
4840,"Medical plus Natural Disaster, yellow at Fire plus Other, green.","['Fire', 'Medical', 'Natural Disaster', 'Other']",Yellow,"[0, 3, 4, 5]",1,fil
4841,"Sir Walang pulso, deceased na at Boss Malakas ang ulan pero ok pa naman.","['Medical', 'Natural Disaster']",Black,"[3, 4]",3,fil
4842,"Tulong at Sunog sa factory, maraming workers pa sa loob.","['Crime', 'Fire']",Red,"[1, 0]",2,fil
4843,"Other plus Accident, black at May accident at fire, yellow.","['Accident', 'Fire', 'Other']",Black,"[2, 0, 5]",3,tl
4844,"Sir May bata nawawala, nakita na at Boss Sunog sa bodega, malakas na ang apoy.","['Fire', 'Other']",Yellow,"[0, 5]",1,fil
4845,"Nakita ang bangkay sa ilog at Boss Nasagasaan, patay na po.","['Accident', 'Other']",Black,"[2, 5]",3,fil
4846,"May nagnakaw ng cellphone, nakita na namin ang suspect at Truck nasagasaan ang tao, kailangan ng ambulance.","['Accident', 'Crime']",Yellow,"[2, 1]",1,fil
4847,"Other plus Accident, black at Help.","['Accident', 'Crime', 'Other']",Black,"[2, 1, 5]",3,tl
4848,"Ma'am May patay sa shooting, wala nang pulso!",['Crime'],Black,[1],3,fil
4849,"May nahihirapang huminga, asthmatic at May accident at fire, red.","['Accident', 'Fire', 'Medical']",Red,"[2, 0, 3]",2,fil
4850,"Stampede sa concert, maraming nasaktan at Crime plus Accident, green.","['Accident', 'Crime', 'Other']",Red,"[2, 1, 5]",2,fil
4851,"Emergency at Fire sa apartment, people trapped inside.","['Fire', 'Natural Disaster']",Red,"[0, 4]",2,tl
4852,"May crime at fire, green! ASAP!","['Crime', 'Fire']",Green,"[1, 0]",0,fil
4853,"Urgent at Car accident, no injuries reported.","['Accident', 'Crime']",Red,"[2, 1]",2,tl
4854,"Rollover, critical ang pasahero at Crime and Fire reported, red.","['Accident', 'Crime', 'Fire']",Red,"[2, 1, 0]",2,fil
4855,"Crime plus Accident, green at Sir Holdap may baril, may nasaktan.","['Accident', 'Crime']",Red,"[2, 1]",2,fil
4856,"Boss Sunog sa basurahan lang, konti na lang at Help.","['Fire', 'Medical']",Yellow,"[0, 3]",1,fil
4857,"Emergency! Suspicious package, nag-evacuate na. pls. pls",['Other'],Yellow,[5],1,tl
4858,"Severe bleeding, malakas ang dugo at Storm surge, kailangan ng rescue.","['Medical', 'Natural Disaster']",Red,"[3, 4]",2,fil
4859,"Help! May accident at crime, red. Please respond. pls","['Accident', 'Crime']",Red,"[2, 1]",2,fil
4860,"Urgent! May crime at fire, black. pls","['Crime', 'Fire']",Black,"[1, 0]",3,tl
4861,"Crime and Fire reported, red at Kitchen fire, napatay na namin.","['Crime', 'Fire']",Red,"[1, 0]",2,fil
4862,"Help at Natural Disaster and Fire reported, black.","['Crime', 'Fire', 'Natural Disaster', 'Other']",Black,"[1, 0, 4, 5]",3,fil
4863,"Boss May sunog sa bahay, may tao na trap sa loob! Bilisan po!",['Fire'],Red,[0],2,fil
4864,"Help at Rollover, critical ang pasahero.","['Accident', 'Medical', 'Natural Disaster']",Red,"[2, 3, 4]",2,fil
4865,"May nahimatay pero nagising na, ok na at Boss May patay sa sunog, hindi na humihinga.","['Fire', 'Medical']",Black,"[0, 3]",3,fil
4866,"May fire at accident, red. ASAP. pls","['Fire', 'Accident']",Red,"[0, 2]",2,fil
4867,"Car crash, may injured at Storm damage sa bubong, minor lang.","['Accident', 'Natural Disaster']",Yellow,"[2, 4]",1,fil
4868,"Ma'am May namatay sa baha, nakita ang bangkay at May crime at accident, black.","['Accident', 'Crime', 'Natural Disaster']",Black,"[2, 1, 4]",3,fil
4869,"Baha mataas na, may tao na trap sa bubong! Bilisan po!",['Natural Disaster'],Red,[4],2,fil
4870,"Crime and Medical reported, red at Fire and Accident reported, yellow.","['Accident', 'Crime', 'Fire', 'Medical']",Red,"[2, 1, 0, 3]",2,tl
4871,"Urgent! CPR failed, pronounced dead. pls",['Medical'],Black,[3],3,tl
4872,"May binaril, malubha! Padala agad. pls",['Crime'],Red,[1],2,fil
4873,"Crime and Fire reported, red at Crime and Accident reported, black.","['Accident', 'Crime', 'Fire']",Black,"[2, 1, 0]",3,tl
4874,"Help at May natural disaster at crime, yellow.","['Crime', 'Medical', 'Natural Disaster']",Black,"[1, 3, 4]",3,fil
4875,"Urgent! May fire at medical, red. pls","['Fire', 'Medical']",Red,"[0, 3]",2,tl
4876,"Structure fire, may bata na naiwan at Ma'am Flash flood, maraming hindi makalabas.","['Fire', 'Natural Disaster']",Red,"[0, 4]",2,fil
4877,"Building burning, may tao pa sa loob at Heart attack, stable pa pero urgent.","['Fire', 'Medical']",Yellow,"[0, 3]",1,fil
4878,"Sir Malakas ang ulan pero ok pa naman at Ma'am Assault, kailangan ng ambulance.","['Crime', 'Natural Disaster']",Yellow,"[1, 4]",1,fil
4879,"Help! Accident plus Crime, black! ASAP!","['Accident', 'Crime']",Black,"[2, 1]",3,tl
4880,"May fire at accident, red at May bata nawawala pa, kailangan ng tulong.","['Accident', 'Fire', 'Other']",Red,"[2, 0, 5]",2,fil
4881,"Crime and Other reported, yellow at Ma'am May bata nawawala pa, kailangan ng tulong.","['Crime', 'Other']",Yellow,"[1, 5]",1,fil
4882,"Urgent at Crime and Accident reported, black.","['Accident', 'Crime', 'Natural Disaster']",Black,"[2, 1, 4]",3,tl
4883,"Emergency at Drowning victim, no pulse.","['Medical', 'Natural Disaster']",Black,"[3, 4]",3,tl
4884,"May fire at other, green at Other plus Accident, green.","['Accident', 'Fire', 'Other']",Green,"[2, 0, 5]",0,tl
4885,"Other and Medical reported, yellow at Motor nadulas pero ok lang, minor lang.","['Accident', 'Medical', 'Other']",Yellow,"[2, 3, 5]",1,fil
4886,"Urgent at Riot sa rally, may nasugatan.","['Accident', 'Fire', 'Other']",Yellow,"[2, 0, 5]",1,fil
4887,"Urgent! May crime at other, black!","['Crime', 'Other']",Black,"[1, 5]",3,tl
4888,"Help! May fire at accident, red. Please respond. pls","['Fire', 'Accident']",Red,"[0, 2]",2,fil
4889,"Petty theft reported, suspect fled at Fire plus Other, yellow.","['Crime', 'Fire', 'Other']",Yellow,"[1, 0, 5]",1,tl
4890,"Nakawan sa sari-sari store, minor lang!",['Crime'],Green,[1],0,fil
4891,"May accident at medical, red at Missing person found deceased.","['Accident', 'Medical', 'Other']",Black,"[2, 3, 5]",3,fil
4892,"Natural Disaster plus Other, black at Malakas na sunog, hindi makahinga ang mga tao.","['Fire', 'Natural Disaster', 'Other']",Black,"[0, 4, 5]",3,fil
4893,"Ma'am Nakawan sa sari-sari store, minor lang. pls. pls",['Crime'],Green,[1],0,fil
4894,"May crime at accident, yellow at Crime plus Other, black.","['Accident', 'Crime', 'Other']",Black,"[2, 1, 5]",3,tl
4895,"May namatay sa baha, nakita ang bangkay at Minor collision sa kalsada, gasgas lang.","['Accident', 'Natural Disaster']",Black,"[2, 4]",3,fil
4896,"Help! Flooding, need evacuation. Please respond. pls",['Natural Disaster'],Yellow,[4],1,fil
4897,"Other and Crime reported, yellow! ASAP!","['Other', 'Crime']",Yellow,"[5, 1]",1,fil
4898,"Baha mataas na, may tao na trap sa bubong! Bilisan.",['Natural Disaster'],Red,[4],2,fil
4899,"Crime plus Accident, green at Tulong.","['Accident', 'Crime']",Red,"[2, 1]",2,tl
4900,"Help at Natural Disaster and Medical reported, black.","['Accident', 'Fire', 'Medical', 'Natural Disaster']",Black,"[2, 0, 3, 4]",3,fil
4901,"May bugbog, nasugatan ang biktima at Sir Malubhang banggaan, may hindi humihinga.","['Accident', 'Crime']",Red,"[2, 1]",2,fil
4902,"Ma'am Flash flood, maraming hindi makalabas! Bilisan po!",['Natural Disaster'],Red,[4],2,fil
4903,"Mild allergic reaction, stable na at Natural Disaster and Medical reported, black.","['Medical', 'Natural Disaster']",Black,"[3, 4]",3,fil
4904,"Sir Riot sa rally, may nasugatan at Other and Fire reported, yellow.","['Fire', 'Other']",Yellow,"[0, 5]",1,fil
4905,"Fire plus Natural Disaster, red at Ma'am Malubhang banggaan, may hindi humihinga.","['Accident', 'Fire', 'Natural Disaster']",Red,"[2, 0, 4]",2,fil
4906,"Boss Baha na, tumataas ang tubig at Urgent.","['Accident', 'Natural Disaster', 'Other']",Yellow,"[2, 4, 5]",1,fil
4907,"Other and Medical reported, black at Crime plus Other, green.","['Crime', 'Medical', 'Other']",Black,"[1, 3, 5]",3,tl
4908,"May nahihirapang huminga, asthmatic at Crime and Medical reported, black.","['Crime', 'Medical']",Black,"[1, 3]",3,fil
4909,"Ma'am May nagnakaw ng cellphone, nakita na namin ang suspect at Sunog sa factory, maraming workers pa sa loob.","['Crime', 'Fire']",Red,"[1, 0]",2,fil
4910,"Boss Nasagasaan, patay na po at Boss May sunog sa bahay, may tao na trap sa loob.","['Accident', 'Fire']",Black,"[2, 0]",3,fil
4911,"Tulong at Nasusunog yung tindahan, may nasugatan.","['Fire', 'Natural Disaster']",Black,"[0, 4]",3,fil
4912,"Urgent at May crime at natural disaster, red.","['Crime', 'Natural Disaster']",Red,"[1, 4]",2,fil
4913,"May crime at fire, yellow at Heart attack, stable pa pero urgent.","['Crime', 'Fire', 'Medical']",Yellow,"[1, 0, 3]",1,tl
4914,"Hit and run, victim needs treatment!",['Accident'],Yellow,[2],1,tl
4915,"Boss May binaril, malubha at Help.","['Accident', 'Crime', 'Other']",Black,"[2, 1, 5]",3,fil
4916,"Medical plus Crime, red at Accident plus Crime, red.","['Accident', 'Crime', 'Medical']",Red,"[2, 1, 3]",2,tl
4917,"Urgent! Truck accident, people trapped! ASAP!",['Accident'],Red,[2],2,tl
4918,"Ma'am Sunog sa basurahan lang, konti na lang at Sir Baha na, tumataas ang tubig.","['Fire', 'Natural Disaster']",Yellow,"[0, 4]",1,fil
4919,"Urgent! May other at accident, yellow!","['Other', 'Accident']",Yellow,"[5, 2]",1,tl
4920,"Tulong at Robbery, may baril ang suspect.","['Crime', 'Fire']",Red,"[1, 0]",2,fil
4921,"May patay sa shooting, wala nang pulso at May accident at fire, yellow.","['Accident', 'Crime', 'Fire']",Black,"[2, 1, 0]",3,fil
4922,"May hostage sa tindahan, stable pa naman at Boss May usok sa kusina pero walang apoy pa, safe naman.","['Crime', 'Fire']",Yellow,"[1, 0]",1,fil
4923,"Ma'am Motor naaksidente, nasugatan ang driver at Fire and Other reported, yellow.","['Accident', 'Fire', 'Other']",Yellow,"[2, 0, 5]",1,fil
4924,"Urgent! Natural Disaster plus Other, black. Please respond. pls","['Natural Disaster', 'Other']",Black,"[4, 5]",3,fil
4925,"Crime plus Fire, red at May smoke sa bahay pero minor lang po.","['Crime', 'Fire']",Red,"[1, 0]",2,fil
4926,"Urgent! Crime and Natural Disaster reported, green! Please respond!","['Crime', 'Natural Disaster']",Green,"[1, 4]",0,fil
4927,"May medical at crime, black at Nasagasaan, patay na po.","['Accident', 'Crime', 'Medical']",Black,"[2, 1, 3]",3,fil
4928,"May accident at other, green at Minor collision sa kalsada, gasgas lang.","['Accident', 'Other']",Green,"[2, 5]",0,fil
4929,"Boss Sunog sa bodega, malakas na ang apoy at Tulong.","['Fire', 'Natural Disaster']",Yellow,"[0, 4]",1,fil
4930,"May binaril, malubha at May crime at accident, black.","['Accident', 'Crime']",Black,"[2, 1]",3,fil
4931,"Bangga ng kotse sa parking, walang sugat. Bilisan.",['Accident'],Green,[2],0,fil
4932,"Urgent! Other plus Medical, black. Please respond. pls","['Other', 'Medical']",Black,"[5, 3]",3,tl
4933,"Missing person found deceased at Sir Walang pulso, deceased na.","['Medical', 'Other']",Black,"[3, 5]",3,fil
4934,"Small fire sa labas, na-control na at Urgent.","['Accident', 'Fire']",Yellow,"[2, 0]",1,fil
4935,"Urgent! Fire plus Accident, green. Please respond. pls","['Fire', 'Accident']",Green,"[0, 2]",0,tl
4936,"May patay sa sunog, hindi na humihinga at Missing person found deceased.","['Fire', 'Other']",Black,"[0, 5]",3,fil
4937,"May fire at natural disaster, yellow at Boss May sunog sa bahay, may tao na trap sa loob.","['Fire', 'Natural Disaster']",Red,"[0, 4]",2,fil
4938,"Boss Sunog sa basurahan lang, konti na lang at Elderly collapsed, needs treatment soon.","['Fire', 'Medical']",Yellow,"[0, 3]",1,fil
4939,"Structure fire, may bata na naiwan at Landslide victim, deceased na.","['Fire', 'Natural Disaster']",Black,"[0, 4]",3,fil
4940,"Help at May fire at other, yellow.","['Crime', 'Fire', 'Medical', 'Other']",Red,"[1, 0, 3, 5]",2,tl
4941,"Natural Disaster and Crime reported, red at Help.","['Accident', 'Crime', 'Natural Disaster', 'Other']",Red,"[2, 1, 4, 5]",2,fil
4942,"Urgent at May natural disaster at crime, red.","['Accident', 'Crime', 'Medical', 'Natural Disaster']",Red,"[2, 1, 3, 4]",2,fil
4943,"Emergency at Boss Brownout, walang kuryente.","['Medical', 'Other']",Green,"[3, 5]",0,fil
4944,"Help at Ma'am Severe bleeding, malakas ang dugo.","['Accident', 'Fire', 'Medical']",Red,"[2, 0, 3]",2,fil
4945,"Urgent! Crime and Natural Disaster reported, green. ASAP. pls","['Crime', 'Natural Disaster']",Green,"[1, 4]",0,fil
4946,"Urgent! Natural Disaster plus Other, green. Please respond. pls","['Natural Disaster', 'Other']",Green,"[4, 5]",0,fil
4947,"Sir Lindol kanina, may mga nasugatan sa landslide at Boss Nasusunog yung tindahan, may nasugatan.","['Fire', 'Natural Disaster']",Yellow,"[0, 4]",1,fil
4948,"Medical and Fire reported, yellow at Crime and Fire reported, yellow.","['Crime', 'Fire', 'Medical']",Yellow,"[1, 0, 3]",1,tl
4949,"Help! Crime and Natural Disaster reported, green! ASAP!","['Crime', 'Natural Disaster']",Green,"[1, 4]",0,fil
4950,"Emergency at Baha mataas na, may tao na trap sa bubong.","['Crime', 'Natural Disaster']",Red,"[1, 4]",2,fil
4951,"Emergency! May nanganak na, critical! Bilisan po. pls",['Medical'],Red,[3],2,fil
4952,"Other plus Accident, yellow at Help.","['Accident', 'Crime', 'Fire', 'Other']",Black,"[2, 1, 0, 5]",3,tl
4953,"Accident and Fire reported, red! Please respond!","['Accident', 'Fire']",Red,"[2, 0]",2,tl
4954,"Sir Holdap may baril, may nasaktan at May other at accident, yellow.","['Accident', 'Crime', 'Other']",Red,"[2, 1, 5]",2,fil
4955,"Baha na, tumataas ang tubig at Urgent.","['Accident', 'Natural Disaster']",Yellow,"[2, 4]",1,fil
4956,"Tulong at Seizure, kailangan ng ambulance.","['Medical', 'Natural Disaster']",Yellow,"[3, 4]",1,fil
4957,"Help at Crime plus Other, green.","['Crime', 'Natural Disaster', 'Other']",Green,"[1, 4, 5]",0,tl
4958,"Help at Boss Motor crash, severe bleeding ang rider.","['Accident', 'Natural Disaster']",Red,"[2, 4]",2,fil
4959,"Truck nasagasaan ang tao, kailangan ng ambulance at Fire plus Accident, black.","['Accident', 'Fire']",Black,"[2, 0]",3,fil
4960,"Help! Other and Fire reported, green!","['Other', 'Fire']",Green,"[5, 0]",0,tl
4961,"May crime at natural disaster, red at Lost child found na po.","['Crime', 'Natural Disaster', 'Other']",Red,"[1, 4, 5]",2,fil
4962,"Help! May nag-attempt ng break-in, na-scare off na. ASAP. pls",['Crime'],Green,[1],0,fil
4963,"May usok sa kusina pero walang apoy pa, safe naman at Motor naaksidente, nasugatan ang driver.","['Accident', 'Fire']",Yellow,"[2, 0]",1,fil
4964,"Medical and Crime reported, red at Ma'am Hindi humihinga ang tao, CPR needed.","['Crime', 'Medical']",Red,"[1, 3]",2,fil
4965,"Truck nasagasaan ang tao, kailangan ng ambulance! Bilisan po!",['Accident'],Yellow,[2],1,fil
4966,"Sir Baha mataas na, may tao na trap sa bubong! pls",['Natural Disaster'],Red,[4],2,fil
4967,"Earthquake, building collapse, people trapped at May nag-attempt ng break-in, na-scare off na.","['Crime', 'Natural Disaster']",Red,"[1, 4]",2,fil
4968,"Crime plus Medical, black. ASAP. pls","['Crime', 'Medical']",Black,"[1, 3]",3,tl
4969,"Natural Disaster and Fire reported, yellow at Riot, may baril.","['Fire', 'Natural Disaster', 'Other']",Red,"[0, 4, 5]",2,fil
4970,"Emergency at Boss Assault, kailangan ng ambulance.","['Crime', 'Medical']",Red,"[1, 3]",2,fil
4971,"Help! May other at accident, red. pls","['Other', 'Accident']",Red,"[5, 2]",2,tl
4972,"May sunog sa bahay, may tao na trap sa loob at Urgent.","['Accident', 'Fire']",Red,"[2, 0]",2,fil
4973,"Fire sa apartment, people trapped inside! pls",['Fire'],Red,[0],2,tl
4974,"Minor collision sa kalsada, gasgas lang at Nakawan sa sari-sari store, minor lang.","['Accident', 'Crime']",Green,"[2, 1]",0,fil
4975,"Boss May sunog sa bahay, kailangan ng fire truck at Help.","['Fire', 'Other']",Black,"[0, 5]",3,fil
4976,"Ma'am Baha na, tumataas ang tubig..",['Natural Disaster'],Yellow,[4],1,fil
4977,"Urgent! Small fire sa labas, na-control na. Please respond. pls",['Fire'],Green,[0],0,fil
4978,Help! Missing person found deceased!,['Other'],Black,[5],3,tl
4979,"Help at Accident plus Other, red.","['Accident', 'Fire', 'Other']",Red,"[2, 0, 5]",2,tl
4980,"Tulong at May bata nawawala pa, kailangan ng tulong.","['Natural Disaster', 'Other']",Yellow,"[4, 5]",1,fil
4981,"Malubhang banggaan, may hindi humihinga at Fatal stabbing, victim pronounced dead.","['Accident', 'Crime']",Black,"[2, 1]",3,fil
4982,"Medical and Natural Disaster reported, green at Fire plus Accident, green.","['Accident', 'Fire', 'Medical', 'Natural Disaster']",Green,"[2, 0, 3, 4]",0,fil
4983,"Tulong at Heart attack, unconscious.","['Medical', 'Natural Disaster']",Red,"[3, 4]",2,tl
4984,"Car crash, may injured at Crime and Fire reported, red.","['Accident', 'Crime', 'Fire']",Red,"[2, 1, 0]",2,fil
4985,"Urgent! Accident plus Fire, yellow! Please respond!","['Accident', 'Fire']",Yellow,"[2, 0]",1,tl
4986,"Help at Ma'am Nasunog ang bahay, may namatay na.","['Accident', 'Crime', 'Fire']",Black,"[2, 1, 0]",3,fil
4987,"Help! Other plus Medical, black. Please respond. pls","['Other', 'Medical']",Black,"[5, 3]",3,tl
4988,"Natural Disaster plus Medical, black. ASAP. pls","['Natural Disaster', 'Medical']",Black,"[4, 3]",3,fil
4989,"Help! Landslide victim, deceased na. Please respond. pls",['Natural Disaster'],Black,[4],3,fil
4990,"Ma'am Truck nasagasaan ang tao, kailangan ng ambulance at May crime at fire, green.","['Accident', 'Crime', 'Fire']",Yellow,"[2, 1, 0]",1,fil
4991,"May usok sa kusina pero walang apoy pa, safe naman!",['Fire'],Green,[0],0,fil
4992,"Tulong! Bagyo wasak ang bubong, may injured! Padala agad!",['Natural Disaster'],Yellow,[4],1,fil
4993,"Tulong at May crime at natural disaster, black.","['Crime', 'Natural Disaster']",Black,"[1, 4]",3,fil
4994,"Sir May patay sa sunog, hindi na humihinga at Sir Hindi humihinga ang tao, CPR needed.","['Fire', 'Medical']",Black,"[0, 3]",3,fil
4995,"Boss May patay sa sunog, hindi na humihinga at Heart attack, stable pa pero urgent.","['Fire', 'Medical']",Black,"[0, 3]",3,fil
4996,"May crime at accident, yellow at Emergency.","['Accident', 'Crime', 'Other']",Yellow,"[2, 1, 5]",1,tl
4997,"May crime at fire, green at May nag-attempt ng break-in, na-scare off na.","['Crime', 'Fire']",Green,"[1, 0]",0,fil
4998,"May accident at medical, red at Ma'am May nahimatay pero nagising na, ok na.","['Accident', 'Medical']",Red,"[2, 3]",2,fil
4999,"Sir May bugbog, nasugatan ang biktima at Crime plus Natural Disaster, red.","['Crime', 'Natural Disaster']",Red,"[1, 4]",2,fil
5000,"Boss Holdap sa jeep, may nasaksak at Crime and Medical reported, black.","['Crime', 'Medical']",Black,"[1, 3]",3,fil
